Unnamed: 0,LOC_BLANK,BRANCH_COUNT,LOC_CODE_AND_COMMENT,LOC_COMMENTS,CYCLOMATIC_COMPLEXITY,DESIGN_COMPLEXITY,ESSENTIAL_COMPLEXITY,LOC_EXECUTABLE,HALSTEAD_CONTENT,HALSTEAD_DIFFICULTY,HALSTEAD_EFFORT,HALSTEAD_ERROR_EST,HALSTEAD_LENGTH,HALSTEAD_LEVEL,HALSTEAD_PROG_TIME,HALSTEAD_VOLUME,NUM_OPERANDS,NUM_OPERATORS,NUM_UNIQUE_OPERANDS,NUM_UNIQUE_OPERATORS,LOC_TOTAL,Defective
18202,1,1,0,0,1,1,1,9,42.67,3.56,539.44,0.05,41,0.28,29.97,151.72,16,25,9,4,9,N
17448,0,1,0,0,1,1,1,0,0.0,0.0,0.0,0.0,0,0.0,0.0,0.0,0,0,0,0,0,N
20133,0,3,0,0,2,2,1,0,7.86,2.5,49.13,0.01,7,0.4,2.73,19.65,2,5,2,5,0,N
15091,4,3,0,0,2,2,1,27,98.83,17.19,29200.73,0.57,290,0.06,1622.26,1698.81,119,171,45,13,27,N
14749,3,1,0,0,1,1,1,2,7.74,1.5,17.41,0.0,5,0.67,0.97,11.61,2,3,2,3,2,N
17137,0,3,0,0,2,1,1,0,0.0,0.0,0.0,0.0,0,0.0,0.0,0.0,0,0,0,0,0,N
17605,0,1,0,0,1,1,1,4,9.47,2.67,67.38,0.01,9,0.38,3.74,25.27,4,5,3,4,4,N
16957,2,5,0,2,3,2,1,9,16.86,7.0,826.2,0.04,31,0.14,45.9,118.03,14,17,7,7,9,N
18556,1,9,0,0,5,3,3,12,17.46,16.55,4779.2,0.1,63,0.06,265.51,288.85,28,35,11,13,12,N
15890,0,1,0,0,1,1,1,2,8.98,2.5,56.15,0.01,8,0.4,3.12,22.46,2,6,2,5,2,N
16248,0,1,0,0,1,1,1,0,5.33,1.5,12.0,0.0,4,0.67,0.67,8.0,1,3,1,3,0,N
20611,0,1,0,0,1,1,1,0,5.33,1.5,12.0,0.0,4,0.67,0.67,8.0,1,3,1,3,0,N
15386,0,1,0,0,1,1,1,0,0.0,0.0,0.0,0.0,1,0.0,0.0,0.0,0,1,0,1,0,N
15561,0,1,0,0,1,1,1,0,5.8,2.0,23.22,0.0,5,0.5,1.29,11.61,1,4,1,4,0,N
15141,6,7,11,1,4,3,1,14,34.23,10.32,3642.58,0.12,70,0.1,202.37,353.11,28,42,19,14,25,N
17076,0,1,0,0,1,1,1,0,7.74,1.5,17.41,0.0,5,0.67,0.97,11.61,2,3,2,3,0,N
18301,7,3,0,4,2,2,1,14,22.45,12.07,3271.7,0.09,57,0.08,181.76,271.03,26,31,14,13,14,N
15031,2,3,2,0,2,2,1,5,8.54,5.83,290.67,0.02,15,0.17,16.14,49.83,5,10,3,7,7,N
22915,8,27,0,0,14,8,1,40,45.28,27.61,34524.47,0.42,240,0.04,1918.03,1250.27,81,159,22,15,40,N
14939,0,1,0,0,1,1,1,2,7.74,1.5,17.41,0.0,5,0.67,0.97,11.61,2,3,2,3,2,N
16590,2,23,9,6,17,15,7,43,34.14,30.0,30723.65,0.34,172,0.03,1706.87,1024.11,64,108,32,30,52,N
23276,0,1,0,0,1,1,1,0,7.74,1.5,17.41,0.0,5,0.67,0.97,11.61,2,3,2,3,0,N
18075,0,1,0,0,1,1,1,1,7.74,1.5,17.41,0.0,5,0.67,0.97,11.61,2,3,2,3,1,N
23532,1,1,0,4,1,1,1,4,21.67,1.8,70.2,0.01,13,0.56,3.9,39.0,6,7,5,3,4,N
17219,0,1,0,0,1,1,1,0,5.33,1.5,12.0,0.0,4,0.67,0.67,8.0,1,3,1,3,0,N
18887,0,3,0,0,2,1,1,0,0.0,0.0,0.0,0.0,0,0.0,0.0,0.0,0,0,0,0,0,N
18130,0,1,0,0,1,1,1,2,8.98,2.5,56.15,0.01,8,0.4,3.12,22.46,2,6,2,5,2,N
21301,0,1,0,0,1,1,1,4,21.8,4.4,422.0,0.03,23,0.23,23.44,95.91,11,12,10,8,4,N
22473,0,1,0,0,1,1,1,0,5.8,2.0,23.22,0.0,5,0.5,1.29,11.61,1,4,1,4,0,N
22973,0,1,2,0,1,1,1,2,21.67,1.8,70.2,0.01,13,0.56,3.9,39.0,6,7,5,3,4,N
21632,0,1,0,0,1,1,1,0,7.75,2.0,31.02,0.01,6,0.5,1.72,15.51,2,4,2,4,0,N
20551,0,1,0,0,1,1,1,0,9.83,2.0,39.3,0.01,7,0.5,2.18,19.65,3,4,3,4,0,N
17681,0,1,0,0,1,1,1,0,8.3,6.0,298.97,0.02,15,0.17,16.61,49.83,3,12,2,8,0,N
22635,0,1,0,0,1,1,1,0,12.18,3.0,109.62,0.01,11,0.33,6.09,36.54,4,7,4,6,0,N
14109,18,18,15,27,1,1,1,67,28.6,47.67,64981.35,0.45,238,0.02,3610.07,1363.25,99,139,27,26,82,N
19347,0,1,0,0,1,1,1,0,5.33,1.5,12.0,0.0,4,0.67,0.67,8.0,1,3,1,3,0,N
16322,0,1,0,0,1,1,1,0,5.33,1.5,12.0,0.0,4,0.67,0.67,8.0,1,3,1,3,0,N
19096,1,5,0,3,3,3,1,19,19.07,10.91,2270.01,0.07,46,0.09,126.11,208.08,20,26,11,12,19,N
22110,0,8,0,0,7,1,1,17,31.08,5.38,901.23,0.06,37,0.19,50.07,167.37,14,23,13,10,17,N
19768,0,1,0,0,1,1,1,0,6.55,3.0,58.95,0.01,7,0.33,3.28,19.65,1,6,1,6,0,N
21045,1,1,0,1,1,1,1,3,16.64,4.0,266.27,0.02,21,0.25,14.79,66.57,10,11,5,4,3,N
16201,0,3,0,0,2,2,1,4,10.88,5.6,341.29,0.02,17,0.18,18.96,60.94,8,9,5,7,4,N
23188,0,1,0,0,1,1,1,0,6.55,3.0,58.95,0.01,7,0.33,3.28,19.65,1,6,1,6,0,N
21970,0,1,0,0,1,1,1,2,5.33,1.5,12.0,0.0,4,0.67,0.67,8.0,1,3,1,3,2,N
21375,2,3,0,0,2,2,1,17,39.15,16.88,11148.9,0.22,125,0.06,619.38,660.68,54,71,24,15,17,N
14181,2,3,4,0,2,1,1,4,8.76,10.0,875.69,0.03,23,0.1,48.65,87.57,8,15,4,10,8,N
14096,18,18,15,27,1,1,1,67,31.0,44.38,61064.32,0.46,238,0.02,3392.46,1375.96,99,139,29,26,82,N
16360,0,1,0,0,1,1,1,0,5.33,1.5,12.0,0.0,4,0.67,0.67,8.0,1,3,1,3,0,N
19931,0,1,0,0,1,1,1,2,7.74,1.5,17.41,0.0,5,0.67,0.97,11.61,2,3,2,3,2,N
16994,1,3,0,2,2,1,1,6,18.6,5.25,512.78,0.03,25,0.19,28.49,97.67,12,13,8,7,6,N
22754,1,3,0,0,2,2,1,7,14.78,8.57,1086.1,0.04,31,0.12,60.34,126.71,12,19,7,10,7,N
19337,0,1,0,0,1,1,1,0,9.51,3.0,85.59,0.01,9,0.33,4.75,28.53,3,6,3,6,0,N
16130,0,1,0,0,1,1,1,0,7.74,1.5,17.41,0.0,5,0.67,0.97,11.61,2,3,2,3,0,N
21581,1,3,0,2,2,2,1,12,14.73,8.94,1176.94,0.04,31,0.11,65.39,131.69,13,18,8,11,12,N
21594,2,7,0,0,4,2,3,11,12.35,16.0,3162.47,0.07,45,0.06,175.69,197.65,16,29,7,14,11,N
16054,0,1,0,0,1,1,1,0,5.33,1.5,12.0,0.0,4,0.67,0.67,8.0,1,3,1,3,0,N
19533,0,1,0,0,1,1,1,0,8.3,6.0,298.97,0.02,15,0.17,16.61,49.83,3,12,2,8,0,N
18192,3,5,0,3,3,3,1,19,18.24,22.91,9574.79,0.14,90,0.04,531.93,417.95,36,54,11,14,19,N
19438,0,3,0,0,2,1,1,0,7.75,2.0,31.02,0.01,6,0.5,1.72,15.51,2,4,2,4,0,N
18793,0,3,0,0,2,1,1,4,12.33,4.8,284.19,0.02,16,0.21,15.79,59.21,6,10,5,8,4,N
23204,0,1,0,0,1,1,1,0,5.33,1.5,12.0,0.0,4,0.67,0.67,8.0,1,3,1,3,0,N
16509,0,1,0,0,1,1,1,0,7.74,1.5,17.41,0.0,5,0.67,0.97,11.61,2,3,2,3,0,N
14839,1,1,0,0,1,1,1,2,7.74,1.5,17.41,0.0,5,0.67,0.97,11.61,2,3,2,3,2,N
19546,0,1,0,0,1,1,1,0,7.75,2.0,31.02,0.01,6,0.5,1.72,15.51,2,4,2,4,0,N
23239,0,1,0,0,1,1,1,0,7.74,1.5,17.41,0.0,5,0.67,0.97,11.61,2,3,2,3,0,N
18557,0,1,0,0,1,1,1,4,9.47,2.67,67.38,0.01,9,0.38,3.74,25.27,4,5,3,4,4,N
21502,0,1,0,0,1,1,1,0,7.75,2.0,31.02,0.01,6,0.5,1.72,15.51,2,4,2,4,0,N
22021,0,1,0,0,1,1,1,2,6.2,2.5,38.77,0.01,6,0.4,2.15,15.51,1,5,1,5,2,N
21993,0,1,0,0,1,1,1,0,7.75,2.0,31.02,0.01,6,0.5,1.72,15.51,2,4,2,4,0,N
21161,11,1,0,19,1,1,1,6,34.06,2.0,136.23,0.02,19,0.5,7.57,68.11,8,11,8,4,6,N
16184,0,1,0,0,1,1,1,0,7.75,2.0,31.02,0.01,6,0.5,1.72,15.51,2,4,2,4,0,N
17540,7,3,0,0,2,2,1,7,7.35,8.0,470.48,0.02,17,0.13,26.14,58.81,6,11,3,8,7,N
23254,0,1,0,0,1,1,1,0,12.68,2.5,79.25,0.01,10,0.4,4.4,31.7,4,6,4,5,0,N
19808,0,1,0,0,1,1,1,0,5.33,1.5,12.0,0.0,4,0.67,0.67,8.0,1,3,1,3,0,N
16305,0,1,0,0,1,1,1,0,7.74,1.5,17.41,0.0,5,0.67,0.97,11.61,2,3,2,3,0,N
16647,8,17,32,3,13,10,4,48,34.8,34.72,41961.57,0.4,212,0.03,2331.2,1208.49,75,137,27,25,80,N
21972,0,1,0,0,1,1,1,0,5.33,1.5,12.0,0.0,4,0.67,0.67,8.0,1,3,1,3,0,N
18777,0,1,0,0,1,1,1,2,9.49,3.5,116.27,0.01,10,0.29,6.46,33.22,3,7,3,7,2,N
15791,0,1,0,0,1,1,1,0,7.74,1.5,17.41,0.0,5,0.67,0.97,11.61,2,3,2,3,0,N
23513,4,1,5,5,1,1,1,3,24.91,5.33,708.45,0.04,34,0.19,39.36,132.83,16,18,9,6,8,N
18338,0,1,0,1,1,1,1,2,12.55,4.0,200.76,0.02,14,0.25,11.15,50.19,4,10,4,8,2,N
20369,0,1,0,0,1,1,1,0,9.51,3.0,85.59,0.01,9,0.33,4.75,28.53,3,6,3,6,0,N
14901,0,1,0,0,1,1,1,2,7.74,1.5,17.41,0.0,5,0.67,0.97,11.61,2,3,2,3,2,N
20649,0,1,0,0,1,1,1,0,7.75,2.0,31.02,0.01,6,0.5,1.72,15.51,2,4,2,4,0,N
15623,0,1,0,0,1,1,1,0,5.33,1.5,12.0,0.0,4,0.67,0.67,8.0,1,3,1,3,0,N
15419,0,1,0,0,1,1,1,0,5.33,1.5,12.0,0.0,4,0.67,0.67,8.0,1,3,1,3,0,N
15744,0,1,0,0,1,1,1,0,6.2,2.5,38.77,0.01,6,0.4,2.15,15.51,1,5,1,5,0,N
19487,0,1,0,0,1,1,1,0,6.55,3.0,58.95,0.01,7,0.33,3.28,19.65,1,6,1,6,0,N
18467,0,3,0,0,2,2,1,5,17.22,4.08,287.09,0.02,19,0.24,15.95,70.31,7,12,6,7,5,N
15297,0,1,0,0,1,1,1,0,16.84,1.5,37.9,0.01,9,0.67,2.11,25.27,4,5,4,3,0,N
15350,0,1,0,0,1,1,1,1,0.0,0.0,0.0,0.0,1,0.0,0.0,0.0,0,1,0,1,1,N
16018,0,1,0,0,1,1,1,0,7.74,1.5,17.41,0.0,5,0.67,0.97,11.61,2,3,2,3,0,N
17796,0,1,0,0,1,1,1,0,0.0,0.0,0.0,0.0,1,0.0,0.0,0.0,0,1,0,1,0,N
21918,0,1,0,1,1,1,1,2,5.8,2.0,23.22,0.0,5,0.5,1.29,11.61,1,4,1,4,2,N
21998,0,1,0,0,1,1,1,2,6.2,2.5,38.77,0.01,6,0.4,2.15,15.51,1,5,1,5,2,N
14294,0,1,0,0,1,1,1,0,0.0,0.0,0.0,0.0,1,0.0,0.0,0.0,0,1,0,1,0,N
20247,0,1,0,0,1,1,1,2,6.2,2.5,38.77,0.01,6,0.4,2.15,15.51,1,5,1,5,2,N
14931,0,1,0,0,1,1,1,2,7.74,1.5,17.41,0.0,5,0.67,0.97,11.61,2,3,2,3,2,N
22553,0,1,0,0,1,1,1,0,7.74,1.5,17.41,0.0,5,0.67,0.97,11.61,2,3,2,3,0,N
21438,0,1,0,0,1,1,1,0,5.33,1.5,12.0,0.0,4,0.67,0.67,8.0,1,3,1,3,0,N
16649,8,17,32,3,13,10,4,48,34.8,34.72,41961.57,0.4,212,0.03,2331.2,1208.49,75,137,27,25,80,N
19577,0,1,0,0,1,1,1,2,8.98,2.5,56.15,0.01,8,0.4,3.12,22.46,2,6,2,5,2,N
16238,0,1,0,0,1,1,1,2,5.33,1.5,12.0,0.0,4,0.67,0.67,8.0,1,3,1,3,2,N
20531,0,3,0,0,2,2,1,0,6.69,7.5,376.42,0.02,14,0.13,20.91,50.19,5,9,3,9,0,N
15067,0,3,1,0,2,1,1,2,3.48,4.0,55.73,0.0,6,0.25,3.1,13.93,2,4,1,4,3,N
17919,0,1,0,0,1,1,1,3,12.0,2.5,75.0,0.01,10,0.4,4.17,30.0,3,7,3,5,3,N
14803,0,1,0,0,1,1,1,2,7.74,1.5,17.41,0.0,5,0.67,0.97,11.61,2,3,2,3,2,N
18425,1,5,0,3,3,3,1,19,19.07,10.91,2270.01,0.07,46,0.09,126.11,208.08,20,26,11,12,19,N
15334,0,1,0,0,1,1,1,0,5.33,1.5,12.0,0.0,4,0.67,0.67,8.0,1,3,1,3,0,N
17155,4,7,1,8,4,1,1,23,25.56,20.0,10223.25,0.17,113,0.05,567.96,511.16,52,61,13,10,24,N
17184,3,5,6,7,3,1,1,7,18.89,8.44,1345.03,0.05,39,0.12,74.72,159.41,15,24,8,9,13,N
14538,0,1,0,0,1,1,1,2,8.98,2.5,56.15,0.01,8,0.4,3.12,22.46,2,6,2,5,2,N
20731,10,9,2,7,5,3,1,23,28.49,33.47,31908.79,0.32,189,0.03,1772.71,953.39,63,126,16,17,25,N
23027,0,3,0,0,2,2,1,0,7.75,2.0,31.02,0.01,6,0.5,1.72,15.51,2,4,2,4,0,N
19022,0,1,0,0,1,1,1,0,7.75,2.0,31.02,0.01,6,0.5,1.72,15.51,2,4,2,4,0,N
17478,0,1,0,0,1,1,1,0,12.68,2.5,79.25,0.01,10,0.4,4.4,31.7,4,6,4,5,0,N
23059,0,1,0,0,1,1,1,0,7.75,2.0,31.02,0.01,6,0.5,1.72,15.51,2,4,2,4,0,N
14258,0,1,0,0,1,1,1,0,8.6,7.5,483.97,0.02,18,0.13,26.89,64.53,5,13,3,9,0,N
15075,15,29,6,1,15,2,1,41,47.28,10.12,4839.44,0.16,103,0.1,268.86,478.32,43,60,17,8,47,N
16383,0,1,0,0,1,1,1,0,7.74,1.5,17.41,0.0,5,0.67,0.97,11.61,2,3,2,3,0,N
14473,0,1,0,0,1,1,1,0,5.33,1.5,12.0,0.0,4,0.67,0.67,8.0,1,3,1,3,0,N
19625,0,1,0,0,1,1,1,0,5.33,1.5,12.0,0.0,4,0.67,0.67,8.0,1,3,1,3,0,N
22599,3,1,0,0,1,1,1,2,7.75,2.0,31.02,0.01,6,0.5,1.72,15.51,2,4,2,4,2,N
16908,0,1,0,0,1,1,1,0,7.86,2.5,49.13,0.01,7,0.4,2.73,19.65,2,5,2,5,0,N
21015,0,1,0,0,1,1,1,2,7.83,4.67,170.53,0.01,11,0.21,9.47,36.54,4,7,3,7,2,N
21378,0,1,0,0,1,1,1,9,22.08,10.5,2434.85,0.08,52,0.1,135.27,231.89,21,31,11,11,9,N
16934,0,1,0,0,1,1,1,0,5.33,1.5,12.0,0.0,4,0.67,0.67,8.0,1,3,1,3,0,N
17867,2,9,3,1,5,4,1,24,59.86,9.63,5545.05,0.19,109,0.1,308.06,576.11,49,60,28,11,27,N
15820,0,1,0,0,1,1,1,0,5.33,1.5,12.0,0.0,4,0.67,0.67,8.0,1,3,1,3,0,N
19471,0,1,0,0,1,1,1,0,5.33,1.5,12.0,0.0,4,0.67,0.67,8.0,1,3,1,3,0,N
23232,0,1,0,0,1,1,1,0,9.51,3.0,85.59,0.01,9,0.33,4.75,28.53,3,6,3,6,0,N
15412,0,1,0,0,1,1,1,0,5.33,1.5,12.0,0.0,4,0.67,0.67,8.0,1,3,1,3,0,N
16377,0,1,0,0,1,1,1,0,7.74,1.5,17.41,0.0,5,0.67,0.97,11.61,2,3,2,3,0,N
22144,2,1,0,1,1,1,1,1,0.0,0.0,0.0,0.0,1,0.0,0.0,0.0,0,1,0,1,1,N
22277,0,1,0,0,1,1,1,0,5.33,1.5,12.0,0.0,4,0.67,0.67,8.0,1,3,1,3,0,N
16301,0,1,0,0,1,1,1,0,16.5,2.0,66.0,0.01,11,0.5,3.67,33.0,4,7,4,4,0,N
15082,3,3,5,0,2,1,1,8,24.82,8.4,1751.07,0.07,51,0.12,97.28,208.46,24,27,10,7,13,N
15403,0,1,0,0,1,1,1,0,5.33,1.5,12.0,0.0,4,0.67,0.67,8.0,1,3,1,3,0,N
18835,0,1,0,0,1,1,1,0,0.0,0.0,0.0,0.0,1,0.0,0.0,0.0,0,1,0,1,0,N
19389,0,1,0,0,1,1,1,0,7.75,2.0,31.02,0.01,6,0.5,1.72,15.51,2,4,2,4,0,N
18690,0,1,0,0,1,1,1,0,5.33,1.5,12.0,0.0,4,0.67,0.67,8.0,1,3,1,3,0,N
21662,0,1,0,0,1,1,1,0,6.55,3.0,58.95,0.01,7,0.33,3.28,19.65,1,6,1,6,0,N
19263,0,3,0,0,2,2,1,5,17.22,4.08,287.09,0.02,19,0.24,15.95,70.31,7,12,6,7,5,N
16953,0,1,0,0,1,1,1,0,7.74,1.5,17.41,0.0,5,0.67,0.97,11.61,2,3,2,3,0,N
22631,0,1,0,0,1,1,1,0,7.75,2.0,31.02,0.01,6,0.5,1.72,15.51,2,4,2,4,0,N
14952,0,1,0,0,1,1,1,2,7.74,1.5,17.41,0.0,5,0.67,0.97,11.61,2,3,2,3,2,N
15218,0,1,0,0,1,1,1,0,0.0,0.0,0.0,0.0,1,0.0,0.0,0.0,0,1,0,1,0,N
20438,0,1,0,0,1,1,1,2,5.33,1.5,12.0,0.0,4,0.67,0.67,8.0,1,3,1,3,2,N
22378,0,1,0,0,1,1,1,0,5.33,1.5,12.0,0.0,4,0.67,0.67,8.0,1,3,1,3,0,N
22777,0,3,0,0,2,2,1,4,11.99,6.67,533.03,0.03,21,0.15,29.61,79.95,10,11,6,8,4,N
15867,0,1,0,0,1,1,1,0,7.86,2.5,49.13,0.01,7,0.4,2.73,19.65,2,5,2,5,0,N
21990,0,1,0,0,1,1,1,0,7.75,2.0,31.02,0.01,6,0.5,1.72,15.51,2,4,2,4,0,N
23104,0,1,0,0,1,1,1,0,9.6,2.5,60.0,0.01,8,0.4,3.33,24.0,3,5,3,5,0,N
14956,0,1,0,0,1,1,1,2,7.74,1.5,17.41,0.0,5,0.67,0.97,11.61,2,3,2,3,2,N
16797,0,1,0,0,1,1,1,0,7.74,1.5,17.41,0.0,5,0.67,0.97,11.61,2,3,2,3,0,N
17354,0,1,0,0,1,1,1,0,7.75,2.0,31.02,0.01,6,0.5,1.72,15.51,2,4,2,4,0,N
14284,0,3,0,0,2,2,1,0,7.75,2.0,31.02,0.01,6,0.5,1.72,15.51,2,4,2,4,0,N
18312,4,5,0,1,3,1,1,15,15.86,13.3,2805.08,0.07,46,0.08,155.84,210.91,19,27,10,14,15,N
17205,20,23,3,48,12,5,6,50,22.06,40.8,36720.0,0.3,180,0.02,2040.0,900.0,72,108,15,17,53,N
20553,0,1,0,0,1,1,1,0,7.74,1.5,17.41,0.0,5,0.67,0.97,11.61,2,3,2,3,0,N
17336,0,1,0,0,1,1,1,0,7.75,2.0,31.02,0.01,6,0.5,1.72,15.51,2,4,2,4,0,N
20018,0,3,0,0,2,2,1,6,12.55,4.5,254.13,0.02,17,0.22,14.12,56.47,6,11,4,6,6,N
15992,0,1,0,0,1,1,1,0,7.74,1.5,17.41,0.0,5,0.67,0.97,11.61,2,3,2,3,0,N
18037,6,11,0,6,6,4,6,23,39.72,13.8,7564.59,0.18,103,0.07,420.25,548.16,46,57,25,15,23,N
22160,0,1,0,0,1,1,1,0,0.0,0.0,0.0,0.0,0,0.0,0.0,0.0,0,0,0,0,0,N
15499,0,1,0,0,1,1,1,0,5.33,1.5,12.0,0.0,4,0.67,0.67,8.0,1,3,1,3,0,N
22723,12,25,5,12,13,10,9,87,69.2,35.36,86504.3,0.82,387,0.03,4805.79,2446.59,165,222,56,24,92,N
22290,0,1,0,0,1,1,1,0,7.75,2.0,31.02,0.01,6,0.5,1.72,15.51,2,4,2,4,0,N
15699,0,3,0,0,2,2,1,4,11.99,6.67,533.03,0.03,21,0.15,29.61,79.95,10,11,6,8,4,N
19253,0,1,0,0,1,1,1,0,7.74,1.5,17.41,0.0,5,0.67,0.97,11.61,2,3,2,3,0,N
19747,0,1,0,0,1,1,1,0,0.0,0.0,0.0,0.0,0,0.0,0.0,0.0,0,0,0,0,0,N
14987,0,1,0,0,1,1,1,2,7.74,1.5,17.41,0.0,5,0.67,0.97,11.61,2,3,2,3,2,N
14085,0,1,0,0,1,1,1,0,0.0,0.0,0.0,0.0,1,0.0,0.0,0.0,0,1,0,1,0,N
15370,0,1,0,0,1,1,1,0,0.0,0.0,0.0,0.0,2,0.0,0.0,2.0,0,2,0,2,0,N
19779,0,1,0,0,1,1,1,0,5.8,2.0,23.22,0.0,5,0.5,1.29,11.61,1,4,1,4,0,N
14809,0,1,0,0,1,1,1,2,7.74,1.5,17.41,0.0,5,0.67,0.97,11.61,2,3,2,3,2,N
14526,0,1,0,0,1,1,1,2,5.33,1.5,12.0,0.0,4,0.67,0.67,8.0,1,3,1,3,2,N
18337,3,3,0,20,2,2,1,9,13.2,6.67,586.67,0.03,22,0.15,32.59,88.0,8,14,6,10,9,N
15000,4,5,3,0,3,2,1,6,14.46,7.5,813.14,0.04,26,0.13,45.17,108.42,12,14,8,10,9,N
16700,0,1,0,0,1,1,1,3,13.2,2.5,82.5,0.01,11,0.4,4.58,33.0,5,6,4,4,3,N
14110,18,18,14,27,1,1,1,67,31.0,44.38,61064.32,0.46,238,0.02,3392.46,1375.96,99,139,29,26,81,N
19406,0,1,0,0,1,1,1,0,9.6,2.5,60.0,0.01,8,0.4,3.33,24.0,3,5,3,5,0,N
23537,0,1,2,1,1,1,1,2,21.67,1.8,70.2,0.01,13,0.56,3.9,39.0,6,7,5,3,4,N
21696,0,3,0,0,2,2,1,0,9.32,5.0,233.02,0.02,13,0.2,12.95,46.6,5,8,4,8,0,N
15013,2,3,3,0,2,2,1,2,11.07,4.38,211.89,0.02,14,0.23,11.77,48.43,5,9,4,7,5,N
15937,0,1,0,0,1,1,1,0,9.51,3.0,85.59,0.01,9,0.33,4.75,28.53,3,6,3,6,0,N
18781,1,1,0,1,1,1,1,3,10.82,5.83,368.18,0.02,19,0.17,20.45,63.12,5,14,3,7,3,N
15676,0,1,0,0,1,1,1,0,0.0,0.0,0.0,0.0,3,0.0,0.0,4.75,0,3,0,3,0,N
21851,0,1,0,0,1,1,1,0,7.74,1.5,17.41,0.0,5,0.67,0.97,11.61,2,3,2,3,0,N
21860,3,1,0,0,1,1,1,2,7.75,2.0,31.02,0.01,6,0.5,1.72,15.51,2,4,2,4,2,N
14811,0,1,0,0,1,1,1,2,7.74,1.5,17.41,0.0,5,0.67,0.97,11.61,2,3,2,3,2,N
14611,11,23,4,18,12,10,11,40,62.52,23.8,35411.97,0.5,265,0.04,1967.33,1487.9,119,146,35,14,44,N
21322,0,1,0,0,1,1,1,6,22.64,7.0,1109.2,0.05,38,0.14,61.62,158.46,14,24,9,9,6,N
21419,3,3,0,9,2,1,1,5,14.41,3.6,186.81,0.02,15,0.28,10.38,51.89,6,9,5,6,5,N
18411,0,3,0,0,2,2,1,10,11.59,9.17,974.18,0.04,26,0.11,54.12,106.27,10,16,6,11,10,N
15603,0,1,0,0,1,1,1,0,0.0,0.0,0.0,0.0,3,0.0,0.0,4.75,0,3,0,3,0,N
16446,0,1,0,0,1,1,1,0,5.33,1.5,12.0,0.0,4,0.67,0.67,8.0,1,3,1,3,0,N
21846,0,1,0,0,1,1,1,0,7.75,2.0,31.02,0.01,6,0.5,1.72,15.51,2,4,2,4,0,N
17405,1,5,0,3,3,3,1,19,19.07,10.91,2270.01,0.07,46,0.09,126.11,208.08,20,26,11,12,19,N
23063,0,5,0,0,3,2,1,7,11.89,13.13,2048.55,0.05,35,0.08,113.81,156.08,15,20,8,14,7,N
19814,0,1,0,0,1,1,1,0,9.51,3.0,85.59,0.01,9,0.33,4.75,28.53,3,6,3,6,0,N
18376,11,31,2,1,16,8,16,62,36.13,35.2,44768.42,0.42,221,0.03,2487.13,1271.83,88,133,30,24,64,N
21717,0,3,0,0,2,2,1,5,17.22,4.08,287.09,0.02,19,0.24,15.95,70.31,7,12,6,7,5,N
17647,0,1,0,0,1,1,1,0,0.0,0.0,0.0,0.0,0,0.0,0.0,0.0,0,0,0,0,0,N
19123,0,1,0,0,1,1,1,0,9.31,2.5,58.16,0.01,9,0.4,3.23,23.26,1,8,1,5,0,N
23382,0,1,0,0,1,1,1,0,5.33,1.5,12.0,0.0,4,0.67,0.67,8.0,1,3,1,3,0,N
21831,0,1,0,0,1,1,1,6,17.51,5.0,437.85,0.03,23,0.2,24.32,87.57,10,13,7,7,6,N
16300,0,1,0,0,1,1,1,0,5.33,1.5,12.0,0.0,4,0.67,0.67,8.0,1,3,1,3,0,N
22448,2,5,0,1,3,2,1,23,19.78,20.04,7940.87,0.13,80,0.05,441.16,396.34,33,47,14,17,23,N
23480,0,1,0,0,1,1,1,0,7.75,2.0,31.02,0.01,6,0.5,1.72,15.51,2,4,2,4,0,N
22028,16,1,0,0,1,1,1,10,24.53,6.8,1134.22,0.06,40,0.15,63.01,166.8,17,23,10,8,10,N
18126,0,1,0,0,1,1,1,0,7.75,2.0,31.02,0.01,6,0.5,1.72,15.51,2,4,2,4,0,N
18077,3,1,0,0,1,1,1,2,7.75,2.0,31.02,0.01,6,0.5,1.72,15.51,2,4,2,4,2,N
21405,1,1,0,0,1,1,1,6,21.58,5.25,594.82,0.04,29,0.19,33.05,113.3,12,17,8,7,6,N
15253,1,1,0,0,1,1,1,4,5.43,8.75,416.05,0.02,15,0.11,23.11,47.55,5,10,2,7,4,N
23488,6,1,0,0,1,1,1,13,35.16,5.0,879.05,0.06,45,0.2,48.84,175.81,20,25,10,5,13,N
20676,0,1,0,0,1,1,1,2,5.33,1.5,12.0,0.0,4,0.67,0.67,8.0,1,3,1,3,2,N
21542,0,1,0,0,1,1,1,3,12.0,2.5,75.0,0.01,10,0.4,4.17,30.0,3,7,3,5,3,N
23237,0,3,0,0,2,2,1,4,13.67,6.0,492.27,0.03,21,0.17,27.35,82.04,6,15,5,10,4,N
21205,3,7,0,2,4,3,1,15,25.89,8.25,1762.34,0.07,46,0.12,97.91,213.62,21,25,14,11,15,N
15383,0,1,0,0,1,1,1,0,7.74,1.5,17.41,0.0,5,0.67,0.97,11.61,2,3,2,3,0,N
23340,0,1,0,0,1,1,1,1,7.74,1.5,17.41,0.0,5,0.67,0.97,11.61,2,3,2,3,1,N
19080,0,1,0,0,1,1,1,0,5.33,1.5,12.0,0.0,4,0.67,0.67,8.0,1,3,1,3,0,N
19775,0,1,0,0,1,1,1,0,7.75,2.0,31.02,0.01,6,0.5,1.72,15.51,2,4,2,4,0,N
17153,4,7,1,8,4,1,1,23,25.56,20.0,10223.25,0.17,113,0.05,567.96,511.16,52,61,13,10,24,N
15648,0,1,0,0,1,1,1,0,7.74,1.5,17.41,0.0,5,0.67,0.97,11.61,2,3,2,3,0,N
17342,0,1,0,0,1,1,1,0,8.3,6.0,298.97,0.02,15,0.17,16.61,49.83,3,12,2,8,0,N
20704,3,7,0,4,1,1,1,27,34.35,13.68,6431.58,0.16,94,0.07,357.31,470.0,40,54,19,13,27,N
20173,0,1,0,0,1,1,1,1,7.74,1.5,17.41,0.0,5,0.67,0.97,11.61,2,3,2,3,1,N
16909,0,1,0,0,1,1,1,0,0.0,0.0,0.0,0.0,3,0.0,0.0,4.75,0,3,0,3,0,N
17687,0,1,0,0,1,1,1,0,7.75,2.0,31.02,0.01,6,0.5,1.72,15.51,2,4,2,4,0,N
22535,0,1,0,0,1,1,1,0,5.33,1.5,12.0,0.0,4,0.67,0.67,8.0,1,3,1,3,0,N
21261,2,7,0,6,4,3,1,16,11.2,18.2,3710.99,0.07,48,0.05,206.17,203.9,13,35,5,14,16,N
16098,0,1,0,0,1,1,1,0,5.33,1.5,12.0,0.0,4,0.67,0.67,8.0,1,3,1,3,0,N
18293,1,1,0,7,1,1,1,9,41.68,6.43,1722.6,0.09,62,0.16,95.7,267.96,30,32,14,6,9,N
21323,1,1,0,0,1,1,1,6,22.64,7.0,1109.2,0.05,38,0.14,61.62,158.46,14,24,9,9,6,N
19755,0,1,0,0,1,1,1,3,9.9,3.33,110.0,0.01,11,0.3,6.11,33.0,4,7,3,5,3,N
21446,0,1,0,0,1,1,1,0,8.3,6.67,369.01,0.02,16,0.15,20.5,55.35,5,11,3,8,0,N
15799,0,1,0,0,1,1,1,0,7.74,1.5,17.41,0.0,5,0.67,0.97,11.61,2,3,2,3,0,N
18610,0,1,0,0,1,1,1,2,5.33,1.5,12.0,0.0,4,0.67,0.67,8.0,1,3,1,3,2,N
16461,0,1,0,0,1,1,1,0,7.74,1.5,17.41,0.0,5,0.67,0.97,11.61,2,3,2,3,0,N
15812,0,1,0,0,1,1,1,0,7.75,2.0,31.02,0.01,6,0.5,1.72,15.51,2,4,2,4,0,N
22624,0,1,0,0,1,1,1,0,7.75,2.0,31.02,0.01,6,0.5,1.72,15.51,2,4,2,4,0,N
17766,3,1,0,0,1,1,1,2,7.75,2.0,31.02,0.01,6,0.5,1.72,15.51,2,4,2,4,2,N
18696,0,1,0,0,1,1,1,0,5.33,1.5,12.0,0.0,4,0.67,0.67,8.0,1,3,1,3,0,N
16714,0,3,0,0,2,1,1,5,10.41,6.4,426.29,0.02,18,0.16,23.68,66.61,8,10,5,8,5,N
20455,0,1,0,0,1,1,1,0,5.8,2.0,23.22,0.0,5,0.5,1.29,11.61,1,4,1,4,0,N
21201,7,30,2,0,17,9,5,60,41.38,30.74,39089.48,0.42,219,0.03,2171.64,1271.81,95,124,34,22,62,N
21888,0,3,0,0,2,1,1,0,0.0,0.0,0.0,0.0,0,0.0,0.0,0.0,0,0,0,0,0,N
21855,0,1,0,0,1,1,1,0,5.8,2.0,23.22,0.0,5,0.5,1.29,11.61,1,4,1,4,0,N
18591,0,1,0,0,1,1,1,0,0.0,0.0,0.0,0.0,0,0.0,0.0,0.0,0,0,0,0,0,N
16955,0,1,0,0,1,1,1,0,7.74,1.5,17.41,0.0,5,0.67,0.97,11.61,2,3,2,3,0,N
16723,0,1,0,0,1,1,1,0,5.33,1.5,12.0,0.0,4,0.67,0.67,8.0,1,3,1,3,0,N
20559,0,1,0,0,1,1,1,0,9.31,2.5,58.16,0.01,9,0.4,3.23,23.26,1,8,1,5,0,N
15226,42,1,38,75,1,1,1,5,142.01,9.77,13558.89,0.46,259,0.1,753.27,1387.61,114,145,35,6,43,N
17954,0,1,0,0,1,1,1,0,9.0,3.0,81.0,0.01,9,0.33,4.5,27.0,2,7,2,6,0,N
23365,0,1,0,0,1,1,1,0,0.0,0.0,0.0,0.0,0,0.0,0.0,0.0,0,0,0,0,0,N
17474,0,1,0,0,1,1,1,3,9.51,3.0,85.59,0.01,9,0.33,4.75,28.53,3,6,3,6,3,N
18033,3,5,1,1,3,3,1,8,26.24,9.38,2305.97,0.08,56,0.11,128.11,245.97,25,31,12,9,9,N
23187,0,1,0,0,1,1,1,0,6.55,3.0,58.95,0.01,7,0.33,3.28,19.65,1,6,1,6,0,N
16375,0,1,0,0,1,1,1,0,7.74,1.5,17.41,0.0,5,0.67,0.97,11.61,2,3,2,3,0,N
18167,6,33,0,1,17,15,7,78,48.49,34.68,58312.98,0.56,295,0.03,3239.61,1681.63,131,164,34,18,78,N
19038,0,1,0,0,1,1,1,2,8.98,2.5,56.15,0.01,8,0.4,3.12,22.46,2,6,2,5,2,N
22176,0,1,0,0,1,1,1,0,7.75,2.0,31.02,0.01,6,0.5,1.72,15.51,2,4,2,4,0,N
20865,2,9,1,2,1,1,1,28,26.8,21.03,11848.79,0.19,109,0.05,658.27,563.52,47,62,19,17,29,N
16721,0,1,0,0,1,1,1,0,5.33,1.5,12.0,0.0,4,0.67,0.67,8.0,1,3,1,3,0,N
20607,0,1,0,0,1,1,1,0,5.33,1.5,12.0,0.0,4,0.67,0.67,8.0,1,3,1,3,0,N
21830,0,1,0,0,1,1,1,6,17.51,5.0,437.85,0.03,23,0.2,24.32,87.57,10,13,7,7,6,N
23463,0,1,0,0,1,1,1,3,9.51,3.0,85.59,0.01,9,0.33,4.75,28.53,3,6,3,6,3,N
14569,3,7,1,4,1,1,1,27,38.35,13.0,6481.43,0.17,98,0.08,360.08,498.57,42,56,21,13,28,N
16724,0,1,0,0,1,1,1,0,5.33,1.5,12.0,0.0,4,0.67,0.67,8.0,1,3,1,3,0,N
14831,1,1,0,0,1,1,1,2,7.74,1.5,17.41,0.0,5,0.67,0.97,11.61,2,3,2,3,2,N
15745,0,1,0,0,1,1,1,0,5.33,1.5,12.0,0.0,4,0.67,0.67,8.0,1,3,1,3,0,N
21379,0,1,0,0,1,1,1,9,22.08,10.5,2434.85,0.08,52,0.1,135.27,231.89,21,31,11,11,9,N
15095,1,1,0,0,1,1,1,2,7.74,1.5,17.41,0.0,5,0.67,0.97,11.61,2,3,2,3,2,N
22360,0,1,0,0,1,1,1,0,7.75,2.0,31.02,0.01,6,0.5,1.72,15.51,2,4,2,4,0,N
20754,1,7,1,1,4,1,1,18,19.65,14.0,3851.37,0.09,60,0.07,213.96,275.1,28,32,12,12,19,N
16606,2,23,9,6,17,15,7,43,34.14,30.0,30723.65,0.34,172,0.03,1706.87,1024.11,64,108,32,30,52,N
15130,0,1,0,0,1,1,1,2,7.74,1.5,17.41,0.0,5,0.67,0.97,11.61,2,3,2,3,2,N
22192,0,1,0,0,1,1,1,0,7.75,2.0,31.02,0.01,6,0.5,1.72,15.51,2,4,2,4,0,N
17857,0,1,0,0,1,1,1,0,5.33,1.5,12.0,0.0,4,0.67,0.67,8.0,1,3,1,3,0,N
22721,1,3,0,7,2,1,1,7,16.0,6.5,676.0,0.03,26,0.15,37.56,104.0,13,13,8,8,7,N
21957,0,1,0,0,1,1,1,0,7.86,2.5,49.13,0.01,7,0.4,2.73,19.65,2,5,2,5,0,N
18350,16,21,0,93,11,8,1,49,21.75,67.36,98690.19,0.49,270,0.01,5482.79,1465.09,97,173,18,25,49,N
23297,0,1,0,0,1,1,1,0,7.74,1.5,17.41,0.0,5,0.67,0.97,11.61,2,3,2,3,0,N
22017,0,1,0,0,1,1,1,2,9.97,4.0,159.45,0.01,12,0.25,8.86,39.86,2,10,2,8,2,N
19914,0,1,0,0,1,1,1,0,6.86,3.5,84.0,0.01,8,0.29,4.67,24.0,1,7,1,7,0,N
19987,0,1,0,0,1,1,1,2,7.74,1.5,17.41,0.0,5,0.67,0.97,11.61,2,3,2,3,2,N
19606,0,1,0,0,1,1,1,0,5.33,1.5,12.0,0.0,4,0.67,0.67,8.0,1,3,1,3,0,N
14797,1,1,0,0,1,1,1,2,7.74,1.5,17.41,0.0,5,0.67,0.97,11.61,2,3,2,3,2,N
17094,0,1,0,0,1,1,1,0,5.33,1.5,12.0,0.0,4,0.67,0.67,8.0,1,3,1,3,0,N
19895,0,1,0,0,1,1,1,0,7.75,2.0,31.02,0.01,6,0.5,1.72,15.51,2,4,2,4,0,N
20275,0,1,0,0,1,1,1,0,6.55,3.0,58.95,0.01,7,0.33,3.28,19.65,1,6,1,6,0,N
15200,0,5,0,0,3,1,3,11,10.66,7.5,599.66,0.03,21,0.13,33.31,79.95,6,15,4,10,11,N
17987,11,21,11,16,11,10,11,38,68.12,26.54,47985.65,0.6,322,0.04,2665.87,1807.94,147,175,36,13,49,N
19169,0,1,0,0,1,1,1,0,5.8,2.0,23.22,0.0,5,0.5,1.29,11.61,1,4,1,4,0,N
20086,1,1,1,10,1,1,1,3,21.59,2.0,86.37,0.01,13,0.5,4.8,43.19,6,7,6,4,4,N
20033,6,3,0,0,2,2,1,2,9.6,2.5,60.0,0.01,8,0.4,3.33,24.0,3,5,3,5,2,N
14222,3,5,5,0,3,1,1,6,13.67,11.43,1786.01,0.05,40,0.09,99.22,156.28,20,20,7,8,11,N
22694,11,1,0,10,1,1,1,9,86.0,1.6,220.17,0.05,33,0.63,12.23,137.61,16,17,15,3,9,N
19687,0,1,0,0,1,1,1,0,0.0,0.0,0.0,0.0,1,0.0,0.0,0.0,0,1,0,1,0,N
16215,0,1,0,0,1,1,1,0,7.75,2.0,31.02,0.01,6,0.5,1.72,15.51,2,4,2,4,0,N
15641,0,1,0,0,1,1,1,0,7.86,2.5,49.13,0.01,7,0.4,2.73,19.65,2,5,2,5,0,N
20333,0,1,0,0,1,1,1,3,12.0,2.5,75.0,0.01,10,0.4,4.17,30.0,3,7,3,5,3,N
22812,0,1,0,0,1,1,1,0,0.0,0.0,0.0,0.0,0,0.0,0.0,0.0,0,0,0,0,0,N
15388,0,1,0,0,1,1,1,0,7.74,1.5,17.41,0.0,5,0.67,0.97,11.61,2,3,2,3,0,N
16294,0,1,0,0,1,1,1,0,5.33,1.5,12.0,0.0,4,0.67,0.67,8.0,1,3,1,3,0,N
22308,0,1,0,0,1,1,1,0,7.75,2.0,31.02,0.01,6,0.5,1.72,15.51,2,4,2,4,0,N
15670,0,1,0,0,1,1,1,0,5.33,1.5,12.0,0.0,4,0.67,0.67,8.0,1,3,1,3,0,N
19810,0,1,0,0,1,1,1,0,7.75,2.0,31.02,0.01,6,0.5,1.72,15.51,2,4,2,4,0,N
19967,0,1,0,0,1,1,1,2,5.33,1.5,12.0,0.0,4,0.67,0.67,8.0,1,3,1,3,2,N
18980,0,1,0,0,1,1,1,2,13.5,2.0,54.0,0.01,9,0.5,3.0,27.0,4,5,4,4,2,N
19117,0,1,0,0,1,1,1,0,7.74,1.5,17.41,0.0,5,0.67,0.97,11.61,2,3,2,3,0,N
16932,0,1,0,0,1,1,1,0,5.33,1.5,12.0,0.0,4,0.67,0.67,8.0,1,3,1,3,0,N
17163,4,7,1,8,4,1,1,23,25.56,20.0,10223.25,0.17,113,0.05,567.96,511.16,52,61,13,10,24,N
14623,4,5,0,4,3,3,1,15,43.59,6.0,1569.11,0.09,55,0.17,87.17,261.51,24,31,18,9,15,N
18876,0,3,0,0,2,2,1,4,11.18,5.63,353.85,0.02,17,0.18,19.66,62.91,5,12,4,9,4,N
20798,8,39,1,16,1,1,1,64,32.06,61.5,121246.74,0.66,353,0.02,6735.93,1971.49,123,230,24,24,65,N
21901,0,1,0,0,1,1,1,0,7.75,2.0,31.02,0.01,6,0.5,1.72,15.51,2,4,2,4,0,N
14090,0,1,0,0,1,1,1,0,0.0,0.0,0.0,0.0,1,0.0,0.0,0.0,0,1,0,1,0,N
21350,0,1,0,0,1,1,1,8,33.01,8.25,2246.67,0.09,62,0.12,124.82,272.32,22,40,12,9,8,N
23428,0,1,0,0,1,1,1,0,7.86,2.5,49.13,0.01,7,0.4,2.73,19.65,2,5,2,5,0,N
23211,0,1,0,0,1,1,1,0,9.0,3.0,81.0,0.01,9,0.33,4.5,27.0,2,7,2,6,0,N
19925,0,1,0,0,1,1,1,2,5.33,1.5,12.0,0.0,4,0.67,0.67,8.0,1,3,1,3,2,N
16757,0,1,0,0,1,1,1,0,16.5,2.0,66.0,0.01,11,0.5,3.67,33.0,4,7,4,4,0,N
15866,0,1,0,0,1,1,1,0,7.75,2.0,31.02,0.01,6,0.5,1.72,15.51,2,4,2,4,0,N
20278,0,1,0,0,1,1,1,0,6.55,3.0,58.95,0.01,7,0.33,3.28,19.65,1,6,1,6,0,N
17068,0,1,0,0,1,1,1,0,7.74,1.5,17.41,0.0,5,0.67,0.97,11.61,2,3,2,3,0,N
21517,0,1,0,2,1,1,1,6,9.21,11.25,1165.64,0.03,28,0.09,64.76,103.61,10,18,4,9,6,N
15168,0,1,0,0,1,1,1,0,7.74,1.5,17.41,0.0,5,0.67,0.97,11.61,2,3,2,3,0,N
23195,0,1,0,0,1,1,1,0,5.33,1.5,12.0,0.0,4,0.67,0.67,8.0,1,3,1,3,0,N
22593,0,1,0,0,1,1,1,0,7.75,2.0,31.02,0.01,6,0.5,1.72,15.51,2,4,2,4,0,N
17582,6,3,0,0,2,2,1,4,9.08,5.33,258.3,0.02,14,0.19,14.35,48.43,4,10,3,8,4,N
17317,0,1,0,0,1,1,1,0,0.0,0.0,0.0,0.0,0,0.0,0.0,0.0,0,0,0,0,0,N
21408,0,1,0,0,1,1,1,0,7.74,1.5,17.41,0.0,5,0.67,0.97,11.61,2,3,2,3,0,N
14241,6,1,0,9,1,1,1,3,16.84,1.5,37.9,0.01,9,0.67,2.11,25.27,4,5,4,3,3,N
16891,0,1,0,0,1,1,1,0,5.33,1.5,12.0,0.0,4,0.67,0.67,8.0,1,3,1,3,0,N
23094,0,1,0,0,1,1,1,0,0.0,0.0,0.0,0.0,0,0.0,0.0,0.0,0,0,0,0,0,N
15479,0,1,0,0,1,1,1,0,0.0,0.0,0.0,0.0,1,0.0,0.0,0.0,0,1,0,1,0,N
22247,0,1,0,0,1,1,1,0,9.51,3.0,85.59,0.01,9,0.33,4.75,28.53,3,6,3,6,0,N
16943,0,1,0,0,1,1,1,0,5.33,1.5,12.0,0.0,4,0.67,0.67,8.0,1,3,1,3,0,N
17491,0,1,0,0,1,1,1,0,8.3,6.0,298.97,0.02,15,0.17,16.61,49.83,3,12,2,8,0,N
19092,2,13,1,8,7,6,6,54,25.11,40.0,40181.42,0.33,184,0.03,2232.3,1004.54,80,104,22,22,55,N
16187,0,3,0,0,2,2,1,5,17.22,4.08,287.09,0.02,19,0.24,15.95,70.31,7,12,6,7,5,N
20056,2,1,2,0,1,1,1,2,8.43,5.33,239.85,0.01,13,0.19,13.33,44.97,4,9,3,8,4,N
19061,0,3,0,0,2,2,1,4,13.67,6.0,492.27,0.03,21,0.17,27.35,82.04,6,15,5,10,4,N
17530,0,1,0,0,1,1,1,3,10.34,2.0,41.36,0.01,8,0.5,2.3,20.68,2,6,2,4,3,N
19668,0,1,0,0,1,1,1,0,9.83,2.0,39.3,0.01,7,0.5,2.18,19.65,3,4,3,4,0,N
14791,0,1,0,0,1,1,1,2,7.74,1.5,17.41,0.0,5,0.67,0.97,11.61,2,3,2,3,2,N
18607,0,1,0,0,1,1,1,4,27.47,1.5,61.81,0.01,13,0.67,3.43,41.21,6,7,6,3,4,N
21031,5,3,3,2,2,2,1,13,37.23,13.91,7206.53,0.17,98,0.07,400.36,517.97,40,58,23,16,16,N
15772,0,1,0,0,1,1,1,0,7.75,2.0,31.02,0.01,6,0.5,1.72,15.51,2,4,2,4,0,N
16557,6,15,12,1,8,4,4,16,19.61,21.53,9092.65,0.14,83,0.05,505.15,422.26,34,49,15,19,28,N
20414,0,1,0,0,1,1,1,0,6.2,2.5,38.77,0.01,6,0.4,2.15,15.51,1,5,1,5,0,N
23467,0,3,0,0,2,2,1,4,10.88,5.6,341.29,0.02,17,0.18,18.96,60.94,8,9,5,7,4,N
19201,0,1,0,0,1,1,1,0,5.33,1.5,12.0,0.0,4,0.67,0.67,8.0,1,3,1,3,0,N
15360,0,1,0,0,1,1,1,0,5.33,1.5,12.0,0.0,4,0.67,0.67,8.0,1,3,1,3,0,N
18769,1,1,0,1,1,1,1,3,7.89,8.0,504.93,0.02,19,0.13,28.05,63.12,4,15,2,8,3,N
19984,2,1,0,0,1,1,1,4,10.28,4.38,196.76,0.01,13,0.23,10.93,44.97,5,8,4,7,4,N
18018,7,13,0,7,7,4,6,25,55.29,11.48,7290.46,0.21,117,0.09,405.03,634.87,53,64,30,13,25,N
17965,0,1,0,0,1,1,1,0,7.74,1.5,17.41,0.0,5,0.67,0.97,11.61,2,3,2,3,0,N
17168,4,7,1,8,4,1,1,23,25.56,20.0,10223.25,0.17,113,0.05,567.96,511.16,52,61,13,10,24,N
16546,0,1,0,0,1,1,1,0,7.74,1.5,17.41,0.0,5,0.67,0.97,11.61,2,3,2,3,0,N
20224,0,1,0,0,1,1,1,0,0.0,0.0,0.0,0.0,0,0.0,0.0,0.0,0,0,0,0,0,N
21209,0,1,0,0,1,1,1,3,11.63,2.0,46.53,0.01,9,0.5,2.58,23.26,4,5,3,3,3,N
22859,0,3,0,0,2,2,1,4,13.67,6.0,492.27,0.03,21,0.17,27.35,82.04,6,15,5,10,4,N
15489,0,1,0,0,1,1,1,0,5.33,1.5,12.0,0.0,4,0.67,0.67,8.0,1,3,1,3,0,N
22713,4,7,5,1,4,2,1,12,24.67,9.04,2014.11,0.07,48,0.11,111.89,222.91,23,25,14,11,17,Y
16770,0,1,0,0,1,1,1,0,5.33,1.5,12.0,0.0,4,0.67,0.67,8.0,1,3,1,3,0,N
20499,87,12,25,14,1,1,1,70,50.46,76.84,297882.59,1.29,615,0.01,16549.02,3876.83,251,364,49,30,95,N
18768,0,1,0,1,1,1,1,3,7.89,8.0,504.93,0.02,19,0.13,28.05,63.12,4,15,2,8,3,N
17587,0,1,0,0,1,1,1,4,13.45,3.6,174.36,0.02,14,0.28,9.69,48.43,6,8,5,6,4,N
21950,0,1,0,0,1,1,1,2,5.33,1.5,12.0,0.0,4,0.67,0.67,8.0,1,3,1,3,2,N
19086,0,1,0,0,1,1,1,0,5.33,1.5,12.0,0.0,4,0.67,0.67,8.0,1,3,1,3,0,N
20854,6,5,2,8,3,3,1,23,17.39,29.75,15389.5,0.17,116,0.03,854.97,517.28,34,82,8,14,25,N
23050,3,1,0,0,1,1,1,2,7.75,2.0,31.02,0.01,6,0.5,1.72,15.51,2,4,2,4,2,N
14883,1,1,0,0,1,1,1,2,7.74,1.5,17.41,0.0,5,0.67,0.97,11.61,2,3,2,3,2,N
22521,0,1,0,0,1,1,1,2,8.98,2.5,56.15,0.01,8,0.4,3.12,22.46,2,6,2,5,2,N
21523,0,1,0,0,1,1,1,2,7.74,1.5,17.41,0.0,5,0.67,0.97,11.61,2,3,2,3,2,N
17233,0,1,0,0,1,1,1,0,5.33,1.5,12.0,0.0,4,0.67,0.67,8.0,1,3,1,3,0,N
16346,0,1,0,0,1,1,1,0,5.33,1.5,12.0,0.0,4,0.67,0.67,8.0,1,3,1,3,0,N
15585,0,1,1,0,1,1,1,3,16.21,2.25,82.12,0.01,13,0.44,4.56,36.5,6,7,4,3,4,N
15681,0,1,0,0,1,1,1,0,7.74,1.5,17.41,0.0,5,0.67,0.97,11.61,2,3,2,3,0,N
16376,0,1,0,0,1,1,1,0,7.74,1.5,17.41,0.0,5,0.67,0.97,11.61,2,3,2,3,0,N
20364,0,1,0,0,1,1,1,0,9.51,3.0,85.59,0.01,9,0.33,4.75,28.53,3,6,3,6,0,N
17136,0,3,0,0,2,1,1,0,0.0,0.0,0.0,0.0,0,0.0,0.0,0.0,0,0,0,0,0,N
19627,0,1,0,0,1,1,1,0,5.33,1.5,12.0,0.0,4,0.67,0.67,8.0,1,3,1,3,0,N
14755,1,1,1,0,1,1,1,6,20.08,5.5,607.27,0.04,29,0.18,33.74,110.41,11,18,7,7,7,N
16312,0,1,0,0,1,1,1,0,7.74,1.5,17.41,0.0,5,0.67,0.97,11.61,2,3,2,3,0,N
20914,0,1,0,0,1,1,1,2,7.74,1.5,17.41,0.0,5,0.67,0.97,11.61,2,3,2,3,2,N
19229,0,1,0,0,1,1,1,0,8.3,6.67,369.01,0.02,16,0.15,20.5,55.35,5,11,3,8,0,N
17200,20,23,3,48,12,5,6,50,22.06,40.8,36720.0,0.3,180,0.02,2040.0,900.0,72,108,15,17,53,N
22140,0,1,0,0,1,1,1,0,7.74,1.5,17.41,0.0,5,0.67,0.97,11.61,2,3,2,3,0,N
16937,0,1,0,0,1,1,1,0,5.33,1.5,12.0,0.0,4,0.67,0.67,8.0,1,3,1,3,0,N
22364,0,1,0,0,1,1,1,2,5.33,1.5,12.0,0.0,4,0.67,0.67,8.0,1,3,1,3,2,N
18706,0,1,0,0,1,1,1,0,5.33,1.5,12.0,0.0,4,0.67,0.67,8.0,1,3,1,3,0,N
15690,0,1,0,0,1,1,1,0,8.3,6.67,369.01,0.02,16,0.15,20.5,55.35,5,11,3,8,0,N
20077,0,1,0,0,1,1,1,0,5.33,1.5,12.0,0.0,4,0.67,0.67,8.0,1,3,1,3,0,N
20456,0,3,0,0,2,1,1,0,7.75,2.0,31.02,0.01,6,0.5,1.72,15.51,2,4,2,4,0,N
16145,0,1,0,0,1,1,1,0,7.74,1.5,17.41,0.0,5,0.67,0.97,11.61,2,3,2,3,0,N
15991,0,1,0,0,1,1,1,0,5.33,1.5,12.0,0.0,4,0.67,0.67,8.0,1,3,1,3,0,N
19934,0,1,0,0,1,1,1,3,9.51,3.0,85.59,0.01,9,0.33,4.75,28.53,3,6,3,6,3,N
20289,0,1,0,0,1,1,1,0,7.75,2.0,31.02,0.01,6,0.5,1.72,15.51,2,4,2,4,0,N
23143,0,1,0,0,1,1,1,0,7.75,2.0,31.02,0.01,6,0.5,1.72,15.51,2,4,2,4,0,N
18062,0,1,0,0,1,1,1,0,7.86,2.5,49.13,0.01,7,0.4,2.73,19.65,2,5,2,5,0,N
15961,0,1,0,0,1,1,1,0,5.33,1.5,12.0,0.0,4,0.67,0.67,8.0,1,3,1,3,0,N
19969,0,1,0,0,1,1,1,0,5.33,1.5,12.0,0.0,4,0.67,0.67,8.0,1,3,1,3,0,N
14502,0,3,0,0,2,1,1,0,7.75,2.0,31.02,0.01,6,0.5,1.72,15.51,2,4,2,4,0,N
23274,2,1,0,0,1,1,1,1,0.0,0.0,0.0,0.0,1,0.0,0.0,0.0,0,1,0,1,1,N
16182,0,1,0,0,1,1,1,0,9.31,2.5,58.16,0.01,9,0.4,3.23,23.26,1,8,1,5,0,N
14458,0,1,0,0,1,1,1,0,5.33,1.5,12.0,0.0,4,0.67,0.67,8.0,1,3,1,3,0,N
18477,0,3,0,0,2,1,1,0,0.0,0.0,0.0,0.0,0,0.0,0.0,0.0,0,0,0,0,0,N
22671,2,3,0,0,2,2,1,7,15.65,7.31,836.91,0.04,28,0.14,46.49,114.45,13,15,8,9,7,N
22731,0,1,0,0,1,1,1,0,5.33,1.5,12.0,0.0,4,0.67,0.67,8.0,1,3,1,3,0,N
22260,2,5,0,1,3,2,1,23,19.78,20.04,7940.87,0.13,80,0.05,441.16,396.34,33,47,14,17,23,N
16607,14,1,2,4,1,1,1,36,96.51,10.29,10209.86,0.33,192,0.1,567.21,992.63,72,120,28,8,38,N
15486,0,1,0,0,1,1,1,0,5.33,1.5,12.0,0.0,4,0.67,0.67,8.0,1,3,1,3,0,N
21256,5,27,2,9,14,11,9,70,28.64,36.53,38223.42,0.35,204,0.03,2123.52,1046.36,69,135,17,18,72,N
18729,3,3,0,1,2,2,1,10,22.56,10.29,2389.65,0.08,50,0.1,132.76,232.19,19,31,12,13,10,N
19893,3,1,0,0,1,1,1,2,7.75,2.0,31.02,0.01,6,0.5,1.72,15.51,2,4,2,4,2,N
20291,0,1,0,0,1,1,1,0,7.75,2.0,31.02,0.01,6,0.5,1.72,15.51,2,4,2,4,0,N
22679,11,1,0,10,1,1,1,9,86.0,1.6,220.17,0.05,33,0.63,12.23,137.61,16,17,15,3,9,N
15128,1,3,6,0,2,2,1,4,33.43,3.55,420.27,0.04,29,0.28,23.35,118.54,13,16,11,6,10,N
14306,0,1,0,0,1,1,1,0,7.74,1.5,17.41,0.0,5,0.67,0.97,11.61,2,3,2,3,0,N
17215,0,3,0,0,2,2,1,6,7.4,6.0,266.27,0.01,14,0.17,14.79,44.38,6,8,3,6,6,N
20830,1,5,0,7,1,1,1,10,14.41,11.92,2045.78,0.06,42,0.08,113.65,171.67,13,29,6,11,10,N
22051,5,5,6,0,3,3,1,8,30.59,3.75,430.18,0.04,31,0.27,23.9,114.71,12,19,8,5,14,N
21466,0,1,0,0,1,1,1,2,13.5,2.0,54.0,0.01,9,0.5,3.0,27.0,4,5,4,4,2,N
17452,0,1,0,0,1,1,1,0,7.33,4.5,148.5,0.01,11,0.22,8.25,33.0,3,8,2,6,0,N
14884,1,1,0,0,1,1,1,2,7.74,1.5,17.41,0.0,5,0.67,0.97,11.61,2,3,2,3,2,N
18101,0,3,0,0,2,2,1,5,15.36,3.5,188.21,0.02,15,0.29,10.46,53.77,5,10,5,7,5,N
16538,0,1,0,0,1,1,1,0,7.86,2.5,49.13,0.01,7,0.4,2.73,19.65,2,5,2,5,0,N
23358,0,1,0,0,1,1,1,0,11.86,3.5,145.3,0.01,12,0.29,8.07,41.51,4,8,4,7,0,N
17952,0,1,0,0,1,1,1,0,11.23,2.0,44.92,0.01,8,0.5,2.5,22.46,3,5,3,4,0,N
18466,0,5,0,0,3,2,1,7,11.89,13.13,2048.55,0.05,35,0.08,113.81,156.08,15,20,8,14,7,N
17841,0,1,0,0,1,1,1,0,7.74,1.5,17.41,0.0,5,0.67,0.97,11.61,2,3,2,3,0,N
16183,0,3,0,0,2,1,1,3,7.61,5.0,190.2,0.01,12,0.2,10.57,38.04,5,7,3,6,3,N
22164,0,1,0,0,1,1,1,0,0.0,0.0,0.0,0.0,0,0.0,0.0,0.0,0,0,0,0,0,N
21051,4,5,0,2,3,2,1,20,50.07,8.26,3417.03,0.14,82,0.12,189.83,413.64,38,44,23,10,20,N
14184,2,3,4,0,2,1,1,4,8.76,10.0,875.69,0.03,23,0.1,48.65,87.57,8,15,4,10,8,N
16319,0,1,0,0,1,1,1,0,7.74,1.5,17.41,0.0,5,0.67,0.97,11.61,2,3,2,3,0,N
19570,0,1,0,0,1,1,1,0,12.18,3.0,109.62,0.01,11,0.33,6.09,36.54,4,7,4,6,0,N
18647,0,1,0,0,1,1,1,2,5.33,1.5,12.0,0.0,4,0.67,0.67,8.0,1,3,1,3,2,N
15466,1,13,0,0,7,5,1,13,23.89,9.6,2201.72,0.08,55,0.1,122.32,229.35,24,31,10,8,13,N
14174,0,1,1,0,1,1,1,1,10.44,3.5,127.89,0.01,11,0.29,7.11,36.54,3,8,3,7,2,N
14392,8,19,6,6,10,10,6,38,79.49,15.92,20158.99,0.42,221,0.06,1119.94,1265.87,98,123,40,13,44,N
16736,0,1,0,0,1,1,1,0,5.33,1.5,12.0,0.0,4,0.67,0.67,8.0,1,3,1,3,0,N
17074,0,1,0,0,1,1,1,0,7.74,1.5,17.41,0.0,5,0.67,0.97,11.61,2,3,2,3,0,N
14698,3,1,1,0,1,1,1,2,16.84,1.5,37.9,0.01,9,0.67,2.11,25.27,4,5,4,3,3,N
19277,0,1,0,0,1,1,1,0,9.6,2.5,60.0,0.01,8,0.4,3.33,24.0,3,5,3,5,0,N
20765,19,13,4,16,7,2,1,40,36.91,36.02,47887.35,0.44,245,0.03,2660.41,1329.43,91,154,24,19,44,N
16687,3,11,0,2,7,1,3,27,24.84,20.65,10590.46,0.17,100,0.05,588.36,512.92,39,61,17,18,27,N
19702,1,5,0,0,3,3,1,13,17.24,7.5,969.51,0.04,31,0.13,53.86,129.27,12,19,8,10,13,N
15268,0,1,0,0,1,1,1,0,5.33,1.5,12.0,0.0,4,0.67,0.67,8.0,1,3,1,3,0,N
23060,0,1,0,0,1,1,1,0,10.68,4.67,232.53,0.02,15,0.21,12.92,49.83,4,11,3,7,0,N
21429,1,1,1,1,1,1,1,5,15.99,5.0,399.77,0.03,21,0.2,22.21,79.95,10,11,7,7,6,N
17628,0,1,0,0,1,1,1,0,7.74,1.5,17.41,0.0,5,0.67,0.97,11.61,2,3,2,3,0,N
14407,0,3,0,0,2,1,1,0,0.0,0.0,0.0,0.0,0,0.0,0.0,0.0,0,0,0,0,0,N
19050,0,1,0,0,1,1,1,2,5.33,1.5,12.0,0.0,4,0.67,0.67,8.0,1,3,1,3,2,N
16906,0,1,0,0,1,1,1,0,7.74,1.5,17.41,0.0,5,0.67,0.97,11.61,2,3,2,3,0,N
20702,3,11,0,1,1,1,1,20,21.1,18.56,7271.57,0.13,77,0.05,403.98,391.73,33,44,16,18,20,N
23535,1,1,0,4,1,1,1,4,21.67,1.8,70.2,0.01,13,0.56,3.9,39.0,6,7,5,3,4,N
20083,5,3,2,1,2,1,1,5,16.6,5.57,515.41,0.03,25,0.18,28.63,92.51,13,12,7,6,7,N
18232,4,3,7,4,2,2,1,6,40.82,10.25,4288.91,0.14,88,0.1,238.27,418.43,41,47,18,9,13,N
14534,0,1,0,0,1,1,1,0,6.55,3.0,58.95,0.01,7,0.33,3.28,19.65,1,6,1,6,0,N
21330,1,1,1,0,1,1,1,9,37.62,11.19,4714.06,0.14,85,0.09,261.89,421.11,31,54,18,13,10,N
15125,4,5,6,1,3,3,1,6,14.85,6.67,659.94,0.03,26,0.15,36.66,98.99,10,16,6,8,12,N
14769,1,1,1,0,1,1,1,6,20.08,5.5,607.27,0.04,29,0.18,33.74,110.41,11,18,7,7,7,N
14081,0,1,0,0,1,1,1,0,0.0,0.0,0.0,0.0,1,0.0,0.0,0.0,0,1,0,1,0,N
14172,0,1,1,0,1,1,1,1,10.44,3.5,127.89,0.01,11,0.29,7.11,36.54,3,8,3,7,2,N
19835,3,3,0,4,2,1,1,8,16.42,8.13,1084.18,0.04,32,0.12,60.23,133.44,13,19,8,10,8,N
20899,50,9,23,35,1,1,1,127,54.4,166.38,1505756.7,3.02,1520,0.01,83653.15,9050.38,605,915,40,22,150,N
17964,0,1,0,0,1,1,1,0,7.74,1.5,17.41,0.0,5,0.67,0.97,11.61,2,3,2,3,0,N
17117,0,1,0,0,1,1,1,0,7.74,1.5,17.41,0.0,5,0.67,0.97,11.61,2,3,2,3,0,N
18213,3,3,0,6,2,2,1,8,25.48,6.92,1221.36,0.06,39,0.14,67.85,176.42,18,21,13,10,8,N
17092,0,1,0,0,1,1,1,0,7.74,1.5,17.41,0.0,5,0.67,0.97,11.61,2,3,2,3,0,N
14104,18,18,14,27,1,1,1,67,28.6,47.67,64981.35,0.45,238,0.02,3610.07,1363.25,99,139,27,26,81,Y
17720,0,1,0,0,1,1,1,0,9.51,3.0,85.59,0.01,9,0.33,4.75,28.53,3,6,3,6,0,N
20210,0,1,0,0,1,1,1,0,11.86,3.5,145.3,0.01,12,0.29,8.07,41.51,4,8,4,7,0,N
18744,0,3,0,0,2,1,1,7,10.64,8.0,680.88,0.03,23,0.13,37.83,85.11,10,13,5,8,7,N
19957,0,1,0,0,1,1,1,0,5.33,1.5,12.0,0.0,4,0.67,0.67,8.0,1,3,1,3,0,N
22609,0,1,0,0,1,1,1,0,0.0,0.0,0.0,0.0,0,0.0,0.0,0.0,0,0,0,0,0,N
22710,4,1,4,9,1,1,1,11,41.79,8.86,3278.32,0.12,83,0.11,182.13,370.13,31,52,14,8,15,N
15487,0,1,0,0,1,1,1,0,5.33,1.5,12.0,0.0,4,0.67,0.67,8.0,1,3,1,3,0,N
14613,6,13,0,6,7,5,7,32,66.91,11.92,9501.02,0.27,142,0.08,527.83,797.29,66,76,36,13,32,N
16055,0,1,0,0,1,1,1,0,5.33,1.5,12.0,0.0,4,0.67,0.67,8.0,1,3,1,3,0,N
20355,0,1,0,0,1,1,1,0,7.75,2.0,31.02,0.01,6,0.5,1.72,15.51,2,4,2,4,0,N
18548,0,3,0,0,2,2,1,4,21.5,7.15,1099.18,0.05,35,0.14,61.07,153.73,13,22,10,11,4,N
16981,0,1,0,0,1,1,1,0,0.0,0.0,0.0,0.0,1,0.0,0.0,0.0,0,1,0,1,0,N
17892,2,5,0,0,3,2,1,10,28.99,6.92,1389.28,0.07,45,0.14,77.18,200.67,20,25,13,9,10,N
18626,2,3,0,0,2,2,1,7,15.65,7.31,836.91,0.04,28,0.14,46.49,114.45,13,15,8,9,7,N
21889,0,3,0,0,2,1,1,0,0.0,0.0,0.0,0.0,0,0.0,0.0,0.0,0,0,0,0,0,N
18288,4,7,0,21,4,3,4,11,16.32,10.11,1668.32,0.05,37,0.1,92.68,165.0,14,23,9,13,11,N
23471,0,1,0,0,1,1,1,0,12.68,2.5,79.25,0.01,10,0.4,4.4,31.7,4,6,4,5,0,N
18470,0,1,0,0,1,1,1,0,6.2,2.5,38.77,0.01,6,0.4,2.15,15.51,1,5,1,5,0,N
23084,0,1,0,0,1,1,1,0,0.0,0.0,0.0,0.0,0,0.0,0.0,0.0,0,0,0,0,0,N
17000,0,1,0,0,1,1,1,0,7.74,1.5,17.41,0.0,5,0.67,0.97,11.61,2,3,2,3,0,N
19863,2,13,1,8,7,6,6,54,25.11,40.0,40181.42,0.33,184,0.03,2232.3,1004.54,80,104,22,22,55,N
18680,0,1,0,0,1,1,1,0,5.33,1.5,12.0,0.0,4,0.67,0.67,8.0,1,3,1,3,0,N
23383,0,1,0,0,1,1,1,0,5.33,1.5,12.0,0.0,4,0.67,0.67,8.0,1,3,1,3,0,N
15841,0,1,0,0,1,1,1,0,5.33,1.5,12.0,0.0,4,0.67,0.67,8.0,1,3,1,3,0,N
16298,0,1,0,0,1,1,1,0,5.33,1.5,12.0,0.0,4,0.67,0.67,8.0,1,3,1,3,0,N
20593,0,1,0,0,1,1,1,0,7.74,1.5,17.41,0.0,5,0.67,0.97,11.61,2,3,2,3,0,N
15858,0,1,0,0,1,1,1,0,5.33,1.5,12.0,0.0,4,0.67,0.67,8.0,1,3,1,3,0,N
19377,0,1,0,0,1,1,1,0,0.0,0.0,0.0,0.0,1,0.0,0.0,0.0,0,1,0,1,0,N
21915,0,1,0,0,1,1,1,0,7.75,2.0,31.02,0.01,6,0.5,1.72,15.51,2,4,2,4,0,N
16765,0,1,0,0,1,1,1,0,7.74,1.5,17.41,0.0,5,0.67,0.97,11.61,2,3,2,3,0,N
22566,0,3,0,0,2,2,1,4,13.67,6.0,492.27,0.03,21,0.17,27.35,82.04,6,15,5,10,4,N
17099,0,1,0,0,1,1,1,0,5.33,1.5,12.0,0.0,4,0.67,0.67,8.0,1,3,1,3,0,N
23053,2,1,0,1,1,1,1,1,0.0,0.0,0.0,0.0,1,0.0,0.0,0.0,0,1,0,1,1,N
14674,1,3,3,0,2,2,1,3,11.56,6.4,473.66,0.02,20,0.16,26.31,74.01,8,12,5,8,6,N
20549,0,1,0,0,1,1,1,0,7.75,2.0,31.02,0.01,6,0.5,1.72,15.51,2,4,2,4,0,N
22508,0,1,0,0,1,1,1,0,7.75,2.0,31.02,0.01,6,0.5,1.72,15.51,2,4,2,4,0,N
23213,0,1,0,0,1,1,1,0,8.3,6.0,298.97,0.02,15,0.17,16.61,49.83,3,12,2,8,0,N
22813,0,1,0,0,1,1,1,0,0.0,0.0,0.0,0.0,0,0.0,0.0,0.0,0,0,0,0,0,N
15117,0,1,2,0,1,1,1,1,11.23,2.0,44.92,0.01,8,0.5,2.5,22.46,3,5,3,4,3,N
22625,0,1,0,0,1,1,1,0,8.3,6.0,298.97,0.02,15,0.17,16.61,49.83,3,12,2,8,0,N
17025,0,1,0,0,1,1,1,0,5.33,1.5,12.0,0.0,4,0.67,0.67,8.0,1,3,1,3,0,N
16287,0,1,0,0,1,1,1,0,7.74,1.5,17.41,0.0,5,0.67,0.97,11.61,2,3,2,3,0,N
15696,0,1,0,0,1,1,1,4,9.47,2.67,67.38,0.01,9,0.38,3.74,25.27,4,5,3,4,4,N
17277,0,1,0,0,1,1,1,0,8.3,6.67,369.01,0.02,16,0.15,20.5,55.35,5,11,3,8,0,N
14364,0,3,0,0,2,2,1,5,17.22,4.08,287.09,0.02,19,0.24,15.95,70.31,7,12,6,7,5,N
21985,0,1,0,0,1,1,1,0,12.68,2.5,79.25,0.01,10,0.4,4.4,31.7,4,6,4,5,0,N
19112,0,1,0,0,1,1,1,0,0.0,0.0,0.0,0.0,1,0.0,0.0,0.0,0,1,0,1,0,N
22733,0,1,0,0,1,1,1,0,0.0,0.0,0.0,0.0,1,0.0,0.0,0.0,0,1,0,1,0,N
19742,0,1,0,0,1,1,1,0,6.2,2.5,38.77,0.01,6,0.4,2.15,15.51,1,5,1,5,0,N
20495,0,1,0,0,1,1,1,0,5.33,1.5,12.0,0.0,4,0.67,0.67,8.0,1,3,1,3,0,N
19436,0,1,0,0,1,1,1,0,7.75,2.0,31.02,0.01,6,0.5,1.72,15.51,2,4,2,4,0,N
14691,3,1,1,0,1,1,1,2,16.84,1.5,37.9,0.01,9,0.67,2.11,25.27,4,5,4,3,3,N
17722,0,3,0,0,2,2,1,4,13.67,6.0,492.27,0.03,21,0.17,27.35,82.04,6,15,5,10,4,N
18933,0,1,0,0,1,1,1,0,7.86,2.5,49.13,0.01,7,0.4,2.73,19.65,2,5,2,5,0,N
14667,3,1,1,0,1,1,1,2,16.84,1.5,37.9,0.01,9,0.67,2.11,25.27,4,5,4,3,3,N
16815,0,1,0,0,1,1,1,0,0.0,0.0,0.0,0.0,1,0.0,0.0,0.0,0,1,0,1,0,N
18297,4,3,0,19,2,1,1,8,17.09,5.71,558.13,0.03,25,0.18,31.01,97.67,10,15,7,8,8,N
21840,0,1,0,0,1,1,1,0,0.0,0.0,0.0,0.0,1,0.0,0.0,0.0,0,1,0,1,0,N
21297,0,1,0,0,1,1,1,4,28.92,4.33,543.12,0.04,29,0.23,30.17,125.34,13,16,12,8,4,N
19985,7,3,0,0,2,2,1,20,34.09,11.0,4124.71,0.12,78,0.09,229.15,374.97,34,44,17,11,20,N
16688,3,11,0,2,7,1,3,27,24.84,20.65,10590.46,0.17,100,0.05,588.36,512.92,39,61,17,18,27,N
15757,0,1,0,0,1,1,1,0,5.33,1.5,12.0,0.0,4,0.67,0.67,8.0,1,3,1,3,0,N
19750,0,1,0,0,1,1,1,0,0.0,0.0,0.0,0.0,0,0.0,0.0,0.0,0,0,0,0,0,N
17389,0,1,0,0,1,1,1,0,5.33,1.5,12.0,0.0,4,0.67,0.67,8.0,1,3,1,3,0,N
18420,0,3,0,0,2,2,1,8,23.46,10.29,2485.24,0.08,52,0.1,138.07,241.48,19,33,12,13,8,N
18653,0,1,0,0,1,1,1,2,5.33,1.5,12.0,0.0,4,0.67,0.67,8.0,1,3,1,3,2,N
23293,0,1,0,0,1,1,1,0,5.33,1.5,12.0,0.0,4,0.67,0.67,8.0,1,3,1,3,0,N
19912,0,1,0,0,1,1,1,0,9.6,2.5,60.0,0.01,8,0.4,3.33,24.0,3,5,3,5,0,N
16421,0,1,0,0,1,1,1,0,5.33,1.5,12.0,0.0,4,0.67,0.67,8.0,1,3,1,3,0,N
21618,0,1,0,0,1,1,1,0,0.0,0.0,0.0,0.0,0,0.0,0.0,0.0,0,0,0,0,0,N
23278,3,1,0,1,1,1,1,10,47.04,4.15,811.68,0.07,46,0.24,45.09,195.4,18,28,13,6,10,N
19137,0,1,0,0,1,1,1,0,0.0,0.0,0.0,0.0,0,0.0,0.0,0.0,0,0,0,0,0,N
18779,0,1,0,1,1,1,1,3,10.82,5.83,368.18,0.02,19,0.17,20.45,63.12,5,14,3,7,3,N
16486,6,11,0,8,1,1,1,40,66.0,15.92,16724.89,0.35,172,0.06,929.16,1050.67,78,94,49,20,40,N
20322,0,1,0,0,1,1,1,0,7.75,2.0,31.02,0.01,6,0.5,1.72,15.51,2,4,2,4,0,N
20788,0,3,2,2,2,2,1,3,7.17,12.0,1032.47,0.03,24,0.08,57.36,86.04,8,16,3,9,5,N
15804,0,1,0,0,1,1,1,0,7.74,1.5,17.41,0.0,5,0.67,0.97,11.61,2,3,2,3,0,N
16167,0,3,0,0,2,2,1,0,7.75,2.0,31.02,0.01,6,0.5,1.72,15.51,2,4,2,4,0,N
16983,0,1,0,0,1,1,1,0,0.0,0.0,0.0,0.0,1,0.0,0.0,0.0,0,1,0,1,0,N
19839,9,3,0,12,2,2,1,15,23.41,13.0,3956.07,0.1,64,0.08,219.78,304.31,28,36,14,13,15,N
16095,0,1,0,0,1,1,1,0,5.33,1.5,12.0,0.0,4,0.67,0.67,8.0,1,3,1,3,0,N
19103,0,1,0,0,1,1,1,0,6.55,3.0,58.95,0.01,7,0.33,3.28,19.65,1,6,1,6,0,N
17198,20,23,3,48,12,5,6,50,22.06,40.8,36720.0,0.3,180,0.02,2040.0,900.0,72,108,15,17,53,N
20733,0,1,1,0,1,1,1,1,7.75,2.0,31.02,0.01,6,0.5,1.72,15.51,2,4,2,4,2,N
19919,0,1,0,0,1,1,1,0,8.3,6.0,298.97,0.02,15,0.17,16.61,49.83,3,12,2,8,0,N
19760,0,1,0,0,1,1,1,0,8.3,6.0,298.97,0.02,15,0.17,16.61,49.83,3,12,2,8,0,N
17178,3,5,6,7,3,1,1,7,18.89,8.44,1345.03,0.05,39,0.12,74.72,159.41,15,24,8,9,13,N
14466,0,1,0,0,1,1,1,0,5.33,1.5,12.0,0.0,4,0.67,0.67,8.0,1,3,1,3,0,N
22115,2,13,1,8,7,6,6,54,25.11,40.0,40181.42,0.33,184,0.03,2232.3,1004.54,80,104,22,22,55,N
22788,0,1,0,0,1,1,1,2,13.5,2.0,54.0,0.01,9,0.5,3.0,27.0,4,5,4,4,2,N
15395,0,1,0,0,1,1,1,0,7.74,1.5,17.41,0.0,5,0.67,0.97,11.61,2,3,2,3,0,N
18969,0,3,0,0,2,2,1,4,11.99,6.67,533.03,0.03,21,0.15,29.61,79.95,10,11,6,8,4,N
21392,2,1,4,0,1,1,1,11,42.87,12.22,6404.47,0.17,109,0.08,355.8,524.0,44,65,18,10,15,N
22847,0,1,0,0,1,1,1,0,5.33,1.5,12.0,0.0,4,0.67,0.67,8.0,1,3,1,3,0,N
21007,0,1,0,0,1,1,1,2,6.53,9.0,529.29,0.02,17,0.11,29.41,58.81,4,13,2,9,2,N
23366,0,1,0,0,1,1,1,0,0.0,0.0,0.0,0.0,1,0.0,0.0,0.0,0,1,0,1,0,N
16286,0,1,0,0,1,1,1,0,7.86,2.5,49.13,0.01,7,0.4,2.73,19.65,2,5,2,5,0,N
23384,0,1,0,0,1,1,1,0,5.33,1.5,12.0,0.0,4,0.67,0.67,8.0,1,3,1,3,0,N
20183,0,1,0,0,1,1,1,0,9.31,2.5,58.16,0.01,9,0.4,3.23,23.26,1,8,1,5,0,N
17781,0,1,0,0,1,1,1,0,0.0,0.0,0.0,0.0,0,0.0,0.0,0.0,0,0,0,0,0,N
19708,0,1,0,0,1,1,1,6,17.51,5.0,437.85,0.03,23,0.2,24.32,87.57,10,13,7,7,6,N
22927,1,5,4,1,3,2,1,6,20.54,4.38,393.13,0.03,23,0.23,21.84,89.86,10,13,8,7,10,N
22736,0,1,0,0,1,1,1,0,5.33,1.5,12.0,0.0,4,0.67,0.67,8.0,1,3,1,3,0,N
23367,0,1,0,0,1,1,1,0,7.33,4.5,148.5,0.01,11,0.22,8.25,33.0,3,8,2,6,0,N
18950,0,3,0,0,2,2,1,4,13.67,6.0,492.27,0.03,21,0.17,27.35,82.04,6,15,5,10,4,N
21733,0,1,0,0,1,1,1,0,6.86,3.5,84.0,0.01,8,0.29,4.67,24.0,1,7,1,7,0,N
23245,0,1,0,0,1,1,1,3,9.51,3.0,85.59,0.01,9,0.33,4.75,28.53,3,6,3,6,3,N
20829,1,5,0,7,3,2,1,10,12.03,14.3,2459.6,0.06,43,0.07,136.64,172.0,13,30,5,11,10,N
21833,0,3,0,0,2,2,1,0,7.75,2.0,31.02,0.01,6,0.5,1.72,15.51,2,4,2,4,0,N
22458,0,3,0,0,2,2,1,0,6.69,7.5,376.42,0.02,14,0.13,20.91,50.19,5,9,3,9,0,N
19653,0,1,0,0,1,1,1,0,5.33,1.5,12.0,0.0,4,0.67,0.67,8.0,1,3,1,3,0,N
19738,0,5,0,0,3,2,1,7,11.89,13.13,2048.55,0.05,35,0.08,113.81,156.08,15,20,8,14,7,N
22312,0,1,0,0,1,1,1,0,9.83,2.0,39.3,0.01,7,0.5,2.18,19.65,3,4,3,4,0,N
20031,4,5,0,2,3,2,1,23,53.0,9.73,5018.51,0.17,99,0.1,278.81,515.74,46,53,26,11,23,N
18935,0,1,0,0,1,1,1,0,6.55,3.0,58.95,0.01,7,0.33,3.28,19.65,1,6,1,6,0,N
21793,0,1,0,0,1,1,1,0,0.0,0.0,0.0,0.0,0,0.0,0.0,0.0,0,0,0,0,0,N
14821,1,1,0,0,1,1,1,2,7.74,1.5,17.41,0.0,5,0.67,0.97,11.61,2,3,2,3,2,N
20154,0,1,0,0,1,1,1,0,6.2,2.5,38.77,0.01,6,0.4,2.15,15.51,1,5,1,5,0,N
15908,0,1,0,0,1,1,1,0,6.89,3.0,62.04,0.01,8,0.33,3.45,20.68,3,5,2,4,0,N
18629,0,1,0,0,1,1,1,0,8.3,6.0,298.97,0.02,15,0.17,16.61,49.83,3,12,2,8,0,N
18302,15,7,0,114,4,4,1,62,22.37,122.73,336912.17,0.92,497,0.01,18717.34,2745.21,225,272,22,24,62,N
14649,0,1,3,0,1,1,1,1,19.02,2.0,76.08,0.01,12,0.5,4.23,38.04,5,7,5,4,4,N
23126,0,1,0,0,1,1,1,0,5.33,1.5,12.0,0.0,4,0.67,0.67,8.0,1,3,1,3,0,N
21218,0,1,0,0,1,1,1,4,8.0,4.5,162.0,0.01,12,0.22,9.0,36.0,3,9,2,6,4,N
19079,0,1,0,0,1,1,1,0,7.74,1.5,17.41,0.0,5,0.67,0.97,11.61,2,3,2,3,0,N
15199,0,5,0,0,3,1,3,11,10.66,7.5,599.66,0.03,21,0.13,33.31,79.95,6,15,4,10,11,N
21335,0,1,0,0,1,1,1,3,11.58,2.67,82.35,0.01,11,0.38,4.57,30.88,4,7,3,4,3,N
22793,0,1,0,0,1,1,1,1,7.74,1.5,17.41,0.0,5,0.67,0.97,11.61,2,3,2,3,1,N
21235,0,3,0,0,2,1,1,13,20.04,11.0,2424.6,0.07,51,0.09,134.7,220.42,18,33,9,11,13,N
21249,0,1,0,0,1,1,1,6,11.68,5.33,332.11,0.02,18,0.19,18.45,62.27,4,14,3,8,6,N
17613,0,1,0,0,1,1,1,6,17.51,5.0,437.85,0.03,23,0.2,24.32,87.57,10,13,7,7,6,N
16107,0,1,0,0,1,1,1,0,5.33,1.5,12.0,0.0,4,0.67,0.67,8.0,1,3,1,3,0,N
22594,0,1,0,0,1,1,1,0,7.75,2.0,31.02,0.01,6,0.5,1.72,15.51,2,4,2,4,0,N
16835,0,1,0,0,1,1,1,0,16.84,1.5,37.9,0.01,9,0.67,2.11,25.27,4,5,4,3,0,N
20390,0,3,0,0,2,2,1,0,9.32,5.0,233.02,0.02,13,0.2,12.95,46.6,5,8,4,8,0,N
15422,0,1,0,0,1,1,1,0,5.33,1.5,12.0,0.0,4,0.67,0.67,8.0,1,3,1,3,0,N
19056,0,1,0,0,1,1,1,0,8.3,6.0,298.97,0.02,15,0.17,16.61,49.83,3,12,2,8,0,N
17794,0,1,0,0,1,1,1,0,0.0,0.0,0.0,0.0,0,0.0,0.0,0.0,0,0,0,0,0,N
22747,0,1,0,0,1,1,1,0,5.33,1.5,12.0,0.0,4,0.67,0.67,8.0,1,3,1,3,0,N
17105,1,1,0,0,1,1,1,6,15.93,4.5,322.65,0.02,20,0.22,17.92,71.7,9,11,6,6,6,N
23196,0,1,0,0,1,1,1,0,5.33,1.5,12.0,0.0,4,0.67,0.67,8.0,1,3,1,3,0,N
14737,0,1,0,0,1,1,1,2,7.74,1.5,17.41,0.0,5,0.67,0.97,11.61,2,3,2,3,2,N
15723,0,1,0,0,1,1,1,0,10.68,4.67,232.53,0.02,15,0.21,12.92,49.83,4,11,3,7,0,N
19330,0,1,0,0,1,1,1,2,5.33,1.5,12.0,0.0,4,0.67,0.67,8.0,1,3,1,3,2,N
14914,1,1,1,0,1,1,1,2,15.0,2.0,60.0,0.01,10,0.5,3.33,30.0,4,6,4,4,3,N
22823,0,1,0,0,1,1,1,0,7.75,2.0,31.02,0.01,6,0.5,1.72,15.51,2,4,2,4,0,N
19130,0,1,0,0,1,1,1,0,6.2,2.5,38.77,0.01,6,0.4,2.15,15.51,1,5,1,5,0,N
18440,0,1,0,0,1,1,1,6,11.81,6.75,538.15,0.03,24,0.15,29.9,79.73,9,15,4,6,6,N
20134,0,3,0,0,2,2,1,0,7.86,2.5,49.13,0.01,7,0.4,2.73,19.65,2,5,2,5,0,N
14906,0,1,0,0,1,1,1,2,7.74,1.5,17.41,0.0,5,0.67,0.97,11.61,2,3,2,3,2,N
17911,2,5,1,0,3,2,1,14,29.73,6.79,1368.94,0.07,44,0.15,76.05,201.74,19,25,14,10,15,N
19681,0,1,0,0,1,1,1,0,5.33,1.5,12.0,0.0,4,0.67,0.67,8.0,1,3,1,3,0,N
14945,0,1,0,0,1,1,1,2,7.74,1.5,17.41,0.0,5,0.67,0.97,11.61,2,3,2,3,2,N
22001,0,1,0,0,1,1,1,0,9.0,3.0,81.0,0.01,9,0.33,4.5,27.0,2,7,2,6,0,N
16318,0,1,0,0,1,1,1,0,7.74,1.5,17.41,0.0,5,0.67,0.97,11.61,2,3,2,3,0,N
18682,0,1,0,0,1,1,1,0,5.33,1.5,12.0,0.0,4,0.67,0.67,8.0,1,3,1,3,0,N
21623,0,1,0,0,1,1,1,0,7.33,4.5,148.5,0.01,11,0.22,8.25,33.0,3,8,2,6,0,N
16967,0,1,0,0,1,1,1,0,5.33,1.5,12.0,0.0,4,0.67,0.67,8.0,1,3,1,3,0,N
22430,5,13,4,6,7,6,1,33,44.15,16.14,11519.93,0.24,134,0.06,640.0,713.14,60,74,26,14,37,N
16810,0,1,0,0,1,1,1,0,5.33,1.5,12.0,0.0,4,0.67,0.67,8.0,1,3,1,3,0,N
21063,0,1,0,3,1,1,1,11,39.02,7.43,2153.27,0.1,65,0.13,119.63,289.86,26,39,14,8,11,N
15818,0,1,0,0,1,1,1,0,5.33,1.5,12.0,0.0,4,0.67,0.67,8.0,1,3,1,3,0,N
17477,0,1,0,0,1,1,1,0,7.74,1.5,17.41,0.0,5,0.67,0.97,11.61,2,3,2,3,0,N
18392,7,19,18,1,10,5,1,31,36.47,26.65,25908.95,0.32,175,0.04,1439.39,972.05,66,109,26,21,49,N
23517,1,1,0,4,1,1,1,4,21.67,1.8,70.2,0.01,13,0.56,3.9,39.0,6,7,5,3,4,N
23495,1,1,0,4,1,1,1,4,21.67,1.8,70.2,0.01,13,0.56,3.9,39.0,6,7,5,3,4,N
15688,0,3,0,0,2,2,1,8,23.46,10.29,2485.24,0.08,52,0.1,138.07,241.48,19,33,12,13,8,N
19184,0,1,0,0,1,1,1,2,5.33,1.5,12.0,0.0,4,0.67,0.67,8.0,1,3,1,3,2,N
23503,1,1,0,4,1,1,1,4,21.67,1.8,70.2,0.01,13,0.56,3.9,39.0,6,7,5,3,4,N
15848,0,1,0,0,1,1,1,0,5.33,1.5,12.0,0.0,4,0.67,0.67,8.0,1,3,1,3,0,N
18924,0,1,0,0,1,1,1,0,7.75,2.0,31.02,0.01,6,0.5,1.72,15.51,2,4,2,4,0,N
18052,0,1,0,0,1,1,1,0,8.6,7.5,483.97,0.02,18,0.13,26.89,64.53,5,13,3,9,0,N
20076,0,1,0,0,1,1,1,0,7.74,1.5,17.41,0.0,5,0.67,0.97,11.61,2,3,2,3,0,N
20038,0,1,0,0,1,1,1,0,5.33,1.5,12.0,0.0,4,0.67,0.67,8.0,1,3,1,3,0,N
21065,5,5,3,4,3,1,1,14,21.23,13.64,3947.84,0.1,64,0.07,219.32,289.51,25,39,11,12,17,N
14484,5,17,6,4,9,9,5,34,74.55,14.83,16403.02,0.37,198,0.07,911.28,1105.82,89,109,36,12,40,N
14686,3,1,1,0,1,1,1,2,16.84,1.5,37.9,0.01,9,0.67,2.11,25.27,4,5,4,3,3,N
22472,0,1,0,0,1,1,1,1,7.74,1.5,17.41,0.0,5,0.67,0.97,11.61,2,3,2,3,1,N
22984,5,1,0,0,1,1,1,1,0.0,0.0,0.0,0.0,1,0.0,0.0,0.0,0,1,0,1,1,N
18692,0,1,0,0,1,1,1,0,5.33,1.5,12.0,0.0,4,0.67,0.67,8.0,1,3,1,3,0,N
15503,0,1,0,0,1,1,1,0,5.33,1.5,12.0,0.0,4,0.67,0.67,8.0,1,3,1,3,0,N
22613,0,1,0,0,1,1,1,0,0.0,0.0,0.0,0.0,0,0.0,0.0,0.0,0,0,0,0,0,N
21127,39,134,98,2,80,44,1,202,50.69,141.56,1015641.46,2.39,1037,0.01,56424.53,7174.86,416,621,72,49,300,N
17606,1,5,0,0,3,3,1,13,16.4,7.07,820.29,0.04,29,0.14,45.57,116.0,11,18,7,9,13,N
19538,0,3,0,0,2,2,1,5,15.36,3.5,188.21,0.02,15,0.29,10.46,53.77,5,10,5,7,5,N
19341,0,1,1,0,1,1,1,1,4.75,1.0,4.75,0.0,3,1.0,0.26,4.75,1,2,1,2,2,N
21944,0,1,0,0,1,1,1,2,8.98,2.5,56.15,0.01,8,0.4,3.12,22.46,2,6,2,5,2,N
19490,0,3,0,0,2,2,1,0,9.32,5.0,233.02,0.02,13,0.2,12.95,46.6,5,8,4,8,0,N
15490,0,1,0,0,1,1,1,0,5.33,1.5,12.0,0.0,4,0.67,0.67,8.0,1,3,1,3,0,N
20248,0,1,0,0,1,1,1,2,6.2,2.5,38.77,0.01,6,0.4,2.15,15.51,1,5,1,5,2,N
14677,1,1,3,0,1,1,1,1,19.02,2.0,76.08,0.01,12,0.5,4.23,38.04,5,7,5,4,4,N
18959,2,13,1,8,7,6,6,54,25.11,40.0,40181.42,0.33,184,0.03,2232.3,1004.54,80,104,22,22,55,N
16027,0,1,0,0,1,1,1,0,5.33,1.5,12.0,0.0,4,0.67,0.67,8.0,1,3,1,3,0,N
14103,18,18,14,27,1,1,1,67,31.0,44.38,61064.32,0.46,238,0.02,3392.46,1375.96,99,139,29,26,81,N
22109,0,1,0,0,1,1,1,0,5.33,1.5,12.0,0.0,4,0.67,0.67,8.0,1,3,1,3,0,N
23160,0,3,0,0,2,1,1,0,7.75,2.0,31.02,0.01,6,0.5,1.72,15.51,2,4,2,4,0,N
14336,0,1,0,0,1,1,1,0,12.68,2.5,79.25,0.01,10,0.4,4.4,31.7,4,6,4,5,0,N
17075,0,1,0,0,1,1,1,0,7.74,1.5,17.41,0.0,5,0.67,0.97,11.61,2,3,2,3,0,N
14320,0,1,0,0,1,1,1,0,7.75,2.0,31.02,0.01,6,0.5,1.72,15.51,2,4,2,4,0,N
17662,0,3,0,0,2,2,1,5,15.36,3.5,188.21,0.02,15,0.29,10.46,53.77,5,10,5,7,5,N
14925,2,5,2,0,3,2,1,5,17.76,5.06,455.24,0.03,22,0.2,25.29,89.92,9,13,8,9,7,N
16304,0,1,0,0,1,1,1,0,5.33,1.5,12.0,0.0,4,0.67,0.67,8.0,1,3,1,3,0,N
18803,0,1,0,0,1,1,1,4,16.5,2.0,66.0,0.01,11,0.5,3.67,33.0,4,7,4,4,4,N
14272,0,3,0,0,2,2,1,4,11.99,6.67,533.03,0.03,21,0.15,29.61,79.95,10,11,6,8,4,N
14605,0,1,0,0,1,1,1,0,9.51,3.0,85.59,0.01,9,0.33,4.75,28.53,3,6,3,6,0,N
14558,0,1,0,0,1,1,1,3,11.23,2.0,44.92,0.01,8,0.5,2.5,22.46,3,5,3,4,3,N
16893,0,1,0,0,1,1,1,0,5.33,1.5,12.0,0.0,4,0.67,0.67,8.0,1,3,1,3,0,N
15295,0,1,0,0,1,1,1,0,16.84,1.5,37.9,0.01,9,0.67,2.11,25.27,4,5,4,3,0,N
23016,0,1,0,0,1,1,1,0,6.55,3.0,58.95,0.01,7,0.33,3.28,19.65,1,6,1,6,0,N
16753,0,1,0,0,1,1,1,2,7.81,9.0,632.78,0.02,19,0.11,35.15,70.31,8,11,4,9,2,N
19712,0,1,0,0,1,1,1,6,11.81,6.75,538.15,0.03,24,0.15,29.9,79.73,9,15,4,6,6,N
14528,0,1,0,0,1,1,1,2,5.33,1.5,12.0,0.0,4,0.67,0.67,8.0,1,3,1,3,2,N
22421,3,3,1,3,2,1,1,11,19.29,6.72,871.59,0.04,30,0.15,48.42,129.66,11,19,9,11,12,N
15270,0,1,0,0,1,1,1,0,5.33,1.5,12.0,0.0,4,0.67,0.67,8.0,1,3,1,3,0,N
19853,4,5,0,0,1,1,1,8,17.83,12.6,2830.76,0.07,49,0.08,157.26,224.66,18,31,10,14,8,N
17528,0,3,0,0,2,2,1,4,13.67,6.0,492.27,0.03,21,0.17,27.35,82.04,6,15,5,10,4,N
17871,3,13,6,1,7,6,4,21,49.06,12.0,7064.02,0.2,113,0.08,392.45,588.67,50,63,25,12,27,N
19961,0,1,0,0,1,1,1,0,7.86,2.5,49.13,0.01,7,0.4,2.73,19.65,2,5,2,5,0,N
22907,0,1,0,0,1,1,1,2,5.33,1.5,12.0,0.0,4,0.67,0.67,8.0,1,3,1,3,2,N
17926,0,1,0,0,1,1,1,0,5.33,1.5,12.0,0.0,4,0.67,0.67,8.0,1,3,1,3,0,N
19352,0,1,0,0,1,1,1,0,0.0,0.0,0.0,0.0,1,0.0,0.0,0.0,0,1,0,1,0,N
23414,0,1,0,0,1,1,1,0,7.75,2.0,31.02,0.01,6,0.5,1.72,15.51,2,4,2,4,0,N
19224,0,1,0,0,1,1,1,0,0.0,0.0,0.0,0.0,1,0.0,0.0,0.0,0,1,0,1,0,N
20460,0,1,0,0,1,1,1,0,7.75,2.0,31.02,0.01,6,0.5,1.72,15.51,2,4,2,4,0,N
14935,1,3,2,0,2,2,1,8,21.83,3.94,338.43,0.03,22,0.25,18.8,85.95,9,13,8,7,10,N
14119,8,9,13,4,5,3,1,19,29.26,19.96,11654.07,0.19,109,0.05,647.45,583.97,51,58,23,18,32,N
15020,0,1,1,0,1,1,1,1,7.74,1.5,17.41,0.0,5,0.67,0.97,11.61,2,3,2,3,2,Y
15913,0,1,0,0,1,1,1,0,7.74,1.5,17.41,0.0,5,0.67,0.97,11.61,2,3,2,3,0,N
22579,1,5,0,0,3,3,1,13,16.4,7.07,820.29,0.04,29,0.14,45.57,116.0,11,18,7,9,13,N
21773,0,1,0,0,1,1,1,2,8.98,2.5,56.15,0.01,8,0.4,3.12,22.46,2,6,2,5,2,N
22027,18,1,0,0,1,1,1,10,22.77,7.65,1332.36,0.06,41,0.13,74.02,174.17,17,24,10,9,10,N
23362,0,1,0,0,1,1,1,0,0.0,0.0,0.0,0.0,0,0.0,0.0,0.0,0,0,0,0,0,N
17472,3,5,2,1,3,3,1,8,18.05,12.09,2638.98,0.07,47,0.08,146.61,218.26,19,28,11,14,10,N
20895,33,7,18,22,4,2,1,95,59.36,107.9,691137.63,2.14,1045,0.01,38396.53,6405.1,441,604,47,23,113,N
20662,0,1,0,0,1,1,1,0,7.75,2.0,31.02,0.01,6,0.5,1.72,15.51,2,4,2,4,0,N
18844,1,5,0,3,3,3,1,19,19.07,10.91,2270.01,0.07,46,0.09,126.11,208.08,20,26,11,12,19,N
22708,16,1,0,52,1,1,1,19,116.98,3.0,1052.81,0.12,73,0.33,58.49,350.94,36,37,24,4,19,N
21439,0,1,0,0,1,1,1,2,7.74,1.5,17.41,0.0,5,0.67,0.97,11.61,2,3,2,3,2,N
15326,0,1,0,0,1,1,1,0,5.33,1.5,12.0,0.0,4,0.67,0.67,8.0,1,3,1,3,0,N
15442,0,1,0,0,1,1,1,0,7.86,2.5,49.13,0.01,7,0.4,2.73,19.65,2,5,2,5,0,N
16756,0,1,0,0,1,1,1,0,5.33,1.5,12.0,0.0,4,0.67,0.67,8.0,1,3,1,3,0,N
14290,0,3,0,0,2,2,1,3,14.28,4.0,228.44,0.02,15,0.25,12.69,57.11,6,9,6,8,3,N
15078,0,3,1,0,2,1,1,2,3.48,4.0,55.73,0.0,6,0.25,3.1,13.93,2,4,1,4,3,N
18201,3,1,0,6,1,1,1,10,48.65,3.6,630.5,0.06,46,0.28,35.03,175.14,18,28,10,4,10,N
15761,0,1,0,0,1,1,1,0,7.74,1.5,17.41,0.0,5,0.67,0.97,11.61,2,3,2,3,0,N
21715,0,1,0,0,1,1,1,0,10.68,4.67,232.53,0.02,15,0.21,12.92,49.83,4,11,3,7,0,N
22676,0,3,0,0,2,2,1,4,13.67,6.0,492.27,0.03,21,0.17,27.35,82.04,6,15,5,10,4,N
16327,0,1,0,0,1,1,1,0,5.33,1.5,12.0,0.0,4,0.67,0.67,8.0,1,3,1,3,0,N
18046,0,1,0,0,1,1,1,4,10.24,7.0,501.89,0.02,20,0.14,27.88,71.7,7,13,4,8,4,N
22038,26,3,0,1,2,2,1,17,48.99,8.4,3456.99,0.14,79,0.12,192.06,411.55,35,44,25,12,17,N
20871,1,1,0,2,1,1,1,4,12.63,3.33,140.37,0.01,15,0.3,7.8,42.11,5,10,3,4,4,N
23534,1,1,0,4,1,1,1,4,21.67,1.8,70.2,0.01,13,0.56,3.9,39.0,6,7,5,3,4,N
18441,0,3,0,0,2,2,1,10,13.4,7.0,656.36,0.03,24,0.14,36.46,93.77,7,17,5,10,10,N
14748,3,1,0,0,1,1,1,2,7.74,1.5,17.41,0.0,5,0.67,0.97,11.61,2,3,2,3,2,N
18559,1,5,0,0,3,3,1,13,17.24,7.5,969.51,0.04,31,0.13,53.86,129.27,12,19,8,10,13,N
16828,0,1,0,0,1,1,1,0,16.5,2.0,66.0,0.01,11,0.5,3.67,33.0,4,7,4,4,0,N
21470,0,1,0,0,1,1,1,0,7.74,1.5,17.41,0.0,5,0.67,0.97,11.61,2,3,2,3,0,N
15511,0,1,0,0,1,1,1,0,7.86,2.5,49.13,0.01,7,0.4,2.73,19.65,2,5,2,5,0,N
18976,0,3,0,0,2,2,1,0,7.86,2.5,49.13,0.01,7,0.4,2.73,19.65,2,5,2,5,0,N
14302,0,1,0,0,1,1,1,0,9.83,2.0,39.3,0.01,7,0.5,2.18,19.65,3,4,3,4,0,N
16364,0,1,0,0,1,1,1,0,7.74,1.5,17.41,0.0,5,0.67,0.97,11.61,2,3,2,3,0,N
21219,6,13,2,8,7,1,1,42,15.91,36.75,21489.13,0.19,114,0.03,1193.84,584.74,49,65,14,21,44,N
18578,3,1,0,0,1,1,1,2,7.75,2.0,31.02,0.01,6,0.5,1.72,15.51,2,4,2,4,2,N
19396,0,1,0,0,1,1,1,0,11.86,3.5,145.3,0.01,12,0.29,8.07,41.51,4,8,4,7,0,N
17311,0,5,0,0,3,2,1,7,11.89,13.13,2048.55,0.05,35,0.08,113.81,156.08,15,20,8,14,7,N
19686,0,3,0,1,2,1,1,8,17.45,8.13,1151.94,0.05,34,0.12,64.0,141.78,13,21,8,10,8,N
16551,0,7,0,0,4,3,1,6,14.76,4.5,298.97,0.02,20,0.22,16.61,66.44,9,11,5,5,6,N
23452,0,1,0,0,1,1,1,0,7.74,1.5,17.41,0.0,5,0.67,0.97,11.61,2,3,2,3,0,N
22780,0,1,0,0,1,1,1,0,7.86,2.5,49.13,0.01,7,0.4,2.73,19.65,2,5,2,5,0,N
14282,0,1,0,0,1,1,1,6,17.51,5.0,437.85,0.03,23,0.2,24.32,87.57,10,13,7,7,6,N
20755,0,1,0,1,1,1,1,1,0.0,0.0,0.0,0.0,1,0.0,0.0,0.0,0,1,0,1,1,N
20397,0,1,0,0,1,1,1,2,13.5,2.0,54.0,0.01,9,0.5,3.0,27.0,4,5,4,4,2,N
19842,13,25,0,9,1,1,1,50,29.29,39.74,46258.22,0.39,194,0.03,2569.9,1164.0,58,136,27,37,50,N
16780,0,1,0,0,1,1,1,0,6.2,2.5,38.77,0.01,6,0.4,2.15,15.51,1,5,1,5,0,N
20402,0,1,0,0,1,1,1,1,7.74,1.5,17.41,0.0,5,0.67,0.97,11.61,2,3,2,3,1,N
20394,2,7,0,0,4,2,3,11,12.35,16.0,3162.47,0.07,45,0.06,175.69,197.65,16,29,7,14,11,N
16211,0,1,0,0,1,1,1,0,11.23,2.0,44.92,0.01,8,0.5,2.5,22.46,3,5,3,4,0,N
22511,0,1,0,0,1,1,1,0,5.8,2.0,23.22,0.0,5,0.5,1.29,11.61,1,4,1,4,0,N
16181,3,1,0,0,1,1,1,2,7.75,2.0,31.02,0.01,6,0.5,1.72,15.51,2,4,2,4,2,N
18859,0,3,0,0,2,2,1,3,14.28,4.0,228.44,0.02,15,0.25,12.69,57.11,6,9,6,8,3,N
15387,0,1,0,0,1,1,1,0,7.74,1.5,17.41,0.0,5,0.67,0.97,11.61,2,3,2,3,0,N
19876,0,1,0,0,1,1,1,0,7.86,2.5,49.13,0.01,7,0.4,2.73,19.65,2,5,2,5,0,N
18891,1,3,0,0,2,1,1,8,15.07,9.75,1432.72,0.05,34,0.1,79.6,146.95,13,21,8,12,8,N
17959,1,1,0,0,1,1,1,9,34.4,5.0,860.0,0.06,43,0.2,47.78,172.0,22,21,11,5,9,N
14410,0,1,0,0,1,1,1,0,0.0,0.0,0.0,0.0,0,0.0,0.0,0.0,0,0,0,0,0,N
18494,0,3,0,0,2,2,1,4,10.88,5.6,341.29,0.02,17,0.18,18.96,60.94,8,9,5,7,4,N
17096,0,1,0,0,1,1,1,0,5.33,1.5,12.0,0.0,4,0.67,0.67,8.0,1,3,1,3,0,N
22517,0,1,0,0,1,1,1,0,5.8,2.0,23.22,0.0,5,0.5,1.29,11.61,1,4,1,4,0,N
20192,0,3,0,0,2,2,1,5,17.22,4.08,287.09,0.02,19,0.24,15.95,70.31,7,12,6,7,5,N
17352,0,3,0,0,2,1,1,0,7.75,2.0,31.02,0.01,6,0.5,1.72,15.51,2,4,2,4,0,N
23472,0,1,0,0,1,1,1,0,12.68,2.5,79.25,0.01,10,0.4,4.4,31.7,4,6,4,5,0,N
22746,0,1,0,0,1,1,1,0,5.33,1.5,12.0,0.0,4,0.67,0.67,8.0,1,3,1,3,0,N
19238,0,3,0,0,2,2,1,4,11.99,6.67,533.03,0.03,21,0.15,29.61,79.95,10,11,6,8,4,N
21551,0,1,0,0,1,1,1,0,5.33,1.5,12.0,0.0,4,0.67,0.67,8.0,1,3,1,3,0,N
18006,10,21,4,16,11,10,11,36,64.48,21.79,30627.51,0.47,253,0.05,1701.53,1405.31,114,139,34,13,40,N
17910,2,5,1,0,3,2,1,14,29.73,6.79,1368.94,0.07,44,0.15,76.05,201.74,19,25,14,10,15,N
15299,0,1,0,0,1,1,1,0,7.74,1.5,17.41,0.0,5,0.67,0.97,11.61,2,3,2,3,0,N
16678,13,5,2,4,3,2,3,39,55.48,19.5,21096.95,0.36,197,0.05,1172.05,1081.9,96,101,32,13,41,Y
14169,0,1,1,0,1,1,1,1,10.44,3.5,127.89,0.01,11,0.29,7.11,36.54,3,8,3,7,2,N
18154,0,1,0,1,1,1,1,2,6.2,2.5,38.77,0.01,6,0.4,2.15,15.51,1,5,1,5,2,N
22961,10,1,0,9,1,1,1,7,44.77,2.18,213.1,0.03,25,0.46,11.84,97.67,12,13,11,4,7,N
19872,1,5,0,0,3,3,1,13,17.24,7.5,969.51,0.04,31,0.13,53.86,129.27,12,19,8,10,13,N
17242,0,1,0,0,1,1,1,0,5.8,2.0,23.22,0.0,5,0.5,1.29,11.61,1,4,1,4,0,N
18592,0,1,0,0,1,1,1,0,0.0,0.0,0.0,0.0,0,0.0,0.0,0.0,0,0,0,0,0,N
21580,1,5,0,3,3,3,1,19,19.07,10.91,2270.01,0.07,46,0.09,126.11,208.08,20,26,11,12,19,N
17055,0,1,0,0,1,1,1,0,5.33,1.5,12.0,0.0,4,0.67,0.67,8.0,1,3,1,3,0,N
21262,2,7,0,6,4,3,1,16,11.2,18.2,3710.99,0.07,48,0.05,206.17,203.9,13,35,5,14,16,N
22784,0,3,0,0,2,2,1,0,7.86,2.5,49.13,0.01,7,0.4,2.73,19.65,2,5,2,5,0,N
21490,0,1,0,0,1,1,1,0,0.0,0.0,0.0,0.0,0,0.0,0.0,0.0,0,0,0,0,0,N
15090,4,3,0,0,2,2,1,27,98.83,17.19,29200.73,0.57,290,0.06,1622.26,1698.81,119,171,45,13,27,N
20042,0,5,0,0,3,1,3,3,8.96,6.0,322.65,0.02,15,0.17,17.92,53.77,6,9,4,8,3,N
19218,0,1,0,0,1,1,1,0,5.33,1.5,12.0,0.0,4,0.67,0.67,8.0,1,3,1,3,0,N
18520,0,1,0,0,1,1,1,2,8.98,2.5,56.15,0.01,8,0.4,3.12,22.46,2,6,2,5,2,N
18144,0,1,0,0,1,1,1,0,5.33,1.5,12.0,0.0,4,0.67,0.67,8.0,1,3,1,3,0,N
22347,0,1,0,0,1,1,1,3,20.6,2.0,82.42,0.01,13,0.5,4.58,41.21,5,8,5,4,3,N
14423,1,3,0,0,2,1,1,8,15.07,9.75,1432.72,0.05,34,0.1,79.6,146.95,13,21,8,12,8,N
22549,2,3,0,0,2,2,1,27,69.11,13.17,11980.44,0.3,176,0.08,665.58,909.91,79,97,27,9,27,N
22957,10,1,0,9,1,1,1,7,44.77,2.18,213.1,0.03,25,0.46,11.84,97.67,12,13,11,4,7,N
20373,0,1,0,0,1,1,1,4,10.24,7.0,501.89,0.02,20,0.14,27.88,71.7,7,13,4,8,4,N
19831,2,9,0,0,5,5,1,27,38.02,17.63,11820.23,0.22,138,0.06,656.68,670.4,67,71,19,10,27,N
19622,13,7,2,15,1,1,1,31,67.41,13.9,13032.61,0.31,160,0.07,724.03,937.28,73,87,42,16,33,N
20203,0,1,0,0,1,1,1,2,8.0,1.0,8.0,0.0,4,1.0,0.44,8.0,2,2,2,2,2,N
20668,0,1,0,0,1,1,1,0,5.8,2.0,23.22,0.0,5,0.5,1.29,11.61,1,4,1,4,0,N
17694,0,1,0,0,1,1,1,0,7.75,2.0,31.02,0.01,6,0.5,1.72,15.51,2,4,2,4,0,N
18064,0,1,0,0,1,1,1,6,17.51,5.0,437.85,0.03,23,0.2,24.32,87.57,10,13,7,7,6,N
15283,0,1,0,0,1,1,1,0,7.74,1.5,17.41,0.0,5,0.67,0.97,11.61,2,3,2,3,0,N
14637,0,1,0,0,1,1,1,0,7.74,1.5,17.41,0.0,5,0.67,0.97,11.61,2,3,2,3,0,N
17698,0,1,0,0,1,1,1,0,7.75,2.0,31.02,0.01,6,0.5,1.72,15.51,2,4,2,4,0,N
23466,0,3,0,0,2,2,1,4,10.88,5.6,341.29,0.02,17,0.18,18.96,60.94,8,9,5,7,4,N
23394,0,1,0,0,1,1,1,0,7.75,2.0,31.02,0.01,6,0.5,1.72,15.51,2,4,2,4,0,N
19208,0,1,0,0,1,1,1,0,0.0,0.0,0.0,0.0,1,0.0,0.0,0.0,0,1,0,1,0,N
19454,0,1,0,0,1,1,1,0,6.55,3.0,58.95,0.01,7,0.33,3.28,19.65,1,6,1,6,0,N
22982,8,5,4,3,3,3,1,34,41.8,21.67,19620.65,0.3,178,0.05,1090.04,905.57,70,108,21,13,38,Y
21079,2,3,0,0,2,2,1,11,11.18,9.6,1030.2,0.04,29,0.1,57.23,107.31,12,17,5,8,11,N
22406,0,1,0,0,1,1,1,4,16.23,4.5,328.87,0.02,22,0.22,18.27,73.08,9,13,5,5,4,N
19816,0,1,0,0,1,1,1,0,9.51,3.0,85.59,0.01,9,0.33,4.75,28.53,3,6,3,6,0,N
23012,1,5,0,0,3,3,1,13,17.24,7.5,969.51,0.04,31,0.13,53.86,129.27,12,19,8,10,13,N
14815,1,1,0,0,1,1,1,2,7.74,1.5,17.41,0.0,5,0.67,0.97,11.61,2,3,2,3,2,N
14253,0,1,0,0,1,1,1,0,8.3,6.67,369.01,0.02,16,0.15,20.5,55.35,5,11,3,8,0,N
15188,12,1,13,9,1,1,1,6,76.17,7.41,4179.42,0.19,110,0.14,232.19,564.22,50,60,27,8,19,N
19636,0,1,0,0,1,1,1,0,5.33,1.5,12.0,0.0,4,0.67,0.67,8.0,1,3,1,3,0,N
18532,0,1,0,0,1,1,1,2,5.33,1.5,12.0,0.0,4,0.67,0.67,8.0,1,3,1,3,2,N
17788,0,1,0,0,1,1,1,0,11.86,3.5,145.3,0.01,12,0.29,8.07,41.51,4,8,4,7,0,N
14422,1,3,0,0,2,1,1,8,15.07,9.75,1432.72,0.05,34,0.1,79.6,146.95,13,21,8,12,8,N
14586,0,1,0,0,1,1,1,0,7.74,1.5,17.41,0.0,5,0.67,0.97,11.61,2,3,2,3,0,N
15764,0,3,0,0,2,2,1,5,15.36,3.5,188.21,0.02,15,0.29,10.46,53.77,5,10,5,7,5,N
17275,0,3,0,0,2,2,1,8,23.46,10.29,2485.24,0.08,52,0.1,138.07,241.48,19,33,12,13,8,N
18880,0,1,0,0,1,1,1,0,7.74,1.5,17.41,0.0,5,0.67,0.97,11.61,2,3,2,3,0,N
22783,0,3,0,0,2,2,1,0,7.75,2.0,31.02,0.01,6,0.5,1.72,15.51,2,4,2,4,0,N
22612,0,1,0,0,1,1,1,0,0.0,0.0,0.0,0.0,0,0.0,0.0,0.0,0,0,0,0,0,N
20812,0,1,1,0,1,1,1,1,7.75,2.0,31.02,0.01,6,0.5,1.72,15.51,2,4,2,4,2,N
18184,4,5,0,6,3,3,1,10,27.97,8.25,1903.71,0.08,48,0.12,105.76,230.75,22,26,16,12,10,N
18997,0,1,0,0,1,1,1,0,6.2,2.5,38.77,0.01,6,0.4,2.15,15.51,1,5,1,5,0,N
14154,0,1,1,0,1,1,1,1,9.83,2.0,39.3,0.01,7,0.5,2.18,19.65,3,4,3,4,2,N
15396,0,1,0,0,1,1,1,0,7.74,1.5,17.41,0.0,5,0.67,0.97,11.61,2,3,2,3,0,N
20067,0,1,0,0,1,1,1,0,5.33,1.5,12.0,0.0,4,0.67,0.67,8.0,1,3,1,3,0,N
17538,0,1,0,0,1,1,1,0,7.74,1.5,17.41,0.0,5,0.67,0.97,11.61,2,3,2,3,0,N
17223,0,1,0,0,1,1,1,0,7.74,1.5,17.41,0.0,5,0.67,0.97,11.61,2,3,2,3,0,N
15687,0,3,0,0,2,2,1,4,21.5,7.15,1099.18,0.05,35,0.14,61.07,153.73,13,22,10,11,4,N
17570,0,1,0,0,1,1,1,0,5.33,1.5,12.0,0.0,4,0.67,0.67,8.0,1,3,1,3,0,N
14904,0,1,0,0,1,1,1,2,7.74,1.5,17.41,0.0,5,0.67,0.97,11.61,2,3,2,3,2,N
23134,0,1,0,0,1,1,1,0,5.33,1.5,12.0,0.0,4,0.67,0.67,8.0,1,3,1,3,0,N
21471,0,1,0,0,1,1,1,1,7.74,1.5,17.41,0.0,5,0.67,0.97,11.61,2,3,2,3,1,N
15574,0,1,0,0,1,1,1,0,7.74,1.5,17.41,0.0,5,0.67,0.97,11.61,2,3,2,3,0,N
17739,1,5,0,0,3,3,1,13,17.24,7.5,969.51,0.04,31,0.13,53.86,129.27,12,19,8,10,13,N
17899,0,1,0,0,1,1,1,0,7.75,2.0,31.02,0.01,6,0.5,1.72,15.51,2,4,2,4,0,N
15880,0,1,0,0,1,1,1,0,7.75,2.0,31.02,0.01,6,0.5,1.72,15.51,2,4,2,4,0,N
20043,0,5,0,0,3,1,3,3,8.96,6.0,322.65,0.02,15,0.17,17.92,53.77,6,9,4,8,3,N
17110,0,1,0,0,1,1,1,0,5.33,1.5,12.0,0.0,4,0.67,0.67,8.0,1,3,1,3,0,N
22876,0,3,0,0,2,2,1,6,32.09,5.71,1047.99,0.06,40,0.18,58.22,183.4,16,24,14,10,6,N
18290,2,5,0,3,3,2,1,10,14.31,15.11,3267.33,0.07,46,0.07,181.52,216.22,16,30,9,17,10,N
15722,0,1,0,0,1,1,1,0,7.75,2.0,31.02,0.01,6,0.5,1.72,15.51,2,4,2,4,0,N
17281,1,3,0,2,2,2,1,12,14.73,8.94,1176.94,0.04,31,0.11,65.39,131.69,13,18,8,11,12,N
19190,0,1,0,0,1,1,1,0,9.51,3.0,85.59,0.01,9,0.33,4.75,28.53,3,6,3,6,0,N
16222,0,1,0,0,1,1,1,0,7.75,2.0,31.02,0.01,6,0.5,1.72,15.51,2,4,2,4,0,N
18991,0,1,0,0,1,1,1,0,7.75,2.0,31.02,0.01,6,0.5,1.72,15.51,2,4,2,4,0,N
21813,1,9,0,0,5,3,3,12,17.46,16.55,4779.2,0.1,63,0.06,265.51,288.85,28,35,11,13,12,N
21885,0,1,0,0,1,1,1,0,0.0,0.0,0.0,0.0,0,0.0,0.0,0.0,0,0,0,0,0,N
20442,0,1,0,0,1,1,1,3,9.51,3.0,85.59,0.01,9,0.33,4.75,28.53,3,6,3,6,3,N
22340,0,1,0,0,1,1,1,0,6.2,2.5,38.77,0.01,6,0.4,2.15,15.51,1,5,1,5,0,N
20918,0,1,0,0,1,1,1,2,7.86,2.5,49.13,0.01,7,0.4,2.73,19.65,2,5,2,5,2,N
18263,2,5,0,2,3,2,1,10,14.31,15.11,3267.33,0.07,46,0.07,181.52,216.22,16,30,9,17,10,N
20127,0,3,0,0,2,2,1,0,9.32,5.0,233.02,0.02,13,0.2,12.95,46.6,5,8,4,8,0,N
17012,0,1,0,0,1,1,1,0,5.33,1.5,12.0,0.0,4,0.67,0.67,8.0,1,3,1,3,0,N
21996,0,1,0,0,1,1,1,0,7.75,2.0,31.02,0.01,6,0.5,1.72,15.51,2,4,2,4,0,N
21911,0,1,0,0,1,1,1,0,8.3,6.0,298.97,0.02,15,0.17,16.61,49.83,3,12,2,8,0,N
22173,0,1,0,0,1,1,1,0,7.75,2.0,31.02,0.01,6,0.5,1.72,15.51,2,4,2,4,0,N
17021,0,1,0,0,1,1,1,0,5.33,1.5,12.0,0.0,4,0.67,0.67,8.0,1,3,1,3,0,N
22032,0,1,0,0,1,1,1,2,5.33,1.5,12.0,0.0,4,0.67,0.67,8.0,1,3,1,3,2,N
19170,0,1,0,0,1,1,1,0,7.75,2.0,31.02,0.01,6,0.5,1.72,15.51,2,4,2,4,0,N
22258,2,13,1,8,7,6,6,54,25.11,40.0,40181.42,0.33,184,0.03,2232.3,1004.54,80,104,22,22,55,N
23202,0,1,0,0,1,1,1,0,5.33,1.5,12.0,0.0,4,0.67,0.67,8.0,1,3,1,3,0,N
14783,1,1,0,0,1,1,1,2,7.74,1.5,17.41,0.0,5,0.67,0.97,11.61,2,3,2,3,2,N
19326,0,1,0,0,1,1,1,2,8.98,2.5,56.15,0.01,8,0.4,3.12,22.46,2,6,2,5,2,N
23336,0,1,0,0,1,1,1,0,7.75,2.0,31.02,0.01,6,0.5,1.72,15.51,2,4,2,4,0,N
22328,0,1,0,0,1,1,1,0,7.33,4.5,148.5,0.01,11,0.22,8.25,33.0,3,8,2,6,0,N
21422,0,3,0,0,2,1,1,4,11.52,3.75,161.94,0.01,13,0.27,9.0,43.19,5,8,4,6,4,N
22394,0,1,0,0,1,1,1,0,7.74,1.5,17.41,0.0,5,0.67,0.97,11.61,2,3,2,3,0,N
17854,0,1,0,0,1,1,1,0,5.33,1.5,12.0,0.0,4,0.67,0.67,8.0,1,3,1,3,0,N
22091,1,5,0,0,3,1,1,9,9.88,5.25,272.43,0.02,15,0.19,15.14,51.89,6,9,4,7,9,N
18774,3,3,0,0,2,2,1,10,20.57,8.56,1505.78,0.06,44,0.12,83.65,176.0,22,22,9,7,10,N
23407,0,3,0,0,2,1,1,0,7.75,2.0,31.02,0.01,6,0.5,1.72,15.51,2,4,2,4,0,N
20779,3,13,0,15,7,3,4,24,14.41,32.63,15335.18,0.16,100,0.03,851.95,470.04,29,71,8,18,24,N
18881,0,1,0,0,1,1,1,0,6.2,2.5,38.77,0.01,6,0.4,2.15,15.51,1,5,1,5,0,N
18660,0,1,0,0,1,1,1,0,9.0,3.0,81.0,0.01,9,0.33,4.5,27.0,2,7,2,6,0,N
21217,0,1,0,0,1,1,1,4,8.0,4.5,162.0,0.01,12,0.22,9.0,36.0,3,9,2,6,4,N
17370,0,1,0,0,1,1,1,0,5.33,1.5,12.0,0.0,4,0.67,0.67,8.0,1,3,1,3,0,N
16589,2,23,9,6,17,15,7,43,34.14,30.0,30723.65,0.34,172,0.03,1706.87,1024.11,64,108,32,30,52,N
19715,0,1,0,0,1,1,1,0,0.0,0.0,0.0,0.0,1,0.0,0.0,0.0,0,1,0,1,0,N
15212,0,1,0,0,1,1,1,0,0.0,0.0,0.0,0.0,1,0.0,0.0,0.0,0,1,0,1,0,N
21250,0,1,0,0,1,1,1,6,11.68,5.33,332.11,0.02,18,0.19,18.45,62.27,4,14,3,8,6,N
18058,1,5,0,0,3,3,1,13,17.24,7.5,969.51,0.04,31,0.13,53.86,129.27,12,19,8,10,13,N
17382,0,1,0,0,1,1,1,0,9.51,3.0,85.59,0.01,9,0.33,4.75,28.53,3,6,3,6,0,N
19757,0,1,0,0,1,1,1,0,7.75,2.0,31.02,0.01,6,0.5,1.72,15.51,2,4,2,4,0,N
16571,2,3,2,0,2,1,1,9,12.13,11.0,1467.81,0.04,32,0.09,81.55,133.44,11,21,6,12,11,N
19226,0,3,0,0,2,2,1,4,21.5,7.15,1099.18,0.05,35,0.14,61.07,153.73,13,22,10,11,4,N
18582,0,1,0,0,1,1,1,0,7.75,2.0,31.02,0.01,6,0.5,1.72,15.51,2,4,2,4,0,N
15643,0,1,0,0,1,1,1,0,7.74,1.5,17.41,0.0,5,0.67,0.97,11.61,2,3,2,3,0,N
14245,0,1,0,0,1,1,1,4,10.24,7.0,501.89,0.02,20,0.14,27.88,71.7,7,13,4,8,4,N
20435,0,1,0,1,1,1,1,2,5.8,2.0,23.22,0.0,5,0.5,1.29,11.61,1,4,1,4,2,N
17327,0,1,0,0,1,1,1,3,9.51,3.0,85.59,0.01,9,0.33,4.75,28.53,3,6,3,6,3,N
14112,18,18,14,27,1,1,1,67,31.0,44.38,61064.32,0.46,238,0.02,3392.46,1375.96,99,139,29,26,81,Y
21874,0,1,0,0,1,1,1,0,0.0,0.0,0.0,0.0,0,0.0,0.0,0.0,0,0,0,0,0,N
21892,0,1,0,0,1,1,1,0,0.0,0.0,0.0,0.0,0,0.0,0.0,0.0,0,0,0,0,0,N
22224,0,1,0,0,1,1,1,0,7.75,2.0,31.02,0.01,6,0.5,1.72,15.51,2,4,2,4,0,N
20370,0,1,0,0,1,1,1,0,9.51,3.0,85.59,0.01,9,0.33,4.75,28.53,3,6,3,6,0,N
19700,0,1,0,0,1,1,1,4,9.47,2.67,67.38,0.01,9,0.38,3.74,25.27,4,5,3,4,4,N
23377,0,1,0,0,1,1,1,0,7.75,2.0,31.02,0.01,6,0.5,1.72,15.51,2,4,2,4,0,N
17943,3,7,0,4,1,1,1,27,34.35,13.68,6431.58,0.16,94,0.07,357.31,470.0,40,54,19,13,27,N
19705,0,3,0,0,2,2,1,0,6.69,7.5,376.42,0.02,14,0.13,20.91,50.19,5,9,3,9,0,N
23178,0,1,0,0,1,1,1,0,5.33,1.5,12.0,0.0,4,0.67,0.67,8.0,1,3,1,3,0,N
15905,0,1,0,0,1,1,1,0,6.89,3.0,62.04,0.01,8,0.33,3.45,20.68,3,5,2,4,0,N
18608,0,1,0,0,1,1,1,4,23.8,4.0,380.74,0.03,25,0.25,21.15,95.18,8,17,7,7,4,N
20522,1,5,0,3,3,3,1,19,19.07,10.91,2270.01,0.07,46,0.09,126.11,208.08,20,26,11,12,19,N
17356,0,1,0,0,1,1,1,0,7.75,2.0,31.02,0.01,6,0.5,1.72,15.51,2,4,2,4,0,N
19427,0,1,0,0,1,1,1,0,12.68,2.5,79.25,0.01,10,0.4,4.4,31.7,4,6,4,5,0,N
22709,4,1,4,9,1,1,1,11,41.79,8.86,3278.32,0.12,83,0.11,182.13,370.13,31,52,14,8,15,N
16659,8,17,32,3,13,10,4,48,34.8,34.72,41961.57,0.4,212,0.03,2331.2,1208.49,75,137,27,25,80,N
23064,0,3,0,0,2,2,1,5,17.22,4.08,287.09,0.02,19,0.24,15.95,70.31,7,12,6,7,5,N
22778,0,1,0,0,1,1,1,0,6.55,3.0,58.95,0.01,7,0.33,3.28,19.65,1,6,1,6,0,N
21801,2,13,1,8,7,6,6,54,25.11,40.0,40181.42,0.33,184,0.03,2232.3,1004.54,80,104,22,22,55,N
18778,0,1,0,0,1,1,1,2,9.49,3.5,116.27,0.01,10,0.29,6.46,33.22,3,7,3,7,2,N
14907,0,1,0,0,1,1,1,2,7.74,1.5,17.41,0.0,5,0.67,0.97,11.61,2,3,2,3,2,N
18372,5,11,0,6,6,5,1,20,25.3,15.47,6054.18,0.13,79,0.06,336.34,391.38,33,46,16,15,20,N
20128,0,3,0,0,2,2,1,0,9.32,5.0,233.02,0.02,13,0.2,12.95,46.6,5,8,4,8,0,N
20841,10,21,6,14,11,2,1,48,26.08,61.0,97037.94,0.53,288,0.02,5391.0,1590.79,122,166,23,23,54,N
14606,0,3,0,0,2,2,1,4,13.67,6.0,492.27,0.03,21,0.17,27.35,82.04,6,15,5,10,4,N
14546,0,1,0,0,1,1,1,2,5.33,1.5,12.0,0.0,4,0.67,0.67,8.0,1,3,1,3,2,N
20620,0,1,0,0,1,1,1,0,7.75,2.0,31.02,0.01,6,0.5,1.72,15.51,2,4,2,4,0,N
17942,3,7,0,4,1,1,1,27,34.35,13.68,6431.58,0.16,94,0.07,357.31,470.0,40,54,19,13,27,N
18127,0,1,0,0,1,1,1,0,7.75,2.0,31.02,0.01,6,0.5,1.72,15.51,2,4,2,4,0,N
14138,2,1,0,3,1,1,1,7,20.08,5.5,607.27,0.04,29,0.18,33.74,110.41,11,18,7,7,7,N
18909,0,1,0,0,1,1,1,0,7.75,2.0,31.02,0.01,6,0.5,1.72,15.51,2,4,2,4,0,N
18584,0,5,0,0,3,2,1,7,11.89,13.13,2048.55,0.05,35,0.08,113.81,156.08,15,20,8,14,7,N
22632,0,3,0,0,2,1,1,0,7.75,2.0,31.02,0.01,6,0.5,1.72,15.51,2,4,2,4,0,N
22620,1,3,0,0,2,1,1,8,15.07,9.75,1432.72,0.05,34,0.1,79.6,146.95,13,21,8,12,8,N
18978,0,3,0,0,2,2,1,3,14.28,4.0,228.44,0.02,15,0.25,12.69,57.11,6,9,6,8,3,N
14427,0,1,0,0,1,1,1,0,0.0,0.0,0.0,0.0,0,0.0,0.0,0.0,0,0,0,0,0,N
17180,3,5,6,7,3,1,1,7,18.89,8.44,1345.03,0.05,39,0.12,74.72,159.41,15,24,8,9,13,N
23469,0,1,0,0,1,1,1,0,7.74,1.5,17.41,0.0,5,0.67,0.97,11.61,2,3,2,3,0,N
17002,0,1,0,0,1,1,1,0,5.33,1.5,12.0,0.0,4,0.67,0.67,8.0,1,3,1,3,0,N
16956,0,1,0,0,1,1,1,0,5.33,1.5,12.0,0.0,4,0.67,0.67,8.0,1,3,1,3,0,N
20476,0,1,0,0,1,1,1,2,5.33,1.5,12.0,0.0,4,0.67,0.67,8.0,1,3,1,3,2,N
22704,15,1,0,29,1,1,1,17,117.18,2.67,833.27,0.1,65,0.38,46.29,312.48,32,33,24,4,17,N
23282,0,1,0,0,1,1,1,0,5.33,1.5,12.0,0.0,4,0.67,0.67,8.0,1,3,1,3,0,N
21216,1,3,0,0,2,2,1,11,37.46,4.85,879.68,0.06,42,0.21,48.87,181.52,18,24,13,7,11,N
19672,0,1,0,0,1,1,1,0,5.33,1.5,12.0,0.0,4,0.67,0.67,8.0,1,3,1,3,0,N
23485,11,3,0,5,2,2,1,16,25.41,12.54,3993.6,0.11,67,0.08,221.87,318.58,27,40,14,13,16,N
18057,1,5,0,0,3,3,1,13,16.4,7.07,820.29,0.04,29,0.14,45.57,116.0,11,18,7,9,13,N
16919,0,1,0,0,1,1,1,2,5.33,1.5,12.0,0.0,4,0.67,0.67,8.0,1,3,1,3,2,N
14545,0,1,0,0,1,1,1,2,5.33,1.5,12.0,0.0,4,0.67,0.67,8.0,1,3,1,3,2,N
18196,3,5,0,3,3,3,1,19,18.73,24.38,11126.44,0.15,96,0.04,618.14,456.47,39,57,12,15,19,N
23176,0,1,0,0,1,1,1,2,5.33,1.5,12.0,0.0,4,0.67,0.67,8.0,1,3,1,3,2,N
18164,0,3,0,0,2,2,1,11,36.01,9.96,3573.4,0.12,83,0.1,198.52,358.72,37,46,13,7,11,N
19464,0,1,0,0,1,1,1,0,9.0,3.0,81.0,0.01,9,0.33,4.5,27.0,2,7,2,6,0,N
19354,0,1,0,0,1,1,1,4,10.24,7.0,501.89,0.02,20,0.14,27.88,71.7,7,13,4,8,4,N
20651,0,1,0,0,1,1,1,0,7.75,2.0,31.02,0.01,6,0.5,1.72,15.51,2,4,2,4,0,N
19179,0,1,0,0,1,1,1,0,6.55,3.0,58.95,0.01,7,0.33,3.28,19.65,1,6,1,6,0,N
14941,0,1,0,0,1,1,1,2,7.74,1.5,17.41,0.0,5,0.67,0.97,11.61,2,3,2,3,2,N
17017,0,1,0,0,1,1,1,0,5.8,2.0,23.22,0.0,5,0.5,1.29,11.61,1,4,1,4,0,N
14396,0,1,0,0,1,1,1,0,11.86,3.5,145.3,0.01,12,0.29,8.07,41.51,4,8,4,7,0,N
21577,0,1,0,0,1,1,1,0,8.3,6.67,369.01,0.02,16,0.15,20.5,55.35,5,11,3,8,0,N
22274,0,1,0,0,1,1,1,0,3.0,1.0,3.0,0.0,3,1.0,0.17,3.0,2,1,1,1,0,N
22825,0,1,0,0,1,1,1,0,7.75,2.0,31.02,0.01,6,0.5,1.72,15.51,2,4,2,4,0,N
17621,0,1,0,0,1,1,1,2,13.5,2.0,54.0,0.01,9,0.5,3.0,27.0,4,5,4,4,2,N
17555,19,11,0,2,6,4,3,22,26.88,10.77,3117.78,0.1,64,0.09,173.21,289.51,28,36,13,10,22,N
22357,0,1,0,0,1,1,1,0,7.75,2.0,31.02,0.01,6,0.5,1.72,15.51,2,4,2,4,0,N
22194,0,1,0,0,1,1,1,0,7.75,2.0,31.02,0.01,6,0.5,1.72,15.51,2,4,2,4,0,N
22634,0,3,0,0,2,1,1,0,7.75,2.0,31.02,0.01,6,0.5,1.72,15.51,2,4,2,4,0,N
22505,4,7,3,2,4,2,1,19,19.23,20.0,7691.77,0.13,80,0.05,427.32,384.59,30,50,12,16,22,N
22902,0,1,0,0,1,1,1,5,27.63,2.81,218.56,0.03,21,0.36,12.14,77.71,9,12,8,5,5,N
17607,1,5,0,0,3,3,1,13,17.24,7.5,969.51,0.04,31,0.13,53.86,129.27,12,19,8,10,13,N
20555,0,1,0,0,1,1,1,0,5.8,2.0,23.22,0.0,5,0.5,1.29,11.61,1,4,1,4,0,N
19639,0,1,0,0,1,1,1,0,0.0,0.0,0.0,0.0,1,0.0,0.0,0.0,0,1,0,1,0,N
15819,0,1,0,0,1,1,1,0,5.33,1.5,12.0,0.0,4,0.67,0.67,8.0,1,3,1,3,0,N
17245,0,1,0,0,1,1,1,0,5.33,1.5,12.0,0.0,4,0.67,0.67,8.0,1,3,1,3,0,N
15148,0,1,0,0,1,1,1,2,7.81,9.0,632.78,0.02,19,0.11,35.15,70.31,8,11,4,9,2,N
16160,1,5,0,0,3,3,1,13,17.24,7.5,969.51,0.04,31,0.13,53.86,129.27,12,19,8,10,13,N
18399,4,5,0,2,3,3,1,31,46.98,12.6,7458.76,0.2,112,0.08,414.38,591.97,45,67,25,14,31,N
15327,0,1,0,0,1,1,1,0,5.33,1.5,12.0,0.0,4,0.67,0.67,8.0,1,3,1,3,0,N
22584,0,1,0,0,1,1,1,0,7.86,2.5,49.13,0.01,7,0.4,2.73,19.65,2,5,2,5,0,N
16081,0,1,0,0,1,1,1,0,5.33,1.5,12.0,0.0,4,0.67,0.67,8.0,1,3,1,3,0,N
18188,6,5,1,7,3,3,1,14,36.11,11.56,4827.88,0.14,79,0.09,268.22,417.55,37,42,24,15,15,N
20065,15,1,0,21,1,1,1,10,64.25,2.25,325.25,0.05,37,0.44,18.07,144.55,18,19,12,3,10,N
19711,2,7,0,0,4,2,3,11,12.35,16.0,3162.47,0.07,45,0.06,175.69,197.65,16,29,7,14,11,N
19011,0,1,0,0,1,1,1,0,7.75,2.0,31.02,0.01,6,0.5,1.72,15.51,2,4,2,4,0,N
19909,0,1,0,0,1,1,1,0,0.0,0.0,0.0,0.0,0,0.0,0.0,0.0,0,0,0,0,0,N
21267,1,1,0,0,1,1,1,5,19.81,2.4,114.12,0.02,15,0.42,6.34,47.55,6,9,5,4,5,N
19561,0,1,0,0,1,1,1,0,5.33,1.5,12.0,0.0,4,0.67,0.67,8.0,1,3,1,3,0,N
22007,0,1,0,0,1,1,1,0,9.51,3.0,85.59,0.01,9,0.33,4.75,28.53,3,6,3,6,0,N
19854,1,5,0,0,3,3,1,9,14.69,11.7,2011.18,0.06,38,0.09,111.73,171.9,18,20,10,13,9,N
20433,0,1,0,0,1,1,1,0,7.75,2.0,31.02,0.01,6,0.5,1.72,15.51,2,4,2,4,0,N
22844,0,1,0,0,1,1,1,0,6.55,3.0,58.95,0.01,7,0.33,3.28,19.65,1,6,1,6,0,N
14146,0,1,1,0,1,1,1,1,9.83,2.0,39.3,0.01,7,0.5,2.18,19.65,3,4,3,4,2,N
15950,0,1,0,0,1,1,1,2,7.81,9.0,632.78,0.02,19,0.11,35.15,70.31,8,11,4,9,2,N
19198,0,1,0,0,1,1,1,0,5.8,2.0,23.22,0.0,5,0.5,1.29,11.61,1,4,1,4,0,N
20249,0,1,0,0,1,1,1,2,6.2,2.5,38.77,0.01,6,0.4,2.15,15.51,1,5,1,5,2,N
20719,0,1,0,0,1,1,1,0,9.51,3.0,85.59,0.01,9,0.33,4.75,28.53,3,6,3,6,0,N
20726,0,1,0,0,1,1,1,0,5.33,1.5,12.0,0.0,4,0.67,0.67,8.0,1,3,1,3,0,N
21947,0,1,0,0,1,1,1,2,5.33,1.5,12.0,0.0,4,0.67,0.67,8.0,1,3,1,3,2,N
17759,0,1,0,0,1,1,1,0,7.75,2.0,31.02,0.01,6,0.5,1.72,15.51,2,4,2,4,0,N
17855,0,1,0,0,1,1,1,0,5.33,1.5,12.0,0.0,4,0.67,0.67,8.0,1,3,1,3,0,N
18460,3,1,0,0,1,1,1,2,7.75,2.0,31.02,0.01,6,0.5,1.72,15.51,2,4,2,4,2,N
17925,0,1,0,0,1,1,1,2,5.33,1.5,12.0,0.0,4,0.67,0.67,8.0,1,3,1,3,2,N
23102,0,1,0,0,1,1,1,0,7.74,1.5,17.41,0.0,5,0.67,0.97,11.61,2,3,2,3,0,N
17041,0,1,0,0,1,1,1,2,5.33,1.5,12.0,0.0,4,0.67,0.67,8.0,1,3,1,3,2,N
19859,1,3,0,0,2,1,1,7,16.0,6.5,676.0,0.03,26,0.15,37.56,104.0,13,13,8,8,7,N
20869,5,11,0,12,1,1,1,29,18.41,40.19,29742.31,0.25,148,0.02,1652.35,740.0,55,93,13,19,29,N
23312,0,1,0,0,1,1,1,0,8.6,7.5,483.97,0.02,18,0.13,26.89,64.53,5,13,3,9,0,N
15582,0,1,0,0,1,1,1,0,5.33,1.5,12.0,0.0,4,0.67,0.67,8.0,1,3,1,3,0,N
17199,20,23,3,48,12,5,6,50,22.06,40.8,36720.0,0.3,180,0.02,2040.0,900.0,72,108,15,17,53,N
17840,0,1,0,0,1,1,1,0,6.86,3.5,84.0,0.01,8,0.29,4.67,24.0,1,7,1,7,0,N
19656,0,1,0,0,1,1,1,0,9.51,3.0,85.59,0.01,9,0.33,4.75,28.53,3,6,3,6,0,N
14191,2,3,1,0,2,1,1,7,7.32,8.17,488.32,0.02,18,0.12,27.13,59.79,7,11,3,7,8,N
23430,0,1,0,0,1,1,1,0,6.55,3.0,58.95,0.01,7,0.33,3.28,19.65,1,6,1,6,0,N
21389,2,1,0,0,1,1,1,13,36.96,12.22,5521.91,0.15,93,0.08,306.77,451.79,40,53,18,11,13,N
17357,0,1,0,0,1,1,1,0,5.8,2.0,23.22,0.0,5,0.5,1.29,11.61,1,4,1,4,0,N
18200,3,1,0,6,1,1,1,10,48.65,3.6,630.5,0.06,46,0.28,35.03,175.14,18,28,10,4,10,N
22271,0,1,0,0,1,1,1,0,7.86,2.5,49.13,0.01,7,0.4,2.73,19.65,2,5,2,5,0,N
16751,0,1,0,0,1,1,1,7,44.81,2.0,179.25,0.03,25,0.5,9.96,89.62,12,13,9,3,7,N
15292,0,1,0,0,1,1,1,0,5.33,1.5,12.0,0.0,4,0.67,0.67,8.0,1,3,1,3,0,N
20451,0,1,0,0,1,1,1,0,7.75,2.0,31.02,0.01,6,0.5,1.72,15.51,2,4,2,4,0,N
19507,0,1,0,0,1,1,1,0,9.31,2.5,58.16,0.01,9,0.4,3.23,23.26,1,8,1,5,0,N
16374,0,1,0,0,1,1,1,0,7.74,1.5,17.41,0.0,5,0.67,0.97,11.61,2,3,2,3,0,N
17410,1,5,0,0,3,3,1,13,17.24,7.5,969.51,0.04,31,0.13,53.86,129.27,12,19,8,10,13,N
14535,0,1,0,0,1,1,1,0,6.55,3.0,58.95,0.01,7,0.33,3.28,19.65,1,6,1,6,0,N
16642,1,1,3,0,1,1,1,2,10.75,6.0,387.18,0.02,18,0.17,21.51,64.53,6,12,4,8,5,N
14522,0,1,0,0,1,1,1,2,5.33,1.5,12.0,0.0,4,0.67,0.67,8.0,1,3,1,3,2,N
19806,0,1,0,0,1,1,1,2,5.33,1.5,12.0,0.0,4,0.67,0.67,8.0,1,3,1,3,2,N
17005,0,1,0,0,1,1,1,0,5.33,1.5,12.0,0.0,4,0.67,0.67,8.0,1,3,1,3,0,N
21676,0,1,0,0,1,1,1,0,9.51,3.0,85.59,0.01,9,0.33,4.75,28.53,3,6,3,6,0,N
14452,0,1,0,0,1,1,1,0,8.3,6.0,298.97,0.02,15,0.17,16.61,49.83,3,12,2,8,0,N
22619,0,1,0,0,1,1,1,0,7.33,4.5,148.5,0.01,11,0.22,8.25,33.0,3,8,2,6,0,N
18140,0,1,0,0,1,1,1,2,5.33,1.5,12.0,0.0,4,0.67,0.67,8.0,1,3,1,3,2,N
14250,0,3,0,0,2,2,1,8,23.46,10.29,2485.24,0.08,52,0.1,138.07,241.48,19,33,12,13,8,N
15716,0,1,0,0,1,1,1,0,5.8,2.0,23.22,0.0,5,0.5,1.29,11.61,1,4,1,4,0,N
14205,7,1,5,6,1,1,1,14,46.18,8.5,3336.69,0.13,80,0.12,185.37,392.55,34,46,20,10,19,Y
17989,5,7,0,2,4,4,1,15,29.17,9.62,2696.74,0.09,62,0.1,149.82,280.46,25,37,13,10,15,N
19230,2,5,0,1,3,2,1,23,19.78,20.04,7940.87,0.13,80,0.05,441.16,396.34,33,47,14,17,23,N
15447,0,1,0,0,1,1,1,0,4.75,1.0,4.75,0.0,3,1.0,0.26,4.75,1,2,1,2,0,N
15793,0,1,0,0,1,1,1,0,5.33,1.5,12.0,0.0,4,0.67,0.67,8.0,1,3,1,3,0,N
17222,0,1,0,0,1,1,1,0,0.0,0.0,0.0,0.0,1,0.0,0.0,0.0,0,1,0,1,0,N
14073,0,1,0,0,1,1,1,0,0.0,0.0,0.0,0.0,1,0.0,0.0,0.0,0,1,0,1,0,N
20539,0,3,0,0,2,2,1,0,7.75,2.0,31.02,0.01,6,0.5,1.72,15.51,2,4,2,4,0,N
14160,0,1,1,0,1,1,1,1,9.83,2.0,39.3,0.01,7,0.5,2.18,19.65,3,4,3,4,2,N
20924,0,1,1,0,1,1,1,1,5.33,1.5,12.0,0.0,4,0.67,0.67,8.0,1,3,1,3,2,N
16333,0,1,0,0,1,1,1,0,5.33,1.5,12.0,0.0,4,0.67,0.67,8.0,1,3,1,3,0,N
16256,0,1,0,0,1,1,1,0,9.51,3.0,85.59,0.01,9,0.33,4.75,28.53,3,6,3,6,0,N
20298,2,3,0,0,2,2,1,7,15.65,7.31,836.91,0.04,28,0.14,46.49,114.45,13,15,8,9,7,N
22292,0,1,0,0,1,1,1,0,7.75,2.0,31.02,0.01,6,0.5,1.72,15.51,2,4,2,4,0,N
21873,0,3,0,0,2,2,1,4,11.18,5.63,353.85,0.02,17,0.18,19.66,62.91,5,12,4,9,4,N
17976,0,1,0,0,1,1,1,0,9.51,3.0,85.59,0.01,9,0.33,4.75,28.53,3,6,3,6,0,N
20993,6,25,9,9,13,6,5,41,22.2,65.6,95514.2,0.49,258,0.02,5306.34,1456.11,95,163,21,29,50,N
17982,10,21,5,16,11,10,11,38,62.0,25.21,39410.78,0.52,283,0.04,2189.49,1563.17,128,155,33,13,43,N
23258,0,1,0,0,1,1,1,0,7.75,2.0,31.02,0.01,6,0.5,1.72,15.51,2,4,2,4,0,N
22816,0,1,0,0,1,1,1,0,9.6,2.5,60.0,0.01,8,0.4,3.33,24.0,3,5,3,5,0,N
19701,1,5,0,0,3,3,1,13,16.4,7.07,820.29,0.04,29,0.14,45.57,116.0,11,18,7,9,13,N
22484,0,1,0,0,1,1,1,0,6.2,2.5,38.77,0.01,6,0.4,2.15,15.51,1,5,1,5,0,N
16832,0,1,0,0,1,1,1,0,5.33,1.5,12.0,0.0,4,0.67,0.67,8.0,1,3,1,3,0,N
20523,1,5,0,3,3,3,1,19,20.96,10.5,2310.82,0.07,48,0.1,128.38,220.08,21,27,12,12,19,N
14481,4,21,6,4,11,8,7,37,61.59,17.5,18863.21,0.36,193,0.06,1047.96,1077.9,85,108,34,14,43,N
21280,0,1,0,0,1,1,1,0,5.33,1.5,12.0,0.0,4,0.67,0.67,8.0,1,3,1,3,0,N
19126,0,5,0,0,3,2,1,7,11.89,13.13,2048.55,0.05,35,0.08,113.81,156.08,15,20,8,14,7,N
19620,0,1,0,0,1,1,1,0,9.83,2.0,39.3,0.01,7,0.5,2.18,19.65,3,4,3,4,0,N
15100,0,1,0,0,1,1,1,2,7.74,1.5,17.41,0.0,5,0.67,0.97,11.61,2,3,2,3,2,N
14230,3,5,5,0,3,1,1,6,13.67,11.43,1786.01,0.05,40,0.09,99.22,156.28,20,20,7,8,11,N
17591,0,1,0,0,1,1,1,3,11.23,2.0,44.92,0.01,8,0.5,2.5,22.46,3,5,3,4,3,N
15494,0,1,0,0,1,1,1,0,5.33,1.5,12.0,0.0,4,0.67,0.67,8.0,1,3,1,3,0,N
14461,0,1,0,0,1,1,1,0,5.33,1.5,12.0,0.0,4,0.67,0.67,8.0,1,3,1,3,0,N
17064,0,1,0,0,1,1,1,0,5.33,1.5,12.0,0.0,4,0.67,0.67,8.0,1,3,1,3,0,N
17801,1,3,0,0,2,1,1,8,15.07,9.75,1432.72,0.05,34,0.1,79.6,146.95,13,21,8,12,8,N
22667,0,1,0,0,1,1,1,0,7.75,2.0,31.02,0.01,6,0.5,1.72,15.51,2,4,2,4,0,N
15351,0,1,0,0,1,1,1,1,0.0,0.0,0.0,0.0,1,0.0,0.0,0.0,0,1,0,1,1,N
20310,0,1,0,0,1,1,1,0,12.18,3.0,109.62,0.01,11,0.33,6.09,36.54,4,7,4,6,0,N
20222,0,1,0,0,1,1,1,0,0.0,0.0,0.0,0.0,0,0.0,0.0,0.0,0,0,0,0,0,N
14785,5,6,4,3,4,3,4,12,19.21,10.5,2118.25,0.07,44,0.1,117.68,201.74,15,29,10,14,16,N
22819,0,1,0,0,1,1,1,0,7.75,2.0,31.02,0.01,6,0.5,1.72,15.51,2,4,2,4,0,N
14583,0,1,0,0,1,1,1,0,8.3,6.0,298.97,0.02,15,0.17,16.61,49.83,3,12,2,8,0,N
16051,0,1,0,0,1,1,1,0,7.74,1.5,17.41,0.0,5,0.67,0.97,11.61,2,3,2,3,0,N
15134,6,11,13,2,6,4,4,11,43.15,6.37,1749.95,0.09,56,0.16,97.22,274.79,22,34,19,11,24,N
20374,0,3,0,0,2,2,1,4,21.5,7.15,1099.18,0.05,35,0.14,61.07,153.73,13,22,10,11,4,N
17151,4,7,1,8,4,1,1,23,25.56,20.0,10223.25,0.17,113,0.05,567.96,511.16,52,61,13,10,24,N
18021,0,1,0,0,1,1,1,2,9.51,3.0,85.59,0.01,9,0.33,4.75,28.53,3,6,3,6,2,N
15935,0,1,0,0,1,1,1,0,9.51,3.0,85.59,0.01,9,0.33,4.75,28.53,3,6,3,6,0,N
20286,0,1,0,0,1,1,1,0,12.68,2.5,79.25,0.01,10,0.4,4.4,31.7,4,6,4,5,0,N
18095,0,1,0,0,1,1,1,0,0.0,0.0,0.0,0.0,0,0.0,0.0,0.0,0,0,0,0,0,N
15575,0,1,0,0,1,1,1,0,4.75,1.0,4.75,0.0,3,1.0,0.26,4.75,1,2,1,2,0,N
21611,0,3,0,0,2,2,1,5,17.22,4.08,287.09,0.02,19,0.24,15.95,70.31,7,12,6,7,5,N
22078,2,3,5,0,2,2,1,5,13.96,6.0,502.57,0.03,22,0.17,27.92,83.76,9,13,6,8,10,N
21966,0,1,0,0,1,1,1,0,5.33,1.5,12.0,0.0,4,0.67,0.67,8.0,1,3,1,3,0,N
20861,8,9,2,5,5,1,1,29,35.48,36.0,45981.46,0.43,240,0.03,2554.53,1277.26,88,152,22,18,31,N
19385,3,1,0,0,1,1,1,2,7.75,2.0,31.02,0.01,6,0.5,1.72,15.51,2,4,2,4,2,N
18435,0,3,0,0,2,2,1,0,9.32,5.0,233.02,0.02,13,0.2,12.95,46.6,5,8,4,8,0,N
14751,3,1,1,0,1,1,1,2,16.84,1.5,37.9,0.01,9,0.67,2.11,25.27,4,5,4,3,3,N
22424,1,3,0,0,2,1,1,10,17.28,5.79,578.57,0.03,25,0.17,32.14,100.0,9,16,7,9,10,N
17777,0,1,0,0,1,1,1,0,0.0,0.0,0.0,0.0,1,0.0,0.0,0.0,0,1,0,1,0,N
19834,3,3,0,4,2,1,1,8,16.42,8.13,1084.18,0.04,32,0.12,60.23,133.44,13,19,8,10,8,N
16935,0,1,0,0,1,1,1,0,5.33,1.5,12.0,0.0,4,0.67,0.67,8.0,1,3,1,3,0,N
16038,0,1,0,0,1,1,1,0,7.74,1.5,17.41,0.0,5,0.67,0.97,11.61,2,3,2,3,0,N
19298,0,1,0,0,1,1,1,0,5.33,1.5,12.0,0.0,4,0.67,0.67,8.0,1,3,1,3,0,N
20790,4,15,2,3,1,1,1,15,27.8,22.5,14073.95,0.21,116,0.04,781.89,625.51,45,71,21,21,17,N
16472,1,5,0,0,3,3,1,5,15.64,5.5,473.22,0.03,24,0.18,26.29,86.04,11,13,6,6,5,N
19649,0,1,0,0,1,1,1,0,5.33,1.5,12.0,0.0,4,0.67,0.67,8.0,1,3,1,3,0,N
14175,2,3,4,0,2,1,1,4,8.76,10.0,875.69,0.03,23,0.1,48.65,87.57,8,15,4,10,8,N
15030,0,1,1,0,1,1,1,1,7.74,1.5,17.41,0.0,5,0.67,0.97,11.61,2,3,2,3,2,N
21068,3,9,0,0,5,1,3,24,17.84,15.0,4013.49,0.09,60,0.07,222.97,267.57,25,35,10,12,24,N
17203,20,23,3,48,12,5,6,50,22.06,40.8,36720.0,0.3,180,0.02,2040.0,900.0,72,108,15,17,53,N
20445,0,1,0,0,1,1,1,0,7.74,1.5,17.41,0.0,5,0.67,0.97,11.61,2,3,2,3,0,N
16230,0,1,0,0,1,1,1,0,7.75,2.0,31.02,0.01,6,0.5,1.72,15.51,2,4,2,4,0,N
19299,0,1,0,0,1,1,1,0,5.33,1.5,12.0,0.0,4,0.67,0.67,8.0,1,3,1,3,0,N
21070,1,3,1,1,2,2,1,6,8.36,9.0,677.56,0.03,21,0.11,37.64,75.28,9,12,4,8,7,N
18511,0,1,0,0,1,1,1,0,5.8,2.0,23.22,0.0,5,0.5,1.29,11.61,1,4,1,4,0,N
17258,0,1,0,0,1,1,1,0,7.74,1.5,17.41,0.0,5,0.67,0.97,11.61,2,3,2,3,0,N
18361,4,5,0,19,3,3,1,16,19.62,17.73,6166.12,0.12,74,0.06,342.56,347.83,26,48,11,15,16,N
18794,0,3,0,0,2,1,1,4,13.95,2.5,87.17,0.01,11,0.4,4.84,34.87,4,7,4,5,4,N
20283,0,1,0,0,1,1,1,0,7.74,1.5,17.41,0.0,5,0.67,0.97,11.61,2,3,2,3,0,N
21573,0,1,0,0,1,1,1,4,10.24,7.0,501.89,0.02,20,0.14,27.88,71.7,7,13,4,8,4,N
20416,0,1,0,0,1,1,1,0,0.0,0.0,0.0,0.0,0,0.0,0.0,0.0,0,0,0,0,0,N
19470,0,3,0,0,2,2,1,4,13.67,6.0,492.27,0.03,21,0.17,27.35,82.04,6,15,5,10,4,N
17073,0,1,0,0,1,1,1,0,7.74,1.5,17.41,0.0,5,0.67,0.97,11.61,2,3,2,3,0,N
20833,2,3,4,7,1,1,1,16,26.44,18.67,9212.86,0.16,105,0.05,511.83,493.55,32,73,12,14,20,N
17138,0,3,0,0,2,1,1,0,0.0,0.0,0.0,0.0,0,0.0,0.0,0.0,0,0,0,0,0,N
21506,0,1,0,0,1,1,1,0,7.75,2.0,31.02,0.01,6,0.5,1.72,15.51,2,4,2,4,0,N
14601,0,1,0,0,1,1,1,0,9.51,3.0,85.59,0.01,9,0.33,4.75,28.53,3,6,3,6,0,N
15306,0,1,0,0,1,1,1,0,5.33,1.5,12.0,0.0,4,0.67,0.67,8.0,1,3,1,3,0,N
20187,0,1,0,0,1,1,1,0,10.68,4.67,232.53,0.02,15,0.21,12.92,49.83,4,11,3,7,0,N
21050,4,5,0,2,3,2,1,20,50.07,8.26,3417.03,0.14,82,0.12,189.83,413.64,38,44,23,10,20,N
16195,0,1,0,0,1,1,1,0,0.0,0.0,0.0,0.0,0,0.0,0.0,0.0,0,0,0,0,0,N
22365,0,1,0,0,1,1,1,2,5.33,1.5,12.0,0.0,4,0.67,0.67,8.0,1,3,1,3,2,N
18085,0,3,0,0,2,2,1,5,17.22,4.08,287.09,0.02,19,0.24,15.95,70.31,7,12,6,7,5,N
22253,0,1,0,0,1,1,1,0,5.33,1.5,12.0,0.0,4,0.67,0.67,8.0,1,3,1,3,0,N
20641,0,1,0,0,1,1,1,0,7.75,2.0,31.02,0.01,6,0.5,1.72,15.51,2,4,2,4,0,N
16306,0,1,0,0,1,1,1,0,7.74,1.5,17.41,0.0,5,0.67,0.97,11.61,2,3,2,3,0,N
16065,0,1,0,0,1,1,1,0,7.74,1.5,17.41,0.0,5,0.67,0.97,11.61,2,3,2,3,0,N
18780,0,1,0,1,1,1,1,3,10.82,5.83,368.18,0.02,19,0.17,20.45,63.12,5,14,3,7,3,N
22461,0,1,0,0,1,1,1,6,17.51,5.0,437.85,0.03,23,0.2,24.32,87.57,10,13,7,7,6,N
16288,0,1,0,0,1,1,1,0,7.74,1.5,17.41,0.0,5,0.67,0.97,11.61,2,3,2,3,0,N
17735,1,3,0,2,2,2,1,12,14.73,8.94,1176.94,0.04,31,0.11,65.39,131.69,13,18,8,11,12,N
20991,4,11,0,3,6,3,1,29,20.31,38.25,29720.31,0.26,146,0.03,1651.13,777.0,51,95,16,24,29,N
18759,0,9,0,0,5,5,5,27,20.47,20.19,8348.16,0.14,86,0.05,463.79,413.43,35,51,13,15,27,N
15469,0,1,0,0,1,1,1,0,0.0,0.0,0.0,0.0,2,0.0,0.0,2.0,0,2,0,2,0,N
17227,0,1,0,0,1,1,1,2,7.81,9.0,632.78,0.02,19,0.11,35.15,70.31,8,11,4,9,2,N
22743,0,1,0,0,1,1,1,0,5.33,1.5,12.0,0.0,4,0.67,0.67,8.0,1,3,1,3,0,N
22171,0,1,0,0,1,1,1,0,7.74,1.5,17.41,0.0,5,0.67,0.97,11.61,2,3,2,3,0,N
15115,0,1,2,0,1,1,1,1,11.23,2.0,44.92,0.01,8,0.5,2.5,22.46,3,5,3,4,3,N
16684,13,5,2,4,3,2,3,39,55.48,19.5,21096.95,0.36,197,0.05,1172.05,1081.9,96,101,32,13,41,N
19270,0,1,0,0,1,1,1,0,0.0,0.0,0.0,0.0,0,0.0,0.0,0.0,0,0,0,0,0,N
14330,0,3,0,0,2,2,1,5,15.36,3.5,188.21,0.02,15,0.29,10.46,53.77,5,10,5,7,5,N
22076,2,3,5,0,2,2,1,5,13.96,6.0,502.57,0.03,22,0.17,27.92,83.76,9,13,6,8,10,N
22174,0,1,0,0,1,1,1,0,6.86,3.5,84.0,0.01,8,0.29,4.67,24.0,1,7,1,7,0,N
18496,0,1,0,0,1,1,1,0,12.68,2.5,79.25,0.01,10,0.4,4.4,31.7,4,6,4,5,0,N
16162,0,1,0,0,1,1,1,0,6.55,3.0,58.95,0.01,7,0.33,3.28,19.65,1,6,1,6,0,N
20911,0,5,0,0,3,3,1,6,30.72,9.0,2488.36,0.09,62,0.11,138.24,276.48,18,44,11,11,6,N
14576,0,1,0,0,1,1,1,0,11.23,2.0,44.92,0.01,8,0.5,2.5,22.46,3,5,3,4,0,N
15418,0,1,0,0,1,1,1,0,5.33,1.5,12.0,0.0,4,0.67,0.67,8.0,1,3,1,3,0,N
18550,2,13,1,8,7,6,6,54,25.11,40.0,40181.42,0.33,184,0.03,2232.3,1004.54,80,104,22,22,55,N
21537,0,1,0,0,1,1,1,2,8.98,2.5,56.15,0.01,8,0.4,3.12,22.46,2,6,2,5,2,N
21527,0,1,0,0,1,1,1,0,7.74,1.5,17.41,0.0,5,0.67,0.97,11.61,2,3,2,3,0,N
21845,0,1,0,0,1,1,1,0,7.75,2.0,31.02,0.01,6,0.5,1.72,15.51,2,4,2,4,0,N
16737,0,1,0,0,1,1,1,0,5.33,1.5,12.0,0.0,4,0.67,0.67,8.0,1,3,1,3,0,N
16079,0,1,0,0,1,1,1,0,0.0,0.0,0.0,0.0,2,0.0,0.0,2.0,0,2,0,2,0,N
16959,0,1,0,0,1,1,1,0,0.0,0.0,0.0,0.0,1,0.0,0.0,0.0,0,1,0,1,0,N
20474,0,1,0,0,1,1,1,0,5.33,1.5,12.0,0.0,4,0.67,0.67,8.0,1,3,1,3,0,N
21472,0,1,0,0,1,1,1,0,5.8,2.0,23.22,0.0,5,0.5,1.29,11.61,1,4,1,4,0,N
22082,2,3,5,0,2,2,1,5,13.96,6.0,502.57,0.03,22,0.17,27.92,83.76,9,13,6,8,10,N
22132,0,3,0,0,2,2,1,0,7.86,2.5,49.13,0.01,7,0.4,2.73,19.65,2,5,2,5,0,N
15070,8,23,11,1,12,3,1,27,29.02,11.14,3602.85,0.11,68,0.09,200.16,323.33,24,44,14,13,38,N
21329,0,1,0,0,1,1,1,3,11.58,2.67,82.35,0.01,11,0.38,4.57,30.88,4,7,3,4,3,N
16676,13,5,2,4,3,2,3,39,55.48,19.5,21096.95,0.36,197,0.05,1172.05,1081.9,96,101,32,13,41,Y
15249,0,1,0,0,1,1,1,0,0.0,0.0,0.0,0.0,1,0.0,0.0,0.0,0,1,0,1,0,N
14624,4,5,0,4,3,3,1,15,43.59,6.0,1569.11,0.09,55,0.17,87.17,261.51,24,31,18,9,15,N
14817,1,1,0,0,1,1,1,2,7.74,1.5,17.41,0.0,5,0.67,0.97,11.61,2,3,2,3,2,N
19020,0,1,0,0,1,1,1,0,7.74,1.5,17.41,0.0,5,0.67,0.97,11.61,2,3,2,3,0,N
16526,0,1,0,0,1,1,1,0,5.33,1.5,12.0,0.0,4,0.67,0.67,8.0,1,3,1,3,0,N
23121,0,1,0,0,1,1,1,0,5.33,1.5,12.0,0.0,4,0.67,0.67,8.0,1,3,1,3,0,N
21758,0,1,0,0,1,1,1,0,7.75,2.0,31.02,0.01,6,0.5,1.72,15.51,2,4,2,4,0,N
19503,0,1,0,0,1,1,1,0,5.8,2.0,23.22,0.0,5,0.5,1.29,11.61,1,4,1,4,0,N
20152,0,1,0,0,1,1,1,0,6.2,2.5,38.77,0.01,6,0.4,2.15,15.51,1,5,1,5,0,N
21549,0,1,0,0,1,1,1,2,5.33,1.5,12.0,0.0,4,0.67,0.67,8.0,1,3,1,3,2,N
20769,13,27,0,21,15,8,5,79,40.13,53.57,115173.52,0.72,357,0.02,6398.53,2149.99,133,224,36,29,79,N
17650,0,1,0,0,1,1,1,0,0.0,0.0,0.0,0.0,0,0.0,0.0,0.0,0,0,0,0,0,N
19898,0,3,0,0,2,2,1,5,17.22,4.08,287.09,0.02,19,0.24,15.95,70.31,7,12,6,7,5,N
18829,0,1,0,0,1,1,1,2,8.0,3.0,72.0,0.01,8,0.33,4.0,24.0,2,6,2,6,2,N
18491,0,1,0,0,1,1,1,0,6.55,3.0,58.95,0.01,7,0.33,3.28,19.65,1,6,1,6,0,N
16431,0,1,0,0,1,1,1,0,7.74,1.5,17.41,0.0,5,0.67,0.97,11.61,2,3,2,3,0,N
14766,1,1,0,0,1,1,1,7,20.08,5.5,607.27,0.04,29,0.18,33.74,110.41,11,18,7,7,7,N
22265,0,1,0,0,1,1,1,4,9.47,2.67,67.38,0.01,9,0.38,3.74,25.27,4,5,3,4,4,N
15055,6,11,13,0,6,4,5,8,45.97,7.64,2680.63,0.12,69,0.13,148.92,351.03,28,41,22,12,21,N
18149,0,1,0,0,1,1,1,0,9.51,3.0,85.59,0.01,9,0.33,4.75,28.53,3,6,3,6,0,N
14152,0,1,1,0,1,1,1,1,9.83,2.0,39.3,0.01,7,0.5,2.18,19.65,3,4,3,4,2,N
18722,0,3,0,0,2,1,1,5,13.84,3.5,169.51,0.02,14,0.29,9.42,48.43,4,10,4,7,5,N
22283,0,1,0,0,1,1,1,0,10.8,2.5,67.5,0.01,9,0.4,3.75,27.0,3,6,3,5,0,N
19826,3,7,0,1,4,4,4,25,38.11,16.12,9915.63,0.2,118,0.06,550.87,614.72,53,65,23,14,25,N
19054,0,1,0,0,1,1,1,0,7.75,2.0,31.02,0.01,6,0.5,1.72,15.51,2,4,2,4,0,N
17640,0,1,0,0,1,1,1,0,9.31,2.5,58.16,0.01,9,0.4,3.23,23.26,1,8,1,5,0,N
23081,0,1,0,0,1,1,1,0,11.86,3.5,145.3,0.01,12,0.29,8.07,41.51,4,8,4,7,0,N
21283,0,1,0,0,1,1,1,0,7.74,1.5,17.41,0.0,5,0.67,0.97,11.61,2,3,2,3,0,N
23266,0,1,0,0,1,1,1,2,7.81,9.0,632.78,0.02,19,0.11,35.15,70.31,8,11,4,9,2,N
14518,6,11,2,4,6,5,1,35,84.05,13.03,14262.1,0.36,195,0.08,792.34,1094.87,90,105,38,11,37,N
20243,0,1,0,0,1,1,1,1,0.0,0.0,0.0,0.0,1,0.0,0.0,0.0,0,1,0,1,1,N
20670,0,1,0,0,1,1,1,0,7.75,2.0,31.02,0.01,6,0.5,1.72,15.51,2,4,2,4,0,N
18740,0,16,31,0,15,1,1,50,41.55,38.0,59998.29,0.53,247,0.03,3333.24,1578.9,92,155,46,38,81,N
15774,0,1,0,0,1,1,1,2,7.81,9.0,632.78,0.02,19,0.11,35.15,70.31,8,11,4,9,2,N
14141,2,1,0,3,1,1,1,7,20.08,5.5,607.27,0.04,29,0.18,33.74,110.41,11,18,7,7,7,N
15241,2,3,0,0,2,1,1,6,10.15,9.0,822.39,0.03,24,0.11,45.69,91.38,10,14,5,9,6,N
14121,8,11,14,4,6,3,1,20,26.76,22.02,12978.67,0.2,110,0.05,721.04,589.33,51,59,22,19,34,N
15126,0,1,4,0,1,1,1,1,25.16,2.5,157.27,0.02,17,0.4,8.74,62.91,8,9,8,5,5,N
17806,0,1,0,0,1,1,1,0,0.0,0.0,0.0,0.0,0,0.0,0.0,0.0,0,0,0,0,0,N
22072,2,3,5,0,2,2,1,5,13.96,6.0,502.57,0.03,22,0.17,27.92,83.76,9,13,6,8,10,N
18194,6,5,0,7,3,2,1,20,21.95,22.1,10718.5,0.16,97,0.05,595.47,485.0,39,58,15,17,20,N
18375,1,1,0,0,1,1,1,2,6.55,3.0,58.95,0.01,7,0.33,3.28,19.65,1,6,1,6,2,N
15540,4,1,1,3,1,1,1,13,51.96,6.18,1982.32,0.11,70,0.16,110.13,320.95,30,40,17,7,14,N
19867,1,5,0,3,3,3,1,19,19.07,10.91,2270.01,0.07,46,0.09,126.11,208.08,20,26,11,12,19,N
20147,0,1,0,0,1,1,1,0,7.75,2.0,31.02,0.01,6,0.5,1.72,15.51,2,4,2,4,0,N
18224,3,5,0,3,3,3,1,19,19.63,22.75,10158.83,0.15,95,0.04,564.38,446.54,39,56,12,14,19,N
14303,0,1,0,0,1,1,1,0,7.75,2.0,31.02,0.01,6,0.5,1.72,15.51,2,4,2,4,0,N
15393,0,1,0,0,1,1,1,0,7.74,1.5,17.41,0.0,5,0.67,0.97,11.61,2,3,2,3,0,N
14114,18,18,14,27,1,1,1,67,28.6,47.67,64981.35,0.45,238,0.02,3610.07,1363.25,99,139,27,26,81,N
21588,0,3,0,0,2,2,1,0,6.69,7.5,376.42,0.02,14,0.13,20.91,50.19,5,9,3,9,0,N
22538,0,1,0,0,1,1,1,2,12.75,4.0,204.0,0.02,17,0.25,11.33,51.0,8,9,4,4,2,N
15802,0,1,0,0,1,1,1,0,7.74,1.5,17.41,0.0,5,0.67,0.97,11.61,2,3,2,3,0,N
23076,0,1,0,0,1,1,1,0,5.33,1.5,12.0,0.0,4,0.67,0.67,8.0,1,3,1,3,0,N
18234,3,1,7,0,1,1,1,1,48.37,5.36,1388.16,0.09,61,0.19,77.12,259.12,30,31,14,5,8,N
17100,0,1,0,0,1,1,1,0,5.33,1.5,12.0,0.0,4,0.67,0.67,8.0,1,3,1,3,0,N
19935,0,3,0,0,2,2,1,5,15.36,3.5,188.21,0.02,15,0.29,10.46,53.77,5,10,5,7,5,N
16496,0,1,0,0,1,1,1,0,5.33,1.5,12.0,0.0,4,0.67,0.67,8.0,1,3,1,3,0,N
15564,0,1,0,0,1,1,1,0,5.33,1.5,12.0,0.0,4,0.67,0.67,8.0,1,3,1,3,0,N
20799,4,3,0,6,2,2,1,8,15.92,12.57,2516.25,0.07,48,0.08,139.79,200.16,16,32,7,11,8,N
14134,2,1,0,3,1,1,1,7,20.08,5.5,607.27,0.04,29,0.18,33.74,110.41,11,18,7,7,7,N
18500,0,1,0,0,1,1,1,0,7.75,2.0,31.02,0.01,6,0.5,1.72,15.51,2,4,2,4,0,N
22470,0,1,0,0,1,1,1,0,7.75,2.0,31.02,0.01,6,0.5,1.72,15.51,2,4,2,4,0,N
14475,0,1,0,0,1,1,1,0,5.33,1.5,12.0,0.0,4,0.67,0.67,8.0,1,3,1,3,0,N
14405,0,1,0,0,1,1,1,0,0.0,0.0,0.0,0.0,0,0.0,0.0,0.0,0,0,0,0,0,N
22185,0,1,0,0,1,1,1,0,5.33,1.5,12.0,0.0,4,0.67,0.67,8.0,1,3,1,3,0,N
20140,0,3,0,0,2,2,1,10,13.4,7.0,656.36,0.03,24,0.14,36.46,93.77,7,17,5,10,10,N
14237,6,1,0,9,1,1,1,3,16.84,1.5,37.9,0.01,9,0.67,2.11,25.27,4,5,4,3,3,N
21579,0,1,0,0,1,1,1,0,8.6,7.5,483.97,0.02,18,0.13,26.89,64.53,5,13,3,9,0,N
18917,0,1,0,0,1,1,1,0,7.75,2.0,31.02,0.01,6,0.5,1.72,15.51,2,4,2,4,0,N
21980,0,3,0,0,2,2,1,4,10.88,5.6,341.29,0.02,17,0.18,18.96,60.94,8,9,5,7,4,N
15407,0,1,0,0,1,1,1,0,5.33,1.5,12.0,0.0,4,0.67,0.67,8.0,1,3,1,3,0,N
19726,0,1,0,0,1,1,1,0,0.0,0.0,0.0,0.0,1,0.0,0.0,0.0,0,1,0,1,0,N
15732,0,1,0,0,1,1,1,0,5.33,1.5,12.0,0.0,4,0.67,0.67,8.0,1,3,1,3,0,N
14826,1,1,0,0,1,1,1,2,7.74,1.5,17.41,0.0,5,0.67,0.97,11.61,2,3,2,3,2,N
21055,6,5,0,3,3,2,1,23,44.11,14.07,8730.91,0.21,113,0.07,485.05,620.58,51,62,29,16,23,N
14779,2,12,2,1,11,11,1,37,44.81,12.52,7023.46,0.19,101,0.08,390.19,561.01,31,70,26,21,39,N
22270,0,3,0,0,2,2,1,0,6.69,7.5,376.42,0.02,14,0.13,20.91,50.19,5,9,3,9,0,N
23481,0,1,0,0,1,1,1,0,7.75,2.0,31.02,0.01,6,0.5,1.72,15.51,2,4,2,4,0,N
23420,0,1,0,0,1,1,1,2,8.98,2.5,56.15,0.01,8,0.4,3.12,22.46,2,6,2,5,2,N
22569,0,3,0,0,2,2,1,4,21.5,7.15,1099.18,0.05,35,0.14,61.07,153.73,13,22,10,11,4,N
17537,0,1,0,0,1,1,1,0,7.74,1.5,17.41,0.0,5,0.67,0.97,11.61,2,3,2,3,0,N
22321,0,1,0,0,1,1,1,0,0.0,0.0,0.0,0.0,0,0.0,0.0,0.0,0,0,0,0,0,N
21303,0,1,0,0,1,1,1,11,48.97,8.74,3736.43,0.14,91,0.11,207.58,427.74,33,58,17,9,11,N
17957,1,1,0,0,1,1,1,9,31.26,4.75,705.19,0.05,38,0.21,39.18,148.46,19,19,10,5,9,N
19163,0,1,0,0,1,1,1,0,5.8,2.0,23.22,0.0,5,0.5,1.29,11.61,1,4,1,4,0,N
20508,42,41,11,44,21,16,13,112,64.76,51.77,173605.3,1.12,526,0.02,9644.74,3353.27,227,299,57,26,123,N
21094,0,5,0,0,3,2,3,7,12.73,6.75,580.17,0.03,22,0.15,32.22,85.95,9,13,6,9,7,N
18862,0,1,0,0,1,1,1,0,7.75,2.0,31.02,0.01,6,0.5,1.72,15.51,2,4,2,4,0,N
14908,0,1,0,0,1,1,1,2,7.74,1.5,17.41,0.0,5,0.67,0.97,11.61,2,3,2,3,2,N
21426,2,1,6,3,1,1,1,6,60.1,3.63,792.63,0.07,47,0.28,44.04,218.26,23,24,19,6,12,N
21692,0,3,0,0,2,2,1,4,11.99,6.67,533.03,0.03,21,0.15,29.61,79.95,10,11,6,8,4,N
17853,0,1,0,0,1,1,1,0,5.33,1.5,12.0,0.0,4,0.67,0.67,8.0,1,3,1,3,0,N
20610,0,1,0,0,1,1,1,0,5.33,1.5,12.0,0.0,4,0.67,0.67,8.0,1,3,1,3,0,N
16839,0,1,0,0,1,1,1,2,7.35,8.0,470.48,0.02,17,0.13,26.14,58.81,6,11,3,8,2,N
16616,14,1,2,4,1,1,1,36,96.51,10.29,10209.86,0.33,192,0.1,567.21,992.63,72,120,28,8,38,N
19300,0,3,0,0,2,1,1,4,11.52,3.75,161.94,0.01,13,0.27,9.0,43.19,5,8,4,6,4,N
15266,0,1,0,0,1,1,1,0,5.33,1.5,12.0,0.0,4,0.67,0.67,8.0,1,3,1,3,0,N
20232,0,1,0,0,1,1,1,3,9.9,3.33,110.0,0.01,11,0.3,6.11,33.0,4,7,3,5,3,N
18925,0,1,0,0,1,1,1,0,5.8,2.0,23.22,0.0,5,0.5,1.29,11.61,1,4,1,4,0,N
22372,0,1,0,0,1,1,1,0,6.55,3.0,58.95,0.01,7,0.33,3.28,19.65,1,6,1,6,0,N
23108,0,1,0,0,1,1,1,0,6.86,3.5,84.0,0.01,8,0.29,4.67,24.0,1,7,1,7,0,N
14506,0,1,0,0,1,1,1,0,7.75,2.0,31.02,0.01,6,0.5,1.72,15.51,2,4,2,4,0,N
22751,16,27,7,12,14,11,9,103,93.87,24.92,58286.1,0.78,370,0.04,3238.12,2339.11,160,210,61,19,110,N
20294,0,1,0,0,1,1,1,0,7.75,2.0,31.02,0.01,6,0.5,1.72,15.51,2,4,2,4,0,N
22673,0,1,0,0,1,1,1,0,9.51,3.0,85.59,0.01,9,0.33,4.75,28.53,3,6,3,6,0,N
14177,2,3,4,0,2,1,1,4,8.76,10.0,875.69,0.03,23,0.1,48.65,87.57,8,15,4,10,8,N
21853,0,1,0,0,1,1,1,1,7.74,1.5,17.41,0.0,5,0.67,0.97,11.61,2,3,2,3,1,N
15729,0,1,0,0,1,1,1,0,0.0,0.0,0.0,0.0,0,0.0,0.0,0.0,0,0,0,0,0,N
15606,0,1,0,0,1,1,1,0,5.33,1.5,12.0,0.0,4,0.67,0.67,8.0,1,3,1,3,0,N
18229,5,3,0,4,2,1,1,21,34.39,17.33,10332.61,0.2,124,0.06,574.03,596.11,40,84,15,13,21,N
23462,0,1,0,0,1,1,1,3,9.51,3.0,85.59,0.01,9,0.33,4.75,28.53,3,6,3,6,3,N
18713,0,1,0,0,1,1,1,0,5.33,1.5,12.0,0.0,4,0.67,0.67,8.0,1,3,1,3,0,N
19002,0,1,0,0,1,1,1,0,0.0,0.0,0.0,0.0,0,0.0,0.0,0.0,0,0,0,0,0,N
19860,0,1,0,0,1,1,1,4,10.24,7.0,501.89,0.02,20,0.14,27.88,71.7,7,13,4,8,4,N
14287,2,7,0,0,4,2,3,11,12.35,16.0,3162.47,0.07,45,0.06,175.69,197.65,16,29,7,14,11,N
18828,5,1,0,0,1,1,1,4,8.54,4.67,186.03,0.01,12,0.21,10.33,39.86,4,8,3,7,4,N
21910,0,1,0,0,1,1,1,0,8.3,6.0,298.97,0.02,15,0.17,16.61,49.83,3,12,2,8,0,N
19837,10,7,0,11,4,4,1,41,19.0,84.0,134074.57,0.53,296,0.01,7448.59,1596.13,126,170,18,24,41,N
18365,1,1,1,0,1,1,1,6,20.08,5.5,607.27,0.04,29,0.18,33.74,110.41,11,18,7,7,7,N
17406,1,3,0,2,2,2,1,12,14.73,8.94,1176.94,0.04,31,0.11,65.39,131.69,13,18,8,11,12,N
21902,0,1,0,0,1,1,1,0,6.86,3.5,84.0,0.01,8,0.29,4.67,24.0,1,7,1,7,0,N
14254,0,1,0,0,1,1,1,0,8.3,6.67,369.01,0.02,16,0.15,20.5,55.35,5,11,3,8,0,N
17164,4,7,1,8,4,1,1,23,23.26,21.67,10918.18,0.17,113,0.05,606.57,503.92,52,61,12,10,24,N
22304,0,1,0,0,1,1,1,4,18.82,3.0,169.42,0.02,17,0.33,9.41,56.47,9,8,6,4,4,N
18177,4,3,7,4,2,2,1,6,40.82,10.25,4288.91,0.14,88,0.1,238.27,418.43,41,47,18,9,13,N
16867,0,1,0,0,1,1,1,0,7.74,1.5,17.41,0.0,5,0.67,0.97,11.61,2,3,2,3,0,N
21157,14,1,0,23,1,1,1,12,68.52,2.5,428.25,0.06,39,0.4,23.79,171.3,16,23,16,5,12,N
16995,0,1,0,0,1,1,1,2,7.35,8.0,470.48,0.02,17,0.13,26.14,58.81,6,11,3,8,2,N
14143,2,1,0,3,1,1,1,7,20.08,5.5,607.27,0.04,29,0.18,33.74,110.41,11,18,7,7,7,N
14617,2,13,1,2,7,5,1,17,28.71,13.08,4909.8,0.13,83,0.08,272.77,375.46,34,49,13,10,18,N
18605,0,1,0,0,1,1,1,4,16.0,3.0,144.0,0.02,16,0.33,8.0,48.0,6,10,4,4,4,N
16519,0,1,0,0,1,1,1,0,5.33,1.5,12.0,0.0,4,0.67,0.67,8.0,1,3,1,3,0,N
23450,0,1,0,0,1,1,1,0,7.74,1.5,17.41,0.0,5,0.67,0.97,11.61,2,3,2,3,0,N
23236,0,1,0,0,1,1,1,0,9.51,3.0,85.59,0.01,9,0.33,4.75,28.53,3,6,3,6,0,N
21615,0,1,0,0,1,1,1,0,11.86,3.5,145.3,0.01,12,0.29,8.07,41.51,4,8,4,7,0,N
21349,0,1,0,0,1,1,1,10,43.64,7.88,2706.21,0.11,74,0.13,150.34,343.65,28,46,16,9,10,N
14950,0,1,0,0,1,1,1,2,7.74,1.5,17.41,0.0,5,0.67,0.97,11.61,2,3,2,3,2,N
14269,1,5,0,0,3,3,1,13,17.24,7.5,969.51,0.04,31,0.13,53.86,129.27,12,19,8,10,13,N
23298,0,1,0,0,1,1,1,0,7.74,1.5,17.41,0.0,5,0.67,0.97,11.61,2,3,2,3,0,N
16682,13,5,2,4,3,2,3,39,55.48,19.5,21096.95,0.36,197,0.05,1172.05,1081.9,96,101,32,13,41,Y
17280,1,5,0,3,3,3,1,19,19.07,10.91,2270.01,0.07,46,0.09,126.11,208.08,20,26,11,12,19,N
22199,0,3,0,0,2,1,1,0,7.75,2.0,31.02,0.01,6,0.5,1.72,15.51,2,4,2,4,0,N
22939,10,1,0,9,1,1,1,7,38.4,2.5,240.0,0.03,24,0.4,13.33,96.0,11,13,11,5,7,N
19540,0,1,0,0,1,1,1,0,7.74,1.5,17.41,0.0,5,0.67,0.97,11.61,2,3,2,3,0,N
18321,4,3,0,0,2,2,1,12,12.63,11.0,1528.71,0.05,34,0.09,84.93,138.97,12,22,6,11,12,N
17646,0,3,0,0,2,2,1,4,11.18,5.63,353.85,0.02,17,0.18,19.66,62.91,5,12,4,9,4,N
19332,0,1,0,0,1,1,1,0,5.33,1.5,12.0,0.0,4,0.67,0.67,8.0,1,3,1,3,0,N
22568,0,1,0,0,1,1,1,4,10.24,7.0,501.89,0.02,20,0.14,27.88,71.7,7,13,4,8,4,N
21809,1,5,0,3,3,3,1,19,19.07,10.91,2270.01,0.07,46,0.09,126.11,208.08,20,26,11,12,19,N
16844,0,1,0,0,1,1,1,0,5.33,1.5,12.0,0.0,4,0.67,0.67,8.0,1,3,1,3,0,N
23230,0,1,0,0,1,1,1,0,9.51,3.0,85.59,0.01,9,0.33,4.75,28.53,3,6,3,6,0,N
19289,0,1,0,0,1,1,1,0,12.68,2.5,79.25,0.01,10,0.4,4.4,31.7,4,6,4,5,0,N
16565,6,5,5,0,3,1,1,12,12.95,14.44,2698.5,0.06,44,0.07,149.92,186.91,21,23,8,11,17,N
17917,0,1,0,0,1,1,1,2,5.33,1.5,12.0,0.0,4,0.67,0.67,8.0,1,3,1,3,2,N
14291,0,1,0,0,1,1,1,0,7.75,2.0,31.02,0.01,6,0.5,1.72,15.51,2,4,2,4,0,N
22669,0,1,0,0,1,1,1,0,7.75,2.0,31.02,0.01,6,0.5,1.72,15.51,2,4,2,4,0,N
17893,0,1,0,0,1,1,1,0,12.18,3.0,109.62,0.01,11,0.33,6.09,36.54,4,7,4,6,0,N
19841,14,7,0,7,4,4,1,50,21.93,88.91,173356.49,0.65,353,0.01,9630.92,1949.82,163,190,22,24,50,N
15317,0,1,0,0,1,1,1,0,5.33,1.5,12.0,0.0,4,0.67,0.67,8.0,1,3,1,3,0,N
19361,1,5,0,3,3,3,1,19,19.07,10.91,2270.01,0.07,46,0.09,126.11,208.08,20,26,11,12,19,N
19600,0,1,0,0,1,1,1,0,9.51,3.0,85.59,0.01,9,0.33,4.75,28.53,3,6,3,6,0,N
16131,0,1,0,0,1,1,1,0,7.74,1.5,17.41,0.0,5,0.67,0.97,11.61,2,3,2,3,0,N
21935,0,1,0,0,1,1,1,0,7.75,2.0,31.02,0.01,6,0.5,1.72,15.51,2,4,2,4,0,N
17978,10,21,4,16,11,10,11,37,68.57,22.03,33269.8,0.5,269,0.05,1848.32,1510.36,122,147,36,13,41,N
15239,42,1,38,75,1,1,1,5,142.01,9.77,13558.89,0.46,259,0.1,753.27,1387.61,114,145,35,6,43,N
17507,0,1,0,0,1,1,1,0,5.33,1.5,12.0,0.0,4,0.67,0.67,8.0,1,3,1,3,0,N
14488,0,1,0,0,1,1,1,0,7.75,2.0,31.02,0.01,6,0.5,1.72,15.51,2,4,2,4,0,N
22750,36,37,10,26,19,17,8,133,92.83,40.06,148951.03,1.24,566,0.02,8275.05,3718.54,237,329,71,24,143,N
21228,0,1,0,0,1,1,1,5,15.11,6.3,599.66,0.03,25,0.16,33.31,95.18,7,18,5,9,5,N
14832,1,1,0,0,1,1,1,2,7.74,1.5,17.41,0.0,5,0.67,0.97,11.61,2,3,2,3,2,N
15458,0,1,0,0,1,1,1,0,7.74,1.5,17.41,0.0,5,0.67,0.97,11.61,2,3,2,3,0,N
14727,22,58,6,0,42,42,1,214,161.52,38.37,237790.7,2.07,785,0.03,13210.59,6197.43,348,437,195,43,220,N
15274,0,1,0,0,1,1,1,2,7.35,8.0,470.48,0.02,17,0.13,26.14,58.81,6,11,3,8,2,N
16528,0,1,0,0,1,1,1,0,5.33,1.5,12.0,0.0,4,0.67,0.67,8.0,1,3,1,3,0,N
23055,3,1,0,0,1,1,1,2,7.75,2.0,31.02,0.01,6,0.5,1.72,15.51,2,4,2,4,2,N
18771,1,1,0,0,1,1,1,4,16.73,3.6,216.82,0.02,19,0.28,12.05,60.23,9,10,5,4,4,N
20624,1,5,0,0,3,3,1,8,14.4,10.0,1440.0,0.05,36,0.1,80.0,144.0,12,24,6,10,8,N
14401,0,1,0,0,1,1,1,0,0.0,0.0,0.0,0.0,0,0.0,0.0,0.0,0,0,0,0,0,N
18907,0,1,0,0,1,1,1,0,12.68,2.5,79.25,0.01,10,0.4,4.4,31.7,4,6,4,5,0,N
19394,0,1,0,0,1,1,1,0,0.0,0.0,0.0,0.0,0,0.0,0.0,0.0,0,0,0,0,0,N
20399,0,1,0,0,1,1,1,0,7.75,2.0,31.02,0.01,6,0.5,1.72,15.51,2,4,2,4,0,N
16136,0,1,0,0,1,1,1,0,7.74,1.5,17.41,0.0,5,0.67,0.97,11.61,2,3,2,3,0,N
21890,0,1,0,0,1,1,1,0,0.0,0.0,0.0,0.0,0,0.0,0.0,0.0,0,0,0,0,0,N
21735,0,1,0,0,1,1,1,0,8.3,6.0,298.97,0.02,15,0.17,16.61,49.83,3,12,2,8,0,N
21464,0,3,0,0,2,2,1,3,14.28,4.0,228.44,0.02,15,0.25,12.69,57.11,6,9,6,8,3,N
19357,2,13,1,8,7,6,6,54,25.11,40.0,40181.42,0.33,184,0.03,2232.3,1004.54,80,104,22,22,55,N
15354,0,1,0,0,1,1,1,0,5.33,1.5,12.0,0.0,4,0.67,0.67,8.0,1,3,1,3,0,N
19785,0,1,0,0,1,1,1,0,5.8,2.0,23.22,0.0,5,0.5,1.29,11.61,1,4,1,4,0,N
17932,0,1,0,0,1,1,1,0,7.86,2.5,49.13,0.01,7,0.4,2.73,19.65,2,5,2,5,0,N
18390,5,3,7,1,2,1,1,9,25.45,12.6,4039.9,0.11,66,0.08,224.44,320.63,27,39,15,14,16,N
21509,0,1,0,0,1,1,1,0,5.8,2.0,23.22,0.0,5,0.5,1.29,11.61,1,4,1,4,0,N
15355,0,1,0,0,1,1,1,0,5.33,1.5,12.0,0.0,4,0.67,0.67,8.0,1,3,1,3,0,N
16821,0,1,0,0,1,1,1,0,5.33,1.5,12.0,0.0,4,0.67,0.67,8.0,1,3,1,3,0,N
20207,0,1,0,0,1,1,1,0,6.2,2.5,38.77,0.01,6,0.4,2.15,15.51,1,5,1,5,0,N
15510,0,1,0,0,1,1,1,0,5.33,1.5,12.0,0.0,4,0.67,0.67,8.0,1,3,1,3,0,N
23186,0,1,0,0,1,1,1,0,7.86,2.5,49.13,0.01,7,0.4,2.73,19.65,2,5,2,5,0,N
16791,0,1,0,0,1,1,1,0,7.86,2.5,49.13,0.01,7,0.4,2.73,19.65,2,5,2,5,0,N
14129,2,1,0,3,1,1,1,7,20.08,5.5,607.27,0.04,29,0.18,33.74,110.41,11,18,7,7,7,N
17353,0,1,0,0,1,1,1,0,12.18,3.0,109.62,0.01,11,0.33,6.09,36.54,4,7,4,6,0,N
21908,0,1,0,0,1,1,1,0,8.3,6.0,298.97,0.02,15,0.17,16.61,49.83,3,12,2,8,0,N
23381,0,1,0,0,1,1,1,0,5.33,1.5,12.0,0.0,4,0.67,0.67,8.0,1,3,1,3,0,N
15917,0,1,0,0,1,1,1,0,7.74,1.5,17.41,0.0,5,0.67,0.97,11.61,2,3,2,3,0,N
19531,0,1,0,0,1,1,1,0,8.3,6.0,298.97,0.02,15,0.17,16.61,49.83,3,12,2,8,0,N
22085,2,3,5,0,2,2,1,5,13.96,6.0,502.57,0.03,22,0.17,27.92,83.76,9,13,6,8,10,N
19026,0,1,0,0,1,1,1,0,7.75,2.0,31.02,0.01,6,0.5,1.72,15.51,2,4,2,4,0,N
15816,0,1,0,0,1,1,1,0,5.33,1.5,12.0,0.0,4,0.67,0.67,8.0,1,3,1,3,0,N
21744,0,3,0,0,2,1,1,0,7.75,2.0,31.02,0.01,6,0.5,1.72,15.51,2,4,2,4,0,N
17850,0,1,0,0,1,1,1,0,5.33,1.5,12.0,0.0,4,0.67,0.67,8.0,1,3,1,3,0,N
19382,0,1,0,0,1,1,1,0,7.74,1.5,17.41,0.0,5,0.67,0.97,11.61,2,3,2,3,0,N
23356,0,1,0,0,1,1,1,0,5.33,1.5,12.0,0.0,4,0.67,0.67,8.0,1,3,1,3,0,N
14813,0,1,0,0,1,1,1,2,7.74,1.5,17.41,0.0,5,0.67,0.97,11.61,2,3,2,3,2,N
19733,2,1,0,1,1,1,1,1,0.0,0.0,0.0,0.0,1,0.0,0.0,0.0,0,1,0,1,1,N
21609,0,1,0,0,1,1,1,0,10.68,4.67,232.53,0.02,15,0.21,12.92,49.83,4,11,3,7,0,N
14597,2,5,0,1,3,3,1,12,18.15,7.71,1080.0,0.05,35,0.13,60.0,140.0,12,23,7,9,12,N
19922,0,1,0,1,1,1,1,2,5.8,2.0,23.22,0.0,5,0.5,1.29,11.61,1,4,1,4,2,N
21147,3,1,0,3,1,1,1,2,0.0,0.0,0.0,0.0,3,0.0,0.0,4.75,0,3,0,3,2,N
22693,11,1,0,10,1,1,1,9,86.0,1.6,220.17,0.05,33,0.63,12.23,137.61,16,17,15,3,9,N
20011,0,1,0,0,1,1,1,0,5.33,1.5,12.0,0.0,4,0.67,0.67,8.0,1,3,1,3,0,N
18553,0,1,0,0,1,1,1,0,8.6,7.5,483.97,0.02,18,0.13,26.89,64.53,5,13,3,9,0,N
14508,0,1,0,0,1,1,1,0,7.75,2.0,31.02,0.01,6,0.5,1.72,15.51,2,4,2,4,0,N
20627,0,1,0,0,1,1,1,3,9.51,3.0,85.59,0.01,9,0.33,4.75,28.53,3,6,3,6,3,N
14381,0,1,0,0,1,1,1,0,0.0,0.0,0.0,0.0,0,0.0,0.0,0.0,0,0,0,0,0,N
19492,0,3,0,0,2,2,1,0,7.75,2.0,31.02,0.01,6,0.5,1.72,15.51,2,4,2,4,0,N
19045,0,1,0,0,1,1,1,0,6.55,3.0,58.95,0.01,7,0.33,3.28,19.65,1,6,1,6,0,N
14474,0,1,0,0,1,1,1,0,5.33,1.5,12.0,0.0,4,0.67,0.67,8.0,1,3,1,3,0,N
23496,1,1,0,4,1,1,1,4,21.67,1.8,70.2,0.01,13,0.56,3.9,39.0,6,7,5,3,4,N
14954,1,5,3,0,3,2,1,4,17.76,5.06,455.24,0.03,22,0.2,25.29,89.92,9,13,8,9,7,N
17224,1,3,0,2,2,1,1,7,27.15,4.45,538.68,0.04,29,0.22,29.93,120.93,14,15,11,7,7,N
20396,0,1,0,0,1,1,1,0,0.0,0.0,0.0,0.0,1,0.0,0.0,0.0,0,1,0,1,0,N
16764,0,1,0,0,1,1,1,0,16.84,1.5,37.9,0.01,9,0.67,2.11,25.27,4,5,4,3,0,N
18344,8,7,0,76,4,4,1,35,19.16,70.7,95764.59,0.45,262,0.01,5320.25,1354.52,101,161,15,21,35,N
23152,0,1,0,0,1,1,1,0,7.74,1.5,17.41,0.0,5,0.67,0.97,11.61,2,3,2,3,0,N
21804,2,5,0,1,3,2,1,23,19.78,20.04,7940.87,0.13,80,0.05,441.16,396.34,33,47,14,17,23,N
14361,4,7,0,1,4,3,1,13,26.06,9.58,2393.23,0.08,56,0.1,132.96,249.73,23,33,12,10,13,N
23376,0,1,0,0,1,1,1,0,7.75,2.0,31.02,0.01,6,0.5,1.72,15.51,2,4,2,4,0,N
22316,0,1,0,0,1,1,1,0,8.15,3.5,99.85,0.01,9,0.29,5.55,28.53,2,7,2,7,0,N
20112,1,9,0,0,5,3,3,12,17.46,16.55,4779.2,0.1,63,0.06,265.51,288.85,28,35,11,13,12,N
14549,0,1,0,0,1,1,1,0,5.33,1.5,12.0,0.0,4,0.67,0.67,8.0,1,3,1,3,0,N
20313,0,1,0,0,1,1,1,0,7.75,2.0,31.02,0.01,6,0.5,1.72,15.51,2,4,2,4,0,N
22729,0,1,0,0,1,1,1,0,5.33,1.5,12.0,0.0,4,0.67,0.67,8.0,1,3,1,3,0,N
22662,0,3,0,0,2,2,1,5,15.36,3.5,188.21,0.02,15,0.29,10.46,53.77,5,10,5,7,5,N
16544,0,1,0,0,1,1,1,0,7.74,1.5,17.41,0.0,5,0.67,0.97,11.61,2,3,2,3,0,N
16448,0,1,0,0,1,1,1,3,11.23,2.0,44.92,0.01,8,0.5,2.5,22.46,3,5,3,4,3,N
14810,1,1,0,0,1,1,1,2,7.74,1.5,17.41,0.0,5,0.67,0.97,11.61,2,3,2,3,2,N
16980,0,1,0,0,1,1,1,0,5.33,1.5,12.0,0.0,4,0.67,0.67,8.0,1,3,1,3,0,N
19888,0,1,0,0,1,1,1,0,7.74,1.5,17.41,0.0,5,0.67,0.97,11.61,2,3,2,3,0,N
18874,0,5,0,0,3,2,1,7,11.89,13.13,2048.55,0.05,35,0.08,113.81,156.08,15,20,8,14,7,N
18405,22,7,3,69,4,4,1,29,45.44,19.68,17598.33,0.3,161,0.05,977.68,894.29,58,103,28,19,32,N
17385,3,5,0,0,3,1,1,12,15.35,9.64,1427.14,0.05,37,0.1,79.29,148.0,15,22,7,9,12,N
22899,0,1,0,3,1,1,1,5,17.9,9.1,1481.92,0.05,36,0.11,82.33,162.85,14,22,10,13,5,N
18173,1,1,0,2,1,1,1,12,30.82,6.29,1217.72,0.06,56,0.16,67.65,193.73,22,34,7,4,12,N
21834,0,3,0,0,2,2,1,0,7.86,2.5,49.13,0.01,7,0.4,2.73,19.65,2,5,2,5,0,N
16979,0,1,0,0,1,1,1,0,5.33,1.5,12.0,0.0,4,0.67,0.67,8.0,1,3,1,3,0,N
15912,0,1,0,0,1,1,1,0,7.74,1.5,17.41,0.0,5,0.67,0.97,11.61,2,3,2,3,0,N
16068,0,1,0,0,1,1,1,0,7.74,1.5,17.41,0.0,5,0.67,0.97,11.61,2,3,2,3,0,N
21785,0,1,0,0,1,1,1,0,9.51,3.0,85.59,0.01,9,0.33,4.75,28.53,3,6,3,6,0,N
17027,0,1,0,0,1,1,1,0,0.0,0.0,0.0,0.0,3,0.0,0.0,4.75,0,3,0,3,0,N
16850,0,1,0,0,1,1,1,0,5.33,1.5,12.0,0.0,4,0.67,0.67,8.0,1,3,1,3,0,N
14873,1,1,0,0,1,1,1,2,7.74,1.5,17.41,0.0,5,0.67,0.97,11.61,2,3,2,3,2,N
22765,0,3,0,0,2,2,1,4,21.5,7.15,1099.18,0.05,35,0.14,61.07,153.73,13,22,10,11,4,N
20464,0,1,0,0,1,1,1,2,5.33,1.5,12.0,0.0,4,0.67,0.67,8.0,1,3,1,3,2,N
15478,0,1,0,0,1,1,1,2,7.81,9.0,632.78,0.02,19,0.11,35.15,70.31,8,11,4,9,2,N
18898,0,1,0,0,1,1,1,0,5.33,1.5,12.0,0.0,4,0.67,0.67,8.0,1,3,1,3,0,N
14142,2,1,0,3,1,1,1,7,20.08,5.5,607.27,0.04,29,0.18,33.74,110.41,11,18,7,7,7,N
19154,0,1,0,0,1,1,1,0,7.75,2.0,31.02,0.01,6,0.5,1.72,15.51,2,4,2,4,0,N
18230,4,7,0,21,4,3,4,11,16.32,10.11,1668.32,0.05,37,0.1,92.68,165.0,14,23,9,13,11,N
15659,0,1,0,0,1,1,1,0,0.0,0.0,0.0,0.0,1,0.0,0.0,0.0,0,1,0,1,0,N
17542,1,3,0,0,2,2,1,6,7.75,6.0,279.04,0.02,14,0.17,15.5,46.51,3,11,2,8,6,N
20666,0,1,0,0,1,1,1,0,7.75,2.0,31.02,0.01,6,0.5,1.72,15.51,2,4,2,4,0,N
15147,0,1,0,0,1,1,1,2,7.35,8.0,470.48,0.02,17,0.13,26.14,58.81,6,11,3,8,2,N
21447,2,5,0,1,3,2,1,23,19.78,20.04,7940.87,0.13,80,0.05,441.16,396.34,33,47,14,17,23,N
20721,0,1,0,0,1,1,1,0,9.51,3.0,85.59,0.01,9,0.33,4.75,28.53,3,6,3,6,0,N
16928,0,1,0,0,1,1,1,2,7.81,9.0,632.78,0.02,19,0.11,35.15,70.31,8,11,4,9,2,N
22650,0,1,0,0,1,1,1,2,8.98,2.5,56.15,0.01,8,0.4,3.12,22.46,2,6,2,5,2,N
19511,0,5,0,0,3,2,1,7,11.89,13.13,2048.55,0.05,35,0.08,113.81,156.08,15,20,8,14,7,N
17790,0,1,0,0,1,1,1,0,0.0,0.0,0.0,0.0,0,0.0,0.0,0.0,0,0,0,0,0,N
19575,0,1,0,0,1,1,1,0,5.8,2.0,23.22,0.0,5,0.5,1.29,11.61,1,4,1,4,0,N
21961,0,1,0,0,1,1,1,0,6.55,3.0,58.95,0.01,7,0.33,3.28,19.65,1,6,1,6,0,N
20834,2,3,4,7,2,2,1,16,25.19,19.73,9802.34,0.17,107,0.05,544.57,496.89,31,76,11,14,20,N
23419,0,1,0,0,1,1,1,0,7.75,2.0,31.02,0.01,6,0.5,1.72,15.51,2,4,2,4,0,N
16596,2,23,9,6,17,15,7,43,34.14,30.0,30723.65,0.34,172,0.03,1706.87,1024.11,64,108,32,30,52,N
19047,0,1,0,0,1,1,1,2,8.98,2.5,56.15,0.01,8,0.4,3.12,22.46,2,6,2,5,2,N
23206,0,1,0,0,1,1,1,0,7.86,2.5,49.13,0.01,7,0.4,2.73,19.65,2,5,2,5,0,N
14550,0,1,0,0,1,1,1,0,5.33,1.5,12.0,0.0,4,0.67,0.67,8.0,1,3,1,3,0,N
15402,0,1,0,0,1,1,1,0,5.33,1.5,12.0,0.0,4,0.67,0.67,8.0,1,3,1,3,0,N
17254,0,1,0,0,1,1,1,0,4.75,1.0,4.75,0.0,3,1.0,0.26,4.75,1,2,1,2,0,N
23200,0,1,0,0,1,1,1,2,5.33,1.5,12.0,0.0,4,0.67,0.67,8.0,1,3,1,3,2,N
15850,0,1,0,0,1,1,1,0,5.33,1.5,12.0,0.0,4,0.67,0.67,8.0,1,3,1,3,0,N
20082,2,3,0,0,2,2,1,17,27.58,9.64,2564.3,0.09,58,0.1,142.46,265.93,27,31,14,10,17,N
14824,1,1,0,0,1,1,1,2,7.74,1.5,17.41,0.0,5,0.67,0.97,11.61,2,3,2,3,2,N
19210,6,3,0,7,1,1,1,18,49.61,12.63,7915.95,0.21,129,0.08,439.78,626.68,48,81,19,10,18,N
22427,14,45,0,20,23,17,9,111,65.25,36.24,85678.82,0.79,382,0.03,4759.93,2364.51,168,214,51,22,111,N
20421,0,1,0,0,1,1,1,0,0.0,0.0,0.0,0.0,0,0.0,0.0,0.0,0,0,0,0,0,N
19739,0,3,0,0,2,2,1,5,17.22,4.08,287.09,0.02,19,0.24,15.95,70.31,7,12,6,7,5,N
17106,0,1,0,0,1,1,1,0,5.33,1.5,12.0,0.0,4,0.67,0.67,8.0,1,3,1,3,0,N
20628,0,3,0,0,2,2,1,5,15.36,3.5,188.21,0.02,15,0.29,10.46,53.77,5,10,5,7,5,N
17712,0,1,0,0,1,1,1,2,5.33,1.5,12.0,0.0,4,0.67,0.67,8.0,1,3,1,3,2,N
14541,0,1,0,0,1,1,1,2,5.33,1.5,12.0,0.0,4,0.67,0.67,8.0,1,3,1,3,2,N
15618,0,1,0,0,1,1,1,0,7.74,1.5,17.41,0.0,5,0.67,0.97,11.61,2,3,2,3,0,N
19674,0,1,0,0,1,1,1,0,5.33,1.5,12.0,0.0,4,0.67,0.67,8.0,1,3,1,3,0,N
20457,0,1,0,0,1,1,1,0,12.18,3.0,109.62,0.01,11,0.33,6.09,36.54,4,7,4,6,0,N
15098,1,1,0,0,1,1,1,2,7.74,1.5,17.41,0.0,5,0.67,0.97,11.61,2,3,2,3,2,N
16427,0,1,0,0,1,1,1,0,0.0,0.0,0.0,0.0,3,0.0,0.0,4.75,0,3,0,3,0,N
20268,0,1,0,0,1,1,1,0,7.75,2.0,31.02,0.01,6,0.5,1.72,15.51,2,4,2,4,0,N
18934,0,1,0,0,1,1,1,0,6.55,3.0,58.95,0.01,7,0.33,3.28,19.65,1,6,1,6,0,N
14846,1,1,0,0,1,1,1,2,7.74,1.5,17.41,0.0,5,0.67,0.97,11.61,2,3,2,3,2,N
21368,0,1,0,0,1,1,1,18,49.27,15.44,11741.46,0.25,146,0.06,652.3,760.58,57,89,24,13,18,N
18029,8,15,0,7,8,5,6,26,45.02,14.46,9418.45,0.22,120,0.07,523.25,651.15,54,66,28,15,26,N
18304,17,21,0,87,11,8,1,49,21.75,67.36,98690.19,0.49,270,0.01,5482.79,1465.09,97,173,18,25,49,N
14714,0,1,1,0,1,1,1,1,9.51,3.0,85.59,0.01,9,0.33,4.75,28.53,3,6,3,6,2,Y
19915,0,1,0,0,1,1,1,0,7.75,2.0,31.02,0.01,6,0.5,1.72,15.51,2,4,2,4,0,N
17079,0,1,0,0,1,1,1,0,5.33,1.5,12.0,0.0,4,0.67,0.67,8.0,1,3,1,3,0,N
22008,0,1,0,0,1,1,1,0,9.51,3.0,85.59,0.01,9,0.33,4.75,28.53,3,6,3,6,0,N
15181,12,1,13,9,1,1,1,6,69.36,8.0,4439.07,0.18,110,0.13,246.61,554.88,50,60,25,8,19,N
20334,0,1,0,0,1,1,1,3,12.0,2.5,75.0,0.01,10,0.4,4.17,30.0,3,7,3,5,3,N
21462,0,3,0,0,2,2,1,0,7.86,2.5,49.13,0.01,7,0.4,2.73,19.65,2,5,2,5,0,N
15493,0,1,0,0,1,1,1,0,5.33,1.5,12.0,0.0,4,0.67,0.67,8.0,1,3,1,3,0,N
20534,0,1,0,0,1,1,1,0,6.55,3.0,58.95,0.01,7,0.33,3.28,19.65,1,6,1,6,0,N
17846,0,1,0,0,1,1,1,0,8.3,6.0,298.97,0.02,15,0.17,16.61,49.83,3,12,2,8,0,N
20272,0,3,0,0,2,2,1,5,15.36,3.5,188.21,0.02,15,0.29,10.46,53.77,5,10,5,7,5,N
22820,0,1,0,0,1,1,1,0,8.3,6.0,298.97,0.02,15,0.17,16.61,49.83,3,12,2,8,0,N
15753,0,1,0,0,1,1,1,0,0.0,0.0,0.0,0.0,0,0.0,0.0,0.0,0,0,0,0,0,N
20037,0,1,0,0,1,1,1,0,5.33,1.5,12.0,0.0,4,0.67,0.67,8.0,1,3,1,3,0,N
14706,3,1,0,0,1,1,1,2,7.74,1.5,17.41,0.0,5,0.67,0.97,11.61,2,3,2,3,2,N
16711,0,1,0,0,1,1,1,8,74.67,1.5,168.0,0.04,28,0.67,9.33,112.0,13,15,13,3,8,N
16239,0,1,0,0,1,1,1,3,12.0,2.5,75.0,0.01,10,0.4,4.17,30.0,3,7,3,5,3,N
21321,0,1,0,0,1,1,1,6,25.62,6.3,1016.95,0.05,38,0.16,56.5,161.42,14,24,10,9,6,N
20078,0,1,0,0,1,1,1,0,7.74,1.5,17.41,0.0,5,0.67,0.97,11.61,2,3,2,3,0,N
21460,0,1,0,0,1,1,1,6,17.51,5.0,437.85,0.03,23,0.2,24.32,87.57,10,13,7,7,6,N
21134,23,1,14,27,1,1,1,17,149.67,4.46,2976.38,0.22,123,0.22,165.35,667.43,55,68,37,6,31,N
20742,1,3,0,5,2,2,1,9,14.0,22.75,7248.03,0.11,75,0.04,402.67,318.59,21,54,6,13,9,N
18867,0,1,0,0,1,1,1,0,5.8,2.0,23.22,0.0,5,0.5,1.29,11.61,1,4,1,4,0,N
21867,0,1,0,0,1,1,1,0,10.68,4.67,232.53,0.02,15,0.21,12.92,49.83,4,11,3,7,0,N
21945,0,1,0,0,1,1,1,2,8.98,2.5,56.15,0.01,8,0.4,3.12,22.46,2,6,2,5,2,N
19947,0,1,0,0,1,1,1,0,5.8,2.0,23.22,0.0,5,0.5,1.29,11.61,1,4,1,4,0,N
15245,4,5,1,1,3,3,1,13,19.9,13.64,3701.1,0.09,60,0.07,205.62,271.41,25,35,11,12,14,N
19265,0,1,0,0,1,1,1,0,0.0,0.0,0.0,0.0,0,0.0,0.0,0.0,0,0,0,0,0,N
21479,0,5,0,0,3,2,1,7,11.89,13.13,2048.55,0.05,35,0.08,113.81,156.08,15,20,8,14,7,N
21994,0,1,0,0,1,1,1,0,7.75,2.0,31.02,0.01,6,0.5,1.72,15.51,2,4,2,4,0,N
20267,0,1,0,0,1,1,1,0,7.75,2.0,31.02,0.01,6,0.5,1.72,15.51,2,4,2,4,0,N
16531,0,1,0,0,1,1,1,0,5.33,1.5,12.0,0.0,4,0.67,0.67,8.0,1,3,1,3,0,N
18009,1,7,1,0,4,4,4,14,37.41,8.39,2636.29,0.1,64,0.12,146.46,314.04,29,35,19,11,15,N
16824,1,1,2,1,1,1,1,8,62.55,3.0,562.94,0.06,45,0.33,31.27,187.65,21,24,14,4,10,N
17826,0,1,0,0,1,1,1,0,7.75,2.0,31.02,0.01,6,0.5,1.72,15.51,2,4,2,4,0,N
21003,0,1,0,0,1,1,1,2,7.86,2.5,49.13,0.01,7,0.4,2.73,19.65,2,5,2,5,2,N
18820,5,3,0,2,2,2,1,8,10.97,13.0,1854.11,0.05,33,0.08,103.01,142.62,14,19,7,13,8,N
18340,15,1,0,90,1,1,1,24,55.09,23.9,31458.99,0.44,237,0.04,1747.72,1316.44,125,112,34,13,24,N
18114,0,1,0,0,1,1,1,0,8.3,6.0,298.97,0.02,15,0.17,16.61,49.83,3,12,2,8,0,N
20063,3,3,1,0,2,1,1,7,4.86,10.5,535.5,0.02,17,0.1,29.75,51.0,7,10,2,6,8,N
14888,1,1,0,0,1,1,1,2,7.74,1.5,17.41,0.0,5,0.67,0.97,11.61,2,3,2,3,2,N
16477,0,7,0,0,4,3,1,8,19.43,5.14,513.83,0.03,27,0.19,28.55,99.91,12,15,7,6,8,N
16204,0,1,0,0,1,1,1,0,7.74,1.5,17.41,0.0,5,0.67,0.97,11.61,2,3,2,3,0,N
22528,0,1,0,0,1,1,1,0,6.55,3.0,58.95,0.01,7,0.33,3.28,19.65,1,6,1,6,0,N
18753,0,1,0,1,1,1,1,4,8.45,6.0,304.31,0.02,16,0.17,16.91,50.72,6,10,3,6,4,N
18070,0,1,0,0,1,1,1,2,13.5,2.0,54.0,0.01,9,0.5,3.0,27.0,4,5,4,4,2,N
18534,0,1,0,0,1,1,1,0,5.33,1.5,12.0,0.0,4,0.67,0.67,8.0,1,3,1,3,0,N
19301,0,1,0,0,1,1,1,0,5.33,1.5,12.0,0.0,4,0.67,0.67,8.0,1,3,1,3,0,N
17812,4,11,3,5,6,6,1,21,52.64,16.5,14331.03,0.29,168,0.06,796.17,868.55,75,93,25,11,24,N
14252,2,13,1,8,7,6,6,54,25.11,40.0,40181.42,0.33,184,0.03,2232.3,1004.54,80,104,22,22,55,N
22824,0,1,0,0,1,1,1,0,7.75,2.0,31.02,0.01,6,0.5,1.72,15.51,2,4,2,4,0,N
22926,1,5,4,1,3,2,1,6,20.54,4.38,393.13,0.03,23,0.23,21.84,89.86,10,13,8,7,10,N
20379,0,1,0,0,1,1,1,0,8.6,7.5,483.97,0.02,18,0.13,26.89,64.53,5,13,3,9,0,N
18502,0,1,0,0,1,1,1,0,8.3,6.0,298.97,0.02,15,0.17,16.61,49.83,3,12,2,8,0,N
15230,42,1,38,75,1,1,1,5,142.01,9.77,13558.89,0.46,259,0.1,753.27,1387.61,114,145,35,6,43,N
21236,0,3,0,0,2,1,1,13,20.04,11.0,2424.6,0.07,51,0.09,134.7,220.42,18,33,9,11,13,N
15605,0,1,0,0,1,1,1,0,5.33,1.5,12.0,0.0,4,0.67,0.67,8.0,1,3,1,3,0,N
22690,11,1,0,10,1,1,1,9,86.0,1.6,220.17,0.05,33,0.63,12.23,137.61,16,17,15,3,9,N
15608,2,3,2,0,2,1,1,18,94.97,4.71,2110.57,0.15,88,0.21,117.25,447.7,44,44,28,6,20,N
20792,2,7,0,7,4,1,1,8,12.17,13.5,2217.15,0.05,38,0.07,123.17,164.23,18,20,8,12,8,N
17016,0,1,0,0,1,1,1,0,5.33,1.5,12.0,0.0,4,0.67,0.67,8.0,1,3,1,3,0,N
18900,0,1,0,0,1,1,1,0,8.3,6.0,298.97,0.02,15,0.17,16.61,49.83,3,12,2,8,0,N
22848,0,1,0,0,1,1,1,2,5.33,1.5,12.0,0.0,4,0.67,0.67,8.0,1,3,1,3,2,N
16250,0,1,0,0,1,1,1,0,7.75,2.0,31.02,0.01,6,0.5,1.72,15.51,2,4,2,4,0,N
21167,15,1,0,24,1,1,1,13,74.92,2.5,468.24,0.06,42,0.4,26.01,187.3,17,25,17,5,13,N
18120,0,1,0,0,1,1,1,0,7.75,2.0,31.02,0.01,6,0.5,1.72,15.51,2,4,2,4,0,N
22832,0,1,0,0,1,1,1,0,7.75,2.0,31.02,0.01,6,0.5,1.72,15.51,2,4,2,4,0,N
21920,0,1,0,0,1,1,1,2,5.33,1.5,12.0,0.0,4,0.67,0.67,8.0,1,3,1,3,2,N
15553,0,1,0,0,1,1,1,0,5.33,1.5,12.0,0.0,4,0.67,0.67,8.0,1,3,1,3,0,N
22196,0,1,0,0,1,1,1,0,5.33,1.5,12.0,0.0,4,0.67,0.67,8.0,1,3,1,3,0,N
23331,0,3,0,0,2,2,1,0,7.86,2.5,49.13,0.01,7,0.4,2.73,19.65,2,5,2,5,0,N
23476,0,1,0,0,1,1,1,0,7.75,2.0,31.02,0.01,6,0.5,1.72,15.51,2,4,2,4,0,N
19525,0,1,0,0,1,1,1,0,7.33,4.5,148.5,0.01,11,0.22,8.25,33.0,3,8,2,6,0,N
18657,0,1,0,0,1,1,1,0,5.33,1.5,12.0,0.0,4,0.67,0.67,8.0,1,3,1,3,0,N
16025,0,1,0,0,1,1,1,0,5.33,1.5,12.0,0.0,4,0.67,0.67,8.0,1,3,1,3,0,N
21613,0,1,0,0,1,1,1,0,0.0,0.0,0.0,0.0,0,0.0,0.0,0.0,0,0,0,0,0,N
21658,0,1,0,0,1,1,1,2,5.33,1.5,12.0,0.0,4,0.67,0.67,8.0,1,3,1,3,2,N
15236,42,1,38,75,1,1,1,5,142.01,9.77,13558.89,0.46,259,0.1,753.27,1387.61,114,145,35,6,43,N
22481,0,3,0,0,2,2,1,5,17.22,4.08,287.09,0.02,19,0.24,15.95,70.31,7,12,6,7,5,N
20198,0,1,0,0,1,1,1,2,8.0,1.0,8.0,0.0,4,1.0,0.44,8.0,2,2,2,2,2,N
17670,0,1,0,0,1,1,1,0,7.74,1.5,17.41,0.0,5,0.67,0.97,11.61,2,3,2,3,0,N
19631,0,1,0,0,1,1,1,0,5.33,1.5,12.0,0.0,4,0.67,0.67,8.0,1,3,1,3,0,N
20420,0,3,0,0,2,1,1,0,0.0,0.0,0.0,0.0,0,0.0,0.0,0.0,0,0,0,0,0,N
20744,2,7,1,6,4,3,1,10,18.31,21.0,8074.56,0.13,85,0.05,448.59,384.5,27,58,9,14,11,N
15671,0,1,0,0,1,1,1,0,5.33,1.5,12.0,0.0,4,0.67,0.67,8.0,1,3,1,3,0,N
20453,0,1,0,0,1,1,1,0,7.75,2.0,31.02,0.01,6,0.5,1.72,15.51,2,4,2,4,0,N
14373,0,1,0,0,1,1,1,0,0.0,0.0,0.0,0.0,0,0.0,0.0,0.0,0,0,0,0,0,N
17611,0,1,0,0,1,1,1,0,7.86,2.5,49.13,0.01,7,0.4,2.73,19.65,2,5,2,5,0,N
17089,0,1,0,0,1,1,1,2,7.35,8.0,470.48,0.02,17,0.13,26.14,58.81,6,11,3,8,2,N
16586,2,3,2,0,2,1,1,9,12.13,11.0,1467.81,0.04,32,0.09,81.55,133.44,11,21,6,12,11,N
18084,0,5,0,0,3,2,1,7,11.89,13.13,2048.55,0.05,35,0.08,113.81,156.08,15,20,8,14,7,N
20688,0,1,0,0,1,1,1,2,5.33,1.5,12.0,0.0,4,0.67,0.67,8.0,1,3,1,3,2,N
15432,0,1,0,0,1,1,1,0,5.33,1.5,12.0,0.0,4,0.67,0.67,8.0,1,3,1,3,0,N
20459,0,1,0,0,1,1,1,0,7.75,2.0,31.02,0.01,6,0.5,1.72,15.51,2,4,2,4,0,N
17828,0,1,0,0,1,1,1,0,7.75,2.0,31.02,0.01,6,0.5,1.72,15.51,2,4,2,4,0,N
19723,0,1,0,0,1,1,1,0,7.74,1.5,17.41,0.0,5,0.67,0.97,11.61,2,3,2,3,0,N
14559,0,1,0,0,1,1,1,3,11.23,2.0,44.92,0.01,8,0.5,2.5,22.46,3,5,3,4,3,N
23054,3,1,0,0,1,1,1,2,7.75,2.0,31.02,0.01,6,0.5,1.72,15.51,2,4,2,4,2,N
20098,0,3,0,0,2,2,1,8,23.46,10.29,2485.24,0.08,52,0.1,138.07,241.48,19,33,12,13,8,N
18379,4,3,4,1,2,1,1,10,22.65,12.38,3474.36,0.09,59,0.08,193.02,280.54,23,36,13,14,14,N
21046,1,1,6,0,1,1,1,1,24.22,2.0,96.86,0.02,14,0.5,5.38,48.43,7,7,7,4,7,N
15225,42,1,38,75,1,1,1,5,142.01,9.77,13558.89,0.46,259,0.1,753.27,1387.61,114,145,35,6,43,N
18852,0,3,0,0,2,2,1,0,6.69,7.5,376.42,0.02,14,0.13,20.91,50.19,5,9,3,9,0,N
17278,2,5,0,1,3,2,1,23,19.78,20.04,7940.87,0.13,80,0.05,441.16,396.34,33,47,14,17,23,N
21052,5,3,3,2,2,2,1,23,60.15,15.54,14530.58,0.31,164,0.06,807.25,934.87,64,100,35,17,26,N
19566,0,1,0,0,1,1,1,0,7.75,2.0,31.02,0.01,6,0.5,1.72,15.51,2,4,2,4,0,N
23257,0,1,0,0,1,1,1,0,7.74,1.5,17.41,0.0,5,0.67,0.97,11.61,2,3,2,3,0,N
21489,0,3,0,0,2,1,1,0,0.0,0.0,0.0,0.0,0,0.0,0.0,0.0,0,0,0,0,0,N
19304,0,1,0,0,1,1,1,0,5.8,2.0,23.22,0.0,5,0.5,1.29,11.61,1,4,1,4,0,N
14738,14,21,25,10,11,6,5,30,24.44,38.5,36220.86,0.31,178,0.03,2012.27,940.8,66,112,18,21,55,Y
17451,0,1,0,0,1,1,1,0,0.0,0.0,0.0,0.0,0,0.0,0.0,0.0,0,0,0,0,0,N
20541,2,7,0,0,4,2,3,11,12.35,16.0,3162.47,0.07,45,0.06,175.69,197.65,16,29,7,14,11,N
14715,0,1,1,0,1,1,1,1,9.51,3.0,85.59,0.01,9,0.33,4.75,28.53,3,6,3,6,2,Y
14249,0,3,0,0,2,2,1,8,23.46,10.29,2485.24,0.08,52,0.1,138.07,241.48,19,33,12,13,8,N
23453,0,1,0,0,1,1,1,0,9.51,3.0,85.59,0.01,9,0.33,4.75,28.53,3,6,3,6,0,N
16788,0,1,0,0,1,1,1,0,5.33,1.5,12.0,0.0,4,0.67,0.67,8.0,1,3,1,3,0,N
14859,1,1,0,0,1,1,1,2,7.74,1.5,17.41,0.0,5,0.67,0.97,11.61,2,3,2,3,2,N
19721,0,1,0,0,1,1,1,0,6.2,2.5,38.77,0.01,6,0.4,2.15,15.51,1,5,1,5,0,N
21651,0,1,0,0,1,1,1,0,7.75,2.0,31.02,0.01,6,0.5,1.72,15.51,2,4,2,4,0,N
21243,5,5,3,3,3,2,1,23,22.86,16.25,6037.01,0.12,80,0.06,335.39,371.51,30,50,12,13,26,N
21620,0,3,0,0,2,1,1,0,0.0,0.0,0.0,0.0,0,0.0,0.0,0.0,0,0,0,0,0,N
21126,39,134,98,2,80,44,1,202,50.69,141.56,1015641.46,2.39,1037,0.01,56424.53,7174.86,416,621,72,49,300,N
14164,0,1,1,0,1,1,1,1,9.83,2.0,39.3,0.01,7,0.5,2.18,19.65,3,4,3,4,2,N
19966,0,1,0,0,1,1,1,0,5.33,1.5,12.0,0.0,4,0.67,0.67,8.0,1,3,1,3,0,N
22807,0,1,0,0,1,1,1,0,0.0,0.0,0.0,0.0,0,0.0,0.0,0.0,0,0,0,0,0,N
22015,0,3,0,0,2,2,1,4,13.67,6.0,492.27,0.03,21,0.17,27.35,82.04,6,15,5,10,4,N
16044,2,1,0,3,1,1,1,9,57.63,3.12,562.77,0.06,41,0.32,31.26,180.09,20,21,16,5,9,N
14603,0,1,0,0,1,1,1,0,9.51,3.0,85.59,0.01,9,0.33,4.75,28.53,3,6,3,6,0,N
19949,0,1,0,0,1,1,1,0,12.18,3.0,109.62,0.01,11,0.33,6.09,36.54,4,7,4,6,0,N
15069,0,5,4,0,3,2,1,5,11.81,4.5,239.18,0.02,16,0.22,13.29,53.15,6,10,4,6,9,N
17483,0,1,0,0,1,1,1,0,7.75,2.0,31.02,0.01,6,0.5,1.72,15.51,2,4,2,4,0,N
16385,0,1,0,0,1,1,1,0,7.74,1.5,17.41,0.0,5,0.67,0.97,11.61,2,3,2,3,0,N
16227,0,3,0,0,2,1,1,0,7.75,2.0,31.02,0.01,6,0.5,1.72,15.51,2,4,2,4,0,N
17527,0,1,0,0,1,1,1,0,9.51,3.0,85.59,0.01,9,0.33,4.75,28.53,3,6,3,6,0,N
15500,0,1,0,0,1,1,1,0,5.33,1.5,12.0,0.0,4,0.67,0.67,8.0,1,3,1,3,0,N
19430,0,1,0,0,1,1,1,0,7.75,2.0,31.02,0.01,6,0.5,1.72,15.51,2,4,2,4,0,N
18954,0,3,0,0,2,1,1,4,11.52,3.75,161.94,0.01,13,0.27,9.0,43.19,5,8,4,6,4,N
20240,0,1,0,0,1,1,1,2,3.0,1.0,3.0,0.0,3,1.0,0.17,3.0,2,1,1,1,2,N
19308,0,1,0,0,1,1,1,0,5.8,2.0,23.22,0.0,5,0.5,1.29,11.61,1,4,1,4,0,N
20176,0,1,0,0,1,1,1,0,5.8,2.0,23.22,0.0,5,0.5,1.29,11.61,1,4,1,4,0,N
18734,25,31,0,30,16,14,15,77,39.82,60.83,147362.04,0.81,419,0.02,8186.78,2422.39,146,273,30,25,77,N
17392,0,43,0,0,35,27,1,0,0.0,0.0,0.0,0.0,0,0.0,0.0,0.0,0,0,0,0,0,N
21115,23,1,10,12,1,1,1,14,139.3,3.71,1913.08,0.17,97,0.27,106.28,516.23,42,55,34,6,24,N
14568,3,7,1,4,1,1,1,27,38.35,13.0,6481.43,0.17,98,0.08,360.08,498.57,42,56,21,13,28,N
17033,0,1,0,0,1,1,1,0,7.74,1.5,17.41,0.0,5,0.67,0.97,11.61,2,3,2,3,0,N
16394,2,1,6,3,1,1,1,11,114.74,2.53,732.29,0.1,65,0.4,40.68,289.86,32,33,19,3,17,N
17554,9,5,0,2,3,3,1,13,22.99,6.22,890.16,0.05,35,0.16,49.45,143.06,14,21,9,8,13,N
18112,0,1,0,0,1,1,1,0,6.86,3.5,84.0,0.01,8,0.29,4.67,24.0,1,7,1,7,0,N
14224,3,5,5,0,3,1,1,6,13.67,11.43,1786.01,0.05,40,0.09,99.22,156.28,20,20,7,8,11,N
18489,0,3,0,0,2,2,1,5,15.36,3.5,188.21,0.02,15,0.29,10.46,53.77,5,10,5,7,5,N
14767,2,3,7,0,2,2,1,7,19.08,14.5,4010.75,0.09,64,0.07,222.82,276.6,29,35,10,10,14,N
20604,0,1,0,0,1,1,1,0,8.3,6.0,298.97,0.02,15,0.17,16.61,49.83,3,12,2,8,0,N
15811,0,1,0,0,1,1,1,0,7.86,2.5,49.13,0.01,7,0.4,2.73,19.65,2,5,2,5,0,N
14240,6,1,0,9,1,1,1,3,16.84,1.5,37.9,0.01,9,0.67,2.11,25.27,4,5,4,3,3,N
18544,0,1,0,0,1,1,1,2,10.57,3.0,95.1,0.01,10,0.33,5.28,31.7,3,7,3,6,2,N
18175,2,1,0,3,1,1,1,12,17.29,18.0,5601.22,0.1,72,0.06,311.18,311.18,24,48,8,12,12,N
22036,20,3,1,0,2,2,1,13,22.45,12.07,3271.7,0.09,57,0.08,181.76,271.03,26,31,14,13,14,N
18396,57,351,6,105,192,186,7,386,44.82,833.78,31159817.68,12.46,5227,0.0,1731100.99,37371.73,2279,2948,82,60,392,N
22151,0,3,0,0,2,2,1,4,11.18,5.63,353.85,0.02,17,0.18,19.66,62.91,5,12,4,9,4,N
22013,0,1,0,0,1,1,1,0,9.51,3.0,85.59,0.01,9,0.33,4.75,28.53,3,6,3,6,0,N
19279,0,1,0,0,1,1,1,0,6.86,3.5,84.0,0.01,8,0.29,4.67,24.0,1,7,1,7,0,N
17239,0,1,0,0,1,1,1,0,5.33,1.5,12.0,0.0,4,0.67,0.67,8.0,1,3,1,3,0,N
19391,0,5,0,0,3,2,1,7,11.89,13.13,2048.55,0.05,35,0.08,113.81,156.08,15,20,8,14,7,N
16349,0,1,0,0,1,1,1,0,5.33,1.5,12.0,0.0,4,0.67,0.67,8.0,1,3,1,3,0,N
20317,0,1,0,0,1,1,1,0,10.0,1.0,10.0,0.0,5,1.0,0.56,10.0,2,3,2,2,0,N
22432,9,3,1,2,2,2,1,11,51.44,5.06,1314.73,0.09,56,0.2,73.04,260.06,26,30,18,7,12,N
17623,0,1,0,0,1,1,1,0,7.75,2.0,31.02,0.01,6,0.5,1.72,15.51,2,4,2,4,0,N
22691,11,1,0,10,1,1,1,9,86.0,1.6,220.17,0.05,33,0.63,12.23,137.61,16,17,15,3,9,N
17426,0,1,0,0,1,1,1,0,7.74,1.5,17.41,0.0,5,0.67,0.97,11.61,2,3,2,3,0,N
20900,50,9,23,35,1,1,1,127,54.4,166.38,1505756.7,3.02,1520,0.01,83653.15,9050.38,605,915,40,22,150,N
22030,24,5,0,3,3,2,1,20,40.5,9.71,3822.21,0.13,78,0.1,212.34,393.46,34,44,21,12,20,N
16296,0,1,0,0,1,1,1,0,16.5,2.0,66.0,0.01,11,0.5,3.67,33.0,4,7,4,4,0,N
14173,0,1,1,0,1,1,1,1,10.44,3.5,127.89,0.01,11,0.29,7.11,36.54,3,8,3,7,2,N
19433,2,3,0,0,2,2,1,7,15.65,7.31,836.91,0.04,28,0.14,46.49,114.45,13,15,8,9,7,N
16693,0,1,0,0,1,1,1,0,5.33,1.5,12.0,0.0,4,0.67,0.67,8.0,1,3,1,3,0,N
19269,0,1,0,0,1,1,1,0,0.0,0.0,0.0,0.0,0,0.0,0.0,0.0,0,0,0,0,0,N
22415,2,9,0,0,5,3,3,16,36.26,10.42,3937.39,0.13,77,0.1,218.74,377.83,36,41,19,11,16,N
18401,2,1,0,4,1,1,1,4,11.35,6.0,408.69,0.02,19,0.17,22.7,68.11,6,13,4,8,4,N
23190,0,1,0,0,1,1,1,0,6.55,3.0,58.95,0.01,7,0.33,3.28,19.65,1,6,1,6,0,N
21453,1,5,0,0,3,3,1,13,16.4,7.07,820.29,0.04,29,0.14,45.57,116.0,11,18,7,9,13,N
20164,0,9,0,0,5,1,1,18,6.16,28.5,5006.4,0.06,49,0.04,278.13,175.66,19,30,3,9,18,N
22809,0,1,0,0,1,1,1,0,0.0,0.0,0.0,0.0,0,0.0,0.0,0.0,0,0,0,0,0,N
16898,0,1,0,0,1,1,1,0,5.33,1.5,12.0,0.0,4,0.67,0.67,8.0,1,3,1,3,0,N
15538,0,3,0,1,2,2,1,3,8.1,3.33,90.0,0.01,9,0.3,5.0,27.0,4,5,3,5,3,N
18480,0,3,0,0,2,2,1,0,0.0,0.0,0.0,0.0,0,0.0,0.0,0.0,0,0,0,0,0,N
16307,0,1,0,0,1,1,1,0,7.74,1.5,17.41,0.0,5,0.67,0.97,11.61,2,3,2,3,0,N
15817,0,1,0,0,1,1,1,0,5.33,1.5,12.0,0.0,4,0.67,0.67,8.0,1,3,1,3,0,N
20381,1,3,0,2,2,2,1,12,14.73,8.94,1176.94,0.04,31,0.11,65.39,131.69,13,18,8,11,12,N
19484,1,5,0,0,3,3,1,13,16.4,7.07,820.29,0.04,29,0.14,45.57,116.0,11,18,7,9,13,N
16802,0,1,0,0,1,1,1,0,5.8,2.0,23.22,0.0,5,0.5,1.29,11.61,1,4,1,4,0,N
22870,0,1,0,0,1,1,1,0,5.33,1.5,12.0,0.0,4,0.67,0.67,8.0,1,3,1,3,0,N
22476,3,1,0,0,1,1,1,2,7.75,2.0,31.02,0.01,6,0.5,1.72,15.51,2,4,2,4,2,N
22195,0,1,0,0,1,1,1,0,7.74,1.5,17.41,0.0,5,0.67,0.97,11.61,2,3,2,3,0,N
22808,0,1,0,0,1,1,1,0,0.0,0.0,0.0,0.0,0,0.0,0.0,0.0,0,0,0,0,0,N
20537,0,3,0,0,2,2,1,0,9.32,5.0,233.02,0.02,13,0.2,12.95,46.6,5,8,4,8,0,N
20167,0,1,0,0,1,1,1,0,7.74,1.5,17.41,0.0,5,0.67,0.97,11.61,2,3,2,3,0,N
18822,4,3,0,3,1,1,1,3,13.29,3.0,119.59,0.01,12,0.33,6.64,39.86,4,8,4,6,3,N
22992,0,3,0,0,2,2,1,8,23.46,10.29,2485.24,0.08,52,0.1,138.07,241.48,19,33,12,13,8,N
16194,0,1,0,0,1,1,1,0,0.0,0.0,0.0,0.0,0,0.0,0.0,0.0,0,0,0,0,0,N
18796,0,1,0,0,1,1,1,0,5.33,1.5,12.0,0.0,4,0.67,0.67,8.0,1,3,1,3,0,N
21601,0,1,0,0,1,1,1,0,7.74,1.5,17.41,0.0,5,0.67,0.97,11.61,2,3,2,3,0,N
22044,27,3,0,1,2,2,1,18,53.35,8.22,3606.99,0.15,83,0.12,200.39,438.69,37,46,27,12,18,N
20516,0,3,0,0,2,2,1,4,21.5,7.15,1099.18,0.05,35,0.14,61.07,153.73,13,22,10,11,4,N
17380,0,1,0,0,1,1,1,0,9.51,3.0,85.59,0.01,9,0.33,4.75,28.53,3,6,3,6,0,N
18889,0,1,0,0,1,1,1,0,0.0,0.0,0.0,0.0,0,0.0,0.0,0.0,0,0,0,0,0,N
20941,2,3,1,0,2,2,1,15,56.19,14.88,12432.2,0.28,156,0.07,690.68,835.78,42,114,24,17,16,N
15276,0,1,0,0,1,1,1,0,0.0,0.0,0.0,0.0,3,0.0,0.0,4.75,0,3,0,3,0,N
17046,0,1,0,0,1,1,1,0,5.33,1.5,12.0,0.0,4,0.67,0.67,8.0,1,3,1,3,0,N
21084,3,9,0,0,5,1,4,19,12.61,16.63,3484.49,0.07,47,0.06,193.58,209.59,19,28,8,14,19,N
15999,0,1,0,0,1,1,1,0,7.74,1.5,17.41,0.0,5,0.67,0.97,11.61,2,3,2,3,0,N
17195,20,23,3,48,12,5,6,50,22.06,40.8,36720.0,0.3,180,0.02,2040.0,900.0,72,108,15,17,53,N
22064,5,5,6,0,3,3,1,8,30.59,3.75,430.18,0.04,31,0.27,23.9,114.71,12,19,8,5,14,N
21331,0,1,0,0,1,1,1,7,27.97,6.95,1352.57,0.06,45,0.14,75.14,194.49,17,28,11,9,7,N
20831,0,1,0,1,1,1,1,1,0.0,0.0,0.0,0.0,1,0.0,0.0,0.0,0,1,0,1,1,N
21005,0,1,1,0,1,1,1,1,5.33,1.5,12.0,0.0,4,0.67,0.67,8.0,1,3,1,3,2,N
16875,0,1,0,0,1,1,1,0,5.8,2.0,23.22,0.0,5,0.5,1.29,11.61,1,4,1,4,0,N
20722,0,3,0,0,2,2,1,4,13.67,6.0,492.27,0.03,21,0.17,27.35,82.04,6,15,5,10,4,N
21723,0,1,0,0,1,1,1,0,0.0,0.0,0.0,0.0,0,0.0,0.0,0.0,0,0,0,0,0,N
19461,0,1,0,0,1,1,1,0,5.33,1.5,12.0,0.0,4,0.67,0.67,8.0,1,3,1,3,0,N
16699,0,1,0,0,1,1,1,3,13.2,2.5,82.5,0.01,11,0.4,4.58,33.0,5,6,4,4,3,N
21969,0,1,0,0,1,1,1,2,5.33,1.5,12.0,0.0,4,0.67,0.67,8.0,1,3,1,3,2,N
21604,3,1,0,0,1,1,1,2,7.75,2.0,31.02,0.01,6,0.5,1.72,15.51,2,4,2,4,2,N
14878,1,1,0,0,1,1,1,2,7.74,1.5,17.41,0.0,5,0.67,0.97,11.61,2,3,2,3,2,N
18186,16,11,1,23,6,6,1,36,35.32,41.43,60620.78,0.49,262,0.02,3367.82,1463.26,116,146,28,20,37,N
16931,0,1,0,0,1,1,1,0,5.33,1.5,12.0,0.0,4,0.67,0.67,8.0,1,3,1,3,0,N
22571,2,13,1,8,7,6,6,54,25.11,40.0,40181.42,0.33,184,0.03,2232.3,1004.54,80,104,22,22,55,N
19185,0,1,0,0,1,1,1,0,5.33,1.5,12.0,0.0,4,0.67,0.67,8.0,1,3,1,3,0,N
22850,0,1,0,0,1,1,1,0,5.33,1.5,12.0,0.0,4,0.67,0.67,8.0,1,3,1,3,0,N
15315,0,1,0,0,1,1,1,0,5.33,1.5,12.0,0.0,4,0.67,0.67,8.0,1,3,1,3,0,N
22919,1,5,4,1,3,2,1,6,20.54,4.38,393.13,0.03,23,0.23,21.84,89.86,10,13,8,7,10,N
20972,0,1,0,0,1,1,1,2,8.0,1.0,8.0,0.0,4,1.0,0.44,8.0,2,2,2,2,2,N
14620,5,15,1,5,8,5,7,29,61.4,11.42,8014.02,0.23,127,0.09,445.22,701.49,58,69,33,13,30,N
14099,18,18,14,27,1,1,1,67,31.0,44.38,61064.32,0.46,238,0.02,3392.46,1375.96,99,139,29,26,81,N
18465,0,1,0,0,1,1,1,0,10.68,4.67,232.53,0.02,15,0.21,12.92,49.83,4,11,3,7,0,N
17568,0,1,0,0,1,1,1,0,0.0,0.0,0.0,0.0,0,0.0,0.0,0.0,0,0,0,0,0,N
16581,2,3,2,0,2,1,1,9,12.13,11.0,1467.81,0.04,32,0.09,81.55,133.44,11,21,6,12,11,N
18661,0,1,0,0,1,1,1,0,8.3,6.0,298.97,0.02,15,0.17,16.61,49.83,3,12,2,8,0,N
16655,8,17,32,3,13,10,4,48,34.8,34.72,41961.57,0.4,212,0.03,2331.2,1208.49,75,137,27,25,80,N
15375,0,1,0,0,1,1,1,2,7.35,8.0,470.48,0.02,17,0.13,26.14,58.81,6,11,3,8,2,N
20975,0,1,0,0,1,1,1,2,8.0,1.0,8.0,0.0,4,1.0,0.44,8.0,2,2,2,2,2,N
22909,0,1,0,5,1,1,1,8,42.46,4.07,703.86,0.06,40,0.25,39.1,172.88,19,21,14,6,8,N
17690,0,1,0,0,1,1,1,0,5.8,2.0,23.22,0.0,5,0.5,1.29,11.61,1,4,1,4,0,N
15294,0,1,0,0,1,1,1,0,7.74,1.5,17.41,0.0,5,0.67,0.97,11.61,2,3,2,3,0,N
16621,14,1,2,4,1,1,1,36,96.51,10.29,10209.86,0.33,192,0.1,567.21,992.63,72,120,28,8,38,N
14823,1,1,0,0,1,1,1,2,7.74,1.5,17.41,0.0,5,0.67,0.97,11.61,2,3,2,3,2,N
14510,0,1,0,0,1,1,1,0,7.75,2.0,31.02,0.01,6,0.5,1.72,15.51,2,4,2,4,0,N
22000,0,1,0,0,1,1,1,0,9.0,3.0,81.0,0.01,9,0.33,4.5,27.0,2,7,2,6,0,N
17834,0,1,0,0,1,1,1,2,7.81,9.0,632.78,0.02,19,0.11,35.15,70.31,8,11,4,9,2,N
20723,20,21,4,16,11,10,11,36,57.99,23.06,30850.19,0.45,245,0.04,1713.9,1337.56,110,135,31,13,40,N
17097,0,1,0,0,1,1,1,0,5.33,1.5,12.0,0.0,4,0.67,0.67,8.0,1,3,1,3,0,N
19327,0,1,0,0,1,1,1,2,5.33,1.5,12.0,0.0,4,0.67,0.67,8.0,1,3,1,3,2,N
21275,0,1,0,0,1,1,1,0,5.33,1.5,12.0,0.0,4,0.67,0.67,8.0,1,3,1,3,0,N
16554,0,1,0,0,1,1,1,4,16.21,2.25,82.12,0.01,13,0.44,4.56,36.5,6,7,4,3,4,N
18137,0,1,0,0,1,1,1,0,6.55,3.0,58.95,0.01,7,0.33,3.28,19.65,1,6,1,6,0,N
21823,0,1,0,0,1,1,1,0,6.55,3.0,58.95,0.01,7,0.33,3.28,19.65,1,6,1,6,0,N
19513,0,3,0,0,2,2,1,4,11.18,5.63,353.85,0.02,17,0.18,19.66,62.91,5,12,4,9,4,N
14399,0,1,0,0,1,1,1,0,0.0,0.0,0.0,0.0,0,0.0,0.0,0.0,0,0,0,0,0,N
15112,1,9,0,1,5,2,1,8,19.98,4.5,404.66,0.03,22,0.22,22.48,89.92,8,14,8,9,8,N
21425,0,1,0,0,1,1,1,0,0.0,0.0,0.0,0.0,1,0.0,0.0,0.0,0,1,0,1,0,N
18526,0,1,0,0,1,1,1,0,7.86,2.5,49.13,0.01,7,0.4,2.73,19.65,2,5,2,5,0,N
16572,2,3,2,0,2,1,1,9,12.13,11.0,1467.81,0.04,32,0.09,81.55,133.44,11,21,6,12,11,N
22436,0,1,0,0,1,1,1,0,8.0,1.0,8.0,0.0,4,1.0,0.44,8.0,2,2,2,2,0,N
15943,0,3,0,0,2,2,1,3,9.6,2.5,60.0,0.01,8,0.4,3.33,24.0,3,5,3,5,3,N
17514,0,1,0,0,1,1,1,2,8.98,2.5,56.15,0.01,8,0.4,3.12,22.46,2,6,2,5,2,N
14607,0,3,0,0,2,2,1,4,13.67,6.0,492.27,0.03,21,0.17,27.35,82.04,6,15,5,10,4,N
17617,0,1,0,0,1,1,1,6,11.81,6.75,538.15,0.03,24,0.15,29.9,79.73,9,15,4,6,6,N
20608,0,1,0,0,1,1,1,0,5.33,1.5,12.0,0.0,4,0.67,0.67,8.0,1,3,1,3,0,N
14658,0,1,1,0,1,1,1,1,7.74,1.5,17.41,0.0,5,0.67,0.97,11.61,2,3,2,3,2,N
23457,0,3,0,0,2,2,1,4,13.67,6.0,492.27,0.03,21,0.17,27.35,82.04,6,15,5,10,4,N
17849,0,1,0,0,1,1,1,0,5.33,1.5,12.0,0.0,4,0.67,0.67,8.0,1,3,1,3,0,N
15776,0,1,0,0,1,1,1,0,0.0,0.0,0.0,0.0,0,0.0,0.0,0.0,0,0,0,0,0,N
19945,0,1,0,0,1,1,1,0,7.75,2.0,31.02,0.01,6,0.5,1.72,15.51,2,4,2,4,0,N
19285,0,1,0,0,1,1,1,3,9.51,3.0,85.59,0.01,9,0.33,4.75,28.53,3,6,3,6,3,N
14564,3,11,0,1,1,1,1,20,21.1,18.56,7271.57,0.13,77,0.05,403.98,391.73,33,44,16,18,20,N
16889,0,1,0,0,1,1,1,0,5.33,1.5,12.0,0.0,4,0.67,0.67,8.0,1,3,1,3,0,N
17693,0,1,0,0,1,1,1,0,7.75,2.0,31.02,0.01,6,0.5,1.72,15.51,2,4,2,4,0,N
16339,0,1,0,0,1,1,1,0,5.33,1.5,12.0,0.0,4,0.67,0.67,8.0,1,3,1,3,0,N
18310,20,21,0,80,11,10,1,63,28.39,77.78,171770.62,0.74,382,0.01,9542.81,2208.48,150,232,27,28,63,N
17080,0,1,0,0,1,1,1,0,0.0,0.0,0.0,0.0,3,0.0,0.0,4.75,0,3,0,3,0,N
19829,4,13,0,2,7,5,1,42,68.41,12.36,10456.49,0.28,154,0.08,580.92,845.75,68,86,33,12,42,N
23023,0,3,0,0,2,2,1,0,9.32,5.0,233.02,0.02,13,0.2,12.95,46.6,5,8,4,8,0,N
19312,0,1,0,0,1,1,1,0,7.75,2.0,31.02,0.01,6,0.5,1.72,15.51,2,4,2,4,0,N
15989,0,1,0,0,1,1,1,0,5.33,1.5,12.0,0.0,4,0.67,0.67,8.0,1,3,1,3,0,N
20547,0,1,0,0,1,1,1,2,13.5,2.0,54.0,0.01,9,0.5,3.0,27.0,4,5,4,4,2,N
19225,0,1,0,0,1,1,1,4,10.24,7.0,501.89,0.02,20,0.14,27.88,71.7,7,13,4,8,4,N
18102,0,3,0,0,2,2,1,4,10.88,5.6,341.29,0.02,17,0.18,18.96,60.94,8,9,5,7,4,N
23256,0,1,0,0,1,1,1,0,7.74,1.5,17.41,0.0,5,0.67,0.97,11.61,2,3,2,3,0,N
21023,5,5,0,2,3,2,1,20,47.47,8.64,3540.91,0.14,82,0.12,196.72,410.0,38,44,22,10,20,N
22716,0,1,0,0,1,1,1,0,5.33,1.5,12.0,0.0,4,0.67,0.67,8.0,1,3,1,3,0,N
23115,0,1,0,0,1,1,1,0,8.3,6.0,298.97,0.02,15,0.17,16.61,49.83,3,12,2,8,0,N
16591,2,23,9,6,17,15,7,43,34.14,30.0,30723.65,0.34,172,0.03,1706.87,1024.11,64,108,32,30,52,N
14470,0,1,0,0,1,1,1,0,5.33,1.5,12.0,0.0,4,0.67,0.67,8.0,1,3,1,3,0,N
15390,2,7,0,4,1,1,1,20,32.91,9.72,3111.11,0.11,64,0.1,172.84,320.0,25,39,18,14,20,N
17601,0,1,0,0,1,1,1,0,8.6,7.5,483.97,0.02,18,0.13,26.89,64.53,5,13,3,9,0,N
14194,2,3,1,0,2,1,1,7,7.32,8.17,488.32,0.02,18,0.12,27.13,59.79,7,11,3,7,8,N
16522,0,1,0,0,1,1,1,0,5.33,1.5,12.0,0.0,4,0.67,0.67,8.0,1,3,1,3,0,N
21315,2,40,2,0,31,26,1,148,71.68,133.17,1271153.09,3.18,1337,0.01,70619.62,9545.58,470,867,90,51,150,N
15639,0,1,0,0,1,1,1,0,7.74,1.5,17.41,0.0,5,0.67,0.97,11.61,2,3,2,3,0,N
16057,0,3,0,0,2,1,1,4,11.52,3.75,161.94,0.01,13,0.27,9.0,43.19,5,8,4,6,4,N
17665,0,1,0,0,1,1,1,0,6.55,3.0,58.95,0.01,7,0.33,3.28,19.65,1,6,1,6,0,N
21097,0,1,0,0,1,1,1,2,7.74,1.5,17.41,0.0,5,0.67,0.97,11.61,2,3,2,3,2,N
21409,0,1,0,0,1,1,1,0,7.74,1.5,17.41,0.0,5,0.67,0.97,11.61,2,3,2,3,0,N
22787,0,1,0,0,1,1,1,0,0.0,0.0,0.0,0.0,1,0.0,0.0,0.0,0,1,0,1,0,N
16246,0,1,0,0,1,1,1,2,5.33,1.5,12.0,0.0,4,0.67,0.67,8.0,1,3,1,3,2,N
21938,0,1,0,0,1,1,1,0,7.75,2.0,31.02,0.01,6,0.5,1.72,15.51,2,4,2,4,0,N
22108,0,1,0,0,1,1,1,0,5.33,1.5,12.0,0.0,4,0.67,0.67,8.0,1,3,1,3,0,N
16406,0,1,0,0,1,1,1,0,7.74,1.5,17.41,0.0,5,0.67,0.97,11.61,2,3,2,3,0,N
14646,16,10,22,13,7,1,1,21,28.4,22.92,14912.49,0.22,129,0.04,828.47,650.73,55,74,18,15,43,Y
22323,0,1,0,0,1,1,1,0,0.0,0.0,0.0,0.0,0,0.0,0.0,0.0,0,0,0,0,0,N
22656,0,1,0,0,1,1,1,0,5.33,1.5,12.0,0.0,4,0.67,0.67,8.0,1,3,1,3,0,N
15054,1,1,2,0,1,1,1,1,11.23,2.0,44.92,0.01,8,0.5,2.5,22.46,3,5,3,4,3,N
22510,0,3,0,0,2,1,1,0,7.75,2.0,31.02,0.01,6,0.5,1.72,15.51,2,4,2,4,0,N
15480,0,1,0,0,1,1,1,0,0.0,0.0,0.0,0.0,1,0.0,0.0,0.0,0,1,0,1,0,N
14608,11,23,4,19,12,10,11,46,62.33,27.16,45986.37,0.56,297,0.04,2554.8,1693.03,134,163,37,15,50,N
19216,0,1,0,0,1,1,1,0,5.8,2.0,23.22,0.0,5,0.5,1.29,11.61,1,4,1,4,0,N
20403,0,1,0,0,1,1,1,0,5.8,2.0,23.22,0.0,5,0.5,1.29,11.61,1,4,1,4,0,N
15507,0,1,0,0,1,1,1,0,7.74,1.5,17.41,0.0,5,0.67,0.97,11.61,2,3,2,3,0,N
19773,0,1,0,0,1,1,1,0,7.74,1.5,17.41,0.0,5,0.67,0.97,11.61,2,3,2,3,0,N
16652,8,17,32,3,13,10,4,48,49.82,25.34,31983.69,0.42,212,0.04,1776.87,1262.29,75,137,37,25,80,N
23118,0,1,0,0,1,1,1,0,8.3,6.0,298.97,0.02,15,0.17,16.61,49.83,3,12,2,8,0,N
15940,0,1,0,0,1,1,1,0,7.74,1.5,17.41,0.0,5,0.67,0.97,11.61,2,3,2,3,0,N
15527,0,1,0,0,1,1,1,0,7.74,1.5,17.41,0.0,5,0.67,0.97,11.61,2,3,2,3,0,N
17438,0,1,0,0,1,1,1,0,0.0,0.0,0.0,0.0,0,0.0,0.0,0.0,0,0,0,0,0,N
23455,0,1,0,0,1,1,1,0,9.51,3.0,85.59,0.01,9,0.33,4.75,28.53,3,6,3,6,0,N
19244,0,3,0,0,2,2,1,0,7.75,2.0,31.02,0.01,6,0.5,1.72,15.51,2,4,2,4,0,N
16594,2,23,9,6,17,15,7,43,34.14,30.0,30723.65,0.34,172,0.03,1706.87,1024.11,64,108,32,30,52,N
15893,0,1,0,0,1,1,1,2,5.33,1.5,12.0,0.0,4,0.67,0.67,8.0,1,3,1,3,2,N
17888,0,1,0,0,1,1,1,0,5.8,2.0,23.22,0.0,5,0.5,1.29,11.61,1,4,1,4,0,N
14124,8,11,14,4,6,3,1,20,26.76,22.02,12978.67,0.2,110,0.05,721.04,589.33,51,59,22,19,34,N
18220,3,5,0,3,3,3,1,19,19.18,21.27,8680.58,0.14,89,0.05,482.25,408.06,36,53,11,13,19,N
19145,0,1,0,0,1,1,1,0,8.3,6.0,298.97,0.02,15,0.17,16.61,49.83,3,12,2,8,0,N
18929,0,1,0,0,1,1,1,0,5.33,1.5,12.0,0.0,4,0.67,0.67,8.0,1,3,1,3,0,N
14542,0,1,0,0,1,1,1,0,5.33,1.5,12.0,0.0,4,0.67,0.67,8.0,1,3,1,3,0,N
18015,8,15,0,7,8,5,6,27,50.39,14.03,9921.03,0.24,128,0.07,551.17,707.02,58,70,31,15,27,N
21810,1,3,0,2,2,2,1,12,14.73,8.94,1176.94,0.04,31,0.11,65.39,131.69,13,18,8,11,12,N
17934,0,1,0,0,1,1,1,0,7.75,2.0,31.02,0.01,6,0.5,1.72,15.51,2,4,2,4,0,N
18562,0,3,0,0,2,2,1,0,6.69,7.5,376.42,0.02,14,0.13,20.91,50.19,5,9,3,9,0,N
19578,0,1,0,0,1,1,1,2,5.33,1.5,12.0,0.0,4,0.67,0.67,8.0,1,3,1,3,2,N
21144,3,1,0,3,1,1,1,2,0.0,0.0,0.0,0.0,3,0.0,0.0,4.75,0,3,0,3,2,N
15931,0,1,0,0,1,1,1,0,7.74,1.5,17.41,0.0,5,0.67,0.97,11.61,2,3,2,3,0,N
22702,17,1,0,30,1,1,1,19,123.14,2.88,1021.34,0.12,73,0.35,56.74,354.63,36,37,25,4,19,N
14938,0,1,0,0,1,1,1,2,7.74,1.5,17.41,0.0,5,0.67,0.97,11.61,2,3,2,3,2,N
20478,0,1,0,0,1,1,1,0,5.33,1.5,12.0,0.0,4,0.67,0.67,8.0,1,3,1,3,0,N
20515,0,1,0,0,1,1,1,4,10.24,7.0,501.89,0.02,20,0.14,27.88,71.7,7,13,4,8,4,N
19168,0,1,0,0,1,1,1,0,7.75,2.0,31.02,0.01,6,0.5,1.72,15.51,2,4,2,4,0,N
22404,0,3,0,0,2,2,1,4,13.67,6.0,492.27,0.03,21,0.17,27.35,82.04,6,15,5,10,4,N
21270,0,1,0,0,1,1,1,0,5.33,1.5,12.0,0.0,4,0.67,0.67,8.0,1,3,1,3,0,N
19343,0,1,0,0,1,1,1,0,5.33,1.5,12.0,0.0,4,0.67,0.67,8.0,1,3,1,3,0,N
14498,0,3,0,0,2,1,1,0,7.75,2.0,31.02,0.01,6,0.5,1.72,15.51,2,4,2,4,0,N
14261,1,3,0,2,2,2,1,12,16.67,8.56,1220.22,0.05,33,0.12,67.79,142.62,14,19,9,11,12,N
20707,0,1,0,0,1,1,1,0,9.29,1.5,20.9,0.0,6,0.67,1.16,13.93,2,4,2,3,0,N
17793,0,3,0,0,2,1,1,0,0.0,0.0,0.0,0.0,0,0.0,0.0,0.0,0,0,0,0,0,N
14301,0,1,0,0,1,1,1,0,9.83,2.0,39.3,0.01,7,0.5,2.18,19.65,3,4,3,4,0,N
17378,0,1,0,0,1,1,1,2,7.74,1.5,17.41,0.0,5,0.67,0.97,11.61,2,3,2,3,2,N
23433,0,1,0,0,1,1,1,2,5.33,1.5,12.0,0.0,4,0.67,0.67,8.0,1,3,1,3,2,N
15114,0,1,2,0,1,1,1,1,13.79,1.5,31.02,0.01,8,0.67,1.72,20.68,3,5,3,3,3,N
22719,13,27,5,19,14,10,9,87,55.77,42.89,102612.33,0.8,389,0.02,5700.68,2392.25,168,221,47,24,92,N
21561,0,1,0,0,1,1,1,0,9.51,3.0,85.59,0.01,9,0.33,4.75,28.53,3,6,3,6,0,N
23389,0,1,0,0,1,1,1,0,5.33,1.5,12.0,0.0,4,0.67,0.67,8.0,1,3,1,3,0,N
14544,0,1,0,0,1,1,1,2,5.33,1.5,12.0,0.0,4,0.67,0.67,8.0,1,3,1,3,2,N
15978,0,1,0,0,1,1,1,2,7.81,9.0,632.78,0.02,19,0.11,35.15,70.31,8,11,4,9,2,N
22468,0,1,0,0,1,1,1,0,7.75,2.0,31.02,0.01,6,0.5,1.72,15.51,2,4,2,4,0,N
14874,1,1,0,0,1,1,1,2,7.74,1.5,17.41,0.0,5,0.67,0.97,11.61,2,3,2,3,2,N
15560,0,1,0,0,1,1,1,0,5.33,1.5,12.0,0.0,4,0.67,0.67,8.0,1,3,1,3,0,N
21816,1,5,0,0,3,3,1,13,16.4,7.07,820.29,0.04,29,0.14,45.57,116.0,11,18,7,9,13,N
21106,0,1,0,0,1,1,1,3,6.74,3.75,94.75,0.01,9,0.27,5.26,25.27,3,6,2,5,3,N
15201,14,29,3,8,16,9,13,81,34.25,60.91,127060.67,0.7,349,0.02,7058.93,2086.07,134,215,33,30,84,N
18773,3,3,0,0,2,2,1,10,20.57,8.56,1505.78,0.06,44,0.12,83.65,176.0,22,22,9,7,10,N
20382,1,9,0,0,5,3,3,12,17.46,16.55,4779.2,0.1,63,0.06,265.51,288.85,28,35,11,13,12,N
16281,0,1,0,0,1,1,1,0,0.0,0.0,0.0,0.0,0,0.0,0.0,0.0,0,0,0,0,0,N
19654,0,1,0,0,1,1,1,0,5.33,1.5,12.0,0.0,4,0.67,0.67,8.0,1,3,1,3,0,N
22491,0,1,0,0,1,1,1,0,0.0,0.0,0.0,0.0,0,0.0,0.0,0.0,0,0,0,0,0,N
18679,0,1,0,0,1,1,1,0,9.51,3.0,85.59,0.01,9,0.33,4.75,28.53,3,6,3,6,0,N
17847,0,1,0,0,1,1,1,0,8.3,6.0,298.97,0.02,15,0.17,16.61,49.83,3,12,2,8,0,N
19588,0,1,0,0,1,1,1,0,5.33,1.5,12.0,0.0,4,0.67,0.67,8.0,1,3,1,3,0,N
23159,0,3,0,0,2,1,1,0,7.75,2.0,31.02,0.01,6,0.5,1.72,15.51,2,4,2,4,0,N
16217,0,1,0,0,1,1,1,0,7.75,2.0,31.02,0.01,6,0.5,1.72,15.51,2,4,2,4,0,N
20647,0,1,0,0,1,1,1,2,7.81,9.0,632.78,0.02,19,0.11,35.15,70.31,8,11,4,9,2,N
20206,0,1,0,0,1,1,1,2,8.0,1.0,8.0,0.0,4,1.0,0.44,8.0,2,2,2,2,2,N
16650,8,17,32,3,13,10,4,48,49.82,25.34,31983.69,0.42,212,0.04,1776.87,1262.29,75,137,37,25,80,N
15705,0,3,0,0,2,2,1,0,7.75,2.0,31.02,0.01,6,0.5,1.72,15.51,2,4,2,4,0,N
20532,0,1,0,0,1,1,1,0,7.86,2.5,49.13,0.01,7,0.4,2.73,19.65,2,5,2,5,0,N
18537,0,1,0,0,1,1,1,0,9.0,3.0,81.0,0.01,9,0.33,4.5,27.0,2,7,2,6,0,N
14229,3,5,5,0,3,1,1,6,13.67,11.43,1786.01,0.05,40,0.09,99.22,156.28,20,20,7,8,11,N
20823,2,3,1,6,1,1,1,11,19.16,13.22,3349.45,0.08,56,0.08,186.08,253.32,17,39,9,14,12,N
20028,8,11,1,5,6,5,1,37,49.34,20.83,21414.62,0.34,177,0.05,1189.7,1027.9,75,102,36,20,38,N
20405,2,1,0,1,1,1,1,1,0.0,0.0,0.0,0.0,1,0.0,0.0,0.0,0,1,0,1,1,N
17428,0,1,0,0,1,1,1,0,5.8,2.0,23.22,0.0,5,0.5,1.29,11.61,1,4,1,4,0,N
17971,8,17,0,7,9,6,9,28,40.77,18.67,14204.39,0.25,145,0.05,789.13,760.95,64,81,24,14,28,N
17994,19,41,13,26,21,19,19,78,86.27,47.4,193827.5,1.36,679,0.02,10768.19,4089.19,316,363,50,15,91,N
17716,0,1,0,0,1,1,1,0,9.0,3.0,81.0,0.01,9,0.33,4.5,27.0,2,7,2,6,0,N
23269,0,1,0,0,1,1,1,0,0.0,0.0,0.0,0.0,3,0.0,0.0,4.75,0,3,0,3,0,N
16938,0,1,0,0,1,1,1,0,5.33,1.5,12.0,0.0,4,0.67,0.67,8.0,1,3,1,3,0,N
21006,0,1,0,1,1,1,1,1,0.0,0.0,0.0,0.0,1,0.0,0.0,0.0,0,1,0,1,1,N
19095,0,1,0,0,1,1,1,0,8.6,7.5,483.97,0.02,18,0.13,26.89,64.53,5,13,3,9,0,N
16568,2,3,2,0,2,1,1,9,12.13,11.0,1467.81,0.04,32,0.09,81.55,133.44,11,21,6,12,11,N
16445,0,1,0,0,1,1,1,0,7.74,1.5,17.41,0.0,5,0.67,0.97,11.61,2,3,2,3,0,N
21268,1,1,0,0,1,1,1,5,19.81,2.4,114.12,0.02,15,0.42,6.34,47.55,6,9,5,4,5,N
18807,0,1,0,0,1,1,1,0,7.74,1.5,17.41,0.0,5,0.67,0.97,11.61,2,3,2,3,0,N
22953,10,1,0,9,1,1,1,7,44.77,2.18,213.1,0.03,25,0.46,11.84,97.67,12,13,11,4,7,N
19131,0,1,0,0,1,1,1,0,11.86,3.5,145.3,0.01,12,0.29,8.07,41.51,4,8,4,7,0,N
21859,2,1,0,1,1,1,1,1,0.0,0.0,0.0,0.0,1,0.0,0.0,0.0,0,1,0,1,1,N
20202,0,1,0,0,1,1,1,2,8.0,1.0,8.0,0.0,4,1.0,0.44,8.0,2,2,2,2,2,N
17967,1,3,0,0,2,2,1,10,25.32,5.6,793.95,0.05,34,0.18,44.11,141.78,14,20,10,8,10,N
21827,0,1,0,0,1,1,1,0,7.86,2.5,49.13,0.01,7,0.4,2.73,19.65,2,5,2,5,0,N
17502,0,1,0,0,1,1,1,0,7.75,2.0,31.02,0.01,6,0.5,1.72,15.51,2,4,2,4,0,N
14920,0,1,0,0,1,1,1,2,7.74,1.5,17.41,0.0,5,0.67,0.97,11.61,2,3,2,3,2,N
15011,1,3,2,0,2,1,1,2,8.72,4.0,139.48,0.01,11,0.25,7.75,34.87,4,7,3,6,4,N
22949,4,1,14,1,1,1,1,8,110.63,3.8,1594.44,0.14,84,0.26,88.58,420.0,41,43,27,5,22,N
22457,0,1,0,0,1,1,1,0,6.55,3.0,58.95,0.01,7,0.33,3.28,19.65,1,6,1,6,0,N
22163,0,3,0,0,2,1,1,0,0.0,0.0,0.0,0.0,0,0.0,0.0,0.0,0,0,0,0,0,N
17762,0,1,0,0,1,1,1,0,7.75,2.0,31.02,0.01,6,0.5,1.72,15.51,2,4,2,4,0,N
23277,3,1,0,1,1,1,1,10,47.04,4.15,811.68,0.07,46,0.24,45.09,195.4,18,28,13,6,10,N
14829,1,1,0,0,1,1,1,2,7.74,1.5,17.41,0.0,5,0.67,0.97,11.61,2,3,2,3,2,N
16717,0,1,0,0,1,1,1,0,7.74,1.5,17.41,0.0,5,0.67,0.97,11.61,2,3,2,3,0,N
17398,0,1,0,0,1,1,1,4,10.24,7.0,501.89,0.02,20,0.14,27.88,71.7,7,13,4,8,4,N
22668,0,1,0,0,1,1,1,0,7.75,2.0,31.02,0.01,6,0.5,1.72,15.51,2,4,2,4,0,N
22607,0,3,0,0,2,2,1,5,17.22,4.08,287.09,0.02,19,0.24,15.95,70.31,7,12,6,7,5,N
20684,0,1,0,0,1,1,1,2,5.33,1.5,12.0,0.0,4,0.67,0.67,8.0,1,3,1,3,2,N
20160,0,1,0,0,1,1,1,0,7.74,1.5,17.41,0.0,5,0.67,0.97,11.61,2,3,2,3,0,N
23448,0,1,0,0,1,1,1,0,7.74,1.5,17.41,0.0,5,0.67,0.97,11.61,2,3,2,3,0,N
16134,0,1,0,0,1,1,1,0,5.33,1.5,12.0,0.0,4,0.67,0.67,8.0,1,3,1,3,0,N
14622,4,5,0,4,3,3,1,15,43.59,6.0,1569.11,0.09,55,0.17,87.17,261.51,24,31,18,9,15,N
20932,0,1,2,4,1,1,1,2,22.58,8.13,1490.75,0.06,44,0.12,82.82,183.48,13,31,8,10,4,N
16885,0,1,0,0,1,1,1,2,7.35,8.0,470.48,0.02,17,0.13,26.14,58.81,6,11,3,8,2,N
22376,0,1,0,0,1,1,1,2,5.33,1.5,12.0,0.0,4,0.67,0.67,8.0,1,3,1,3,2,N
22581,0,3,0,0,2,2,1,4,11.99,6.67,533.03,0.03,21,0.15,29.61,79.95,10,11,6,8,4,N
16622,14,1,2,4,1,1,1,36,96.51,10.29,10209.86,0.33,192,0.1,567.21,992.63,72,120,28,8,38,N
21841,0,1,0,0,1,1,1,0,0.0,0.0,0.0,0.0,1,0.0,0.0,0.0,0,1,0,1,0,N
18352,18,21,0,12,11,8,1,58,25.76,77.41,154340.69,0.66,357,0.01,8574.48,1993.83,131,226,22,26,58,N
19582,0,1,0,0,1,1,1,3,12.0,2.5,75.0,0.01,10,0.4,4.17,30.0,3,7,3,5,3,N
15332,0,1,0,0,1,1,1,0,5.33,1.5,12.0,0.0,4,0.67,0.67,8.0,1,3,1,3,0,N
22882,6,37,0,0,19,8,15,58,45.28,39.26,69777.4,0.59,290,0.03,3876.52,1777.49,111,179,41,29,58,N
18866,0,1,0,0,1,1,1,1,7.74,1.5,17.41,0.0,5,0.67,0.97,11.61,2,3,2,3,1,N
23421,0,1,0,0,1,1,1,2,8.98,2.5,56.15,0.01,8,0.4,3.12,22.46,2,6,2,5,2,N
15097,1,1,0,0,1,1,1,2,7.74,1.5,17.41,0.0,5,0.67,0.97,11.61,2,3,2,3,2,N
21695,0,1,0,0,1,1,1,0,7.86,2.5,49.13,0.01,7,0.4,2.73,19.65,2,5,2,5,0,N
14825,1,1,0,0,1,1,1,2,7.74,1.5,17.41,0.0,5,0.67,0.97,11.61,2,3,2,3,2,N
17179,3,5,6,7,3,1,1,7,18.89,8.44,1345.03,0.05,39,0.12,74.72,159.41,15,24,8,9,13,N
18860,0,1,0,0,1,1,1,0,0.0,0.0,0.0,0.0,1,0.0,0.0,0.0,0,1,0,1,0,N
16024,0,1,0,0,1,1,1,0,5.33,1.5,12.0,0.0,4,0.67,0.67,8.0,1,3,1,3,0,N
18490,0,1,0,0,1,1,1,0,6.55,3.0,58.95,0.01,7,0.33,3.28,19.65,1,6,1,6,0,N
14424,2,5,1,0,3,3,1,25,69.28,9.62,6412.06,0.22,127,0.1,356.23,666.49,62,65,29,9,26,N
15584,0,1,0,1,1,1,1,1,0.0,0.0,0.0,0.0,1,0.0,0.0,0.0,0,1,0,1,1,N
18353,18,21,0,12,11,8,1,58,25.76,77.41,154340.69,0.66,357,0.01,8574.48,1993.83,131,226,22,26,58,N
17900,0,1,0,0,1,1,1,0,5.8,2.0,23.22,0.0,5,0.5,1.29,11.61,1,4,1,4,0,N
17030,0,1,0,0,1,1,1,0,7.74,1.5,17.41,0.0,5,0.67,0.97,11.61,2,3,2,3,0,N
22680,11,1,0,10,1,1,1,9,86.0,1.6,220.17,0.05,33,0.63,12.23,137.61,16,17,15,3,9,N
14774,6,1,6,10,1,1,1,18,60.8,10.87,7182.78,0.22,131,0.09,399.04,660.82,50,81,23,10,24,N
17597,0,3,0,0,2,2,1,8,23.46,10.29,2485.24,0.08,52,0.1,138.07,241.48,19,33,12,13,8,N
17116,0,1,0,0,1,1,1,0,7.74,1.5,17.41,0.0,5,0.67,0.97,11.61,2,3,2,3,0,N
19504,3,1,0,0,1,1,1,2,7.75,2.0,31.02,0.01,6,0.5,1.72,15.51,2,4,2,4,2,N
14634,2,3,0,1,2,2,1,10,35.57,7.35,1922.93,0.09,55,0.14,106.83,261.51,25,30,17,10,10,N
16391,0,1,0,0,1,1,1,0,5.33,1.5,12.0,0.0,4,0.67,0.67,8.0,1,3,1,3,0,N
19576,0,1,0,0,1,1,1,0,7.75,2.0,31.02,0.01,6,0.5,1.72,15.51,2,4,2,4,0,N
22396,0,1,0,0,1,1,1,0,7.75,2.0,31.02,0.01,6,0.5,1.72,15.51,2,4,2,4,0,N
18172,1,1,0,2,1,1,1,12,30.82,6.29,1217.72,0.06,56,0.16,67.65,193.73,22,34,7,4,12,N
21376,2,1,0,0,1,1,1,13,36.96,12.22,5521.91,0.15,93,0.08,306.77,451.79,40,53,18,11,13,N
21170,15,1,0,24,1,1,1,13,74.92,2.5,468.24,0.06,42,0.4,26.01,187.3,17,25,17,5,13,N
19901,0,1,0,0,1,1,1,0,6.2,2.5,38.77,0.01,6,0.4,2.15,15.51,1,5,1,5,0,N
15120,6,5,10,0,3,1,1,15,22.9,11.46,3006.28,0.09,58,0.09,167.02,262.37,25,33,12,11,25,N
15881,0,1,0,0,1,1,1,2,8.98,2.5,56.15,0.01,8,0.4,3.12,22.46,2,6,2,5,2,N
14487,0,1,0,0,1,1,1,0,7.75,2.0,31.02,0.01,6,0.5,1.72,15.51,2,4,2,4,0,N
15413,0,1,0,0,1,1,1,0,5.33,1.5,12.0,0.0,4,0.67,0.67,8.0,1,3,1,3,0,N
17363,0,1,0,0,1,1,1,2,5.33,1.5,12.0,0.0,4,0.67,0.67,8.0,1,3,1,3,2,N
22891,4,9,0,0,5,2,4,9,20.61,10.96,2476.71,0.08,47,0.09,137.6,225.95,19,28,13,15,9,N
18160,8,23,11,8,12,8,7,66,74.53,21.0,32866.37,0.52,249,0.05,1825.91,1565.07,114,135,57,21,77,Y
20609,0,1,0,0,1,1,1,0,5.33,1.5,12.0,0.0,4,0.67,0.67,8.0,1,3,1,3,0,N
15542,0,1,0,0,1,1,1,0,7.74,1.5,17.41,0.0,5,0.67,0.97,11.61,2,3,2,3,0,N
15783,0,1,0,0,1,1,1,0,0.0,0.0,0.0,0.0,1,0.0,0.0,0.0,0,1,0,1,0,N
19645,0,1,0,0,1,1,1,0,0.0,0.0,0.0,0.0,1,0.0,0.0,0.0,0,1,0,1,0,N
22334,0,3,0,0,2,2,1,6,12.59,9.0,1019.7,0.04,29,0.11,56.65,113.3,12,17,6,9,6,N
16344,0,1,0,0,1,1,1,0,5.33,1.5,12.0,0.0,4,0.67,0.67,8.0,1,3,1,3,0,N
15656,7,1,3,0,1,1,1,13,84.28,3.33,936.48,0.09,63,0.3,52.03,280.94,30,33,18,4,16,N
15485,0,1,0,0,1,1,1,0,5.33,1.5,12.0,0.0,4,0.67,0.67,8.0,1,3,1,3,0,N
21136,0,1,0,0,1,1,1,9,110.73,3.48,1339.64,0.13,81,0.29,74.42,385.15,40,41,23,4,9,N
17960,0,1,0,0,1,1,1,0,7.74,1.5,17.41,0.0,5,0.67,0.97,11.61,2,3,2,3,0,N
15795,0,1,0,0,1,1,1,0,5.33,1.5,12.0,0.0,4,0.67,0.67,8.0,1,3,1,3,0,N
18111,0,1,0,0,1,1,1,0,7.75,2.0,31.02,0.01,6,0.5,1.72,15.51,2,4,2,4,0,N
18053,1,5,0,3,3,3,1,19,19.07,10.91,2270.01,0.07,46,0.09,126.11,208.08,20,26,11,12,19,N
15580,0,1,0,0,1,1,1,0,7.74,1.5,17.41,0.0,5,0.67,0.97,11.61,2,3,2,3,0,N
16695,0,1,0,0,1,1,1,0,7.74,1.5,17.41,0.0,5,0.67,0.97,11.61,2,3,2,3,0,N
18767,0,1,0,1,1,1,1,3,7.89,8.0,504.93,0.02,19,0.13,28.05,63.12,4,15,2,8,3,N
22707,15,1,0,47,1,1,1,17,117.18,2.67,833.27,0.1,65,0.38,46.29,312.48,32,33,24,4,17,N
15394,0,1,0,0,1,1,1,0,7.74,1.5,17.41,0.0,5,0.67,0.97,11.61,2,3,2,3,0,N
14915,0,1,0,0,1,1,1,2,7.74,1.5,17.41,0.0,5,0.67,0.97,11.61,2,3,2,3,2,N
15219,0,1,0,0,1,1,1,0,0.0,0.0,0.0,0.0,1,0.0,0.0,0.0,0,1,0,1,0,N
18848,1,5,0,0,3,3,1,13,16.4,7.07,820.29,0.04,29,0.14,45.57,116.0,11,18,7,9,13,N
22572,0,1,0,0,1,1,1,0,8.3,6.67,369.01,0.02,16,0.15,20.5,55.35,5,11,3,8,0,N
14536,0,1,0,0,1,1,1,0,6.55,3.0,58.95,0.01,7,0.33,3.28,19.65,1,6,1,6,0,N
15827,0,1,0,0,1,1,1,0,5.33,1.5,12.0,0.0,4,0.67,0.67,8.0,1,3,1,3,0,N
17173,3,5,6,7,3,1,1,7,18.89,8.44,1345.03,0.05,39,0.12,74.72,159.41,15,24,8,9,13,N
18108,0,1,0,0,1,1,1,0,7.75,2.0,31.02,0.01,6,0.5,1.72,15.51,2,4,2,4,0,N
23026,0,3,0,0,2,2,1,0,7.75,2.0,31.02,0.01,6,0.5,1.72,15.51,2,4,2,4,0,N
17863,0,1,0,0,1,1,1,3,15.5,3.0,139.52,0.02,14,0.33,7.75,46.51,6,8,5,5,3,N
20851,3,13,0,10,8,7,1,30,24.11,30.69,22712.31,0.25,148,0.03,1261.79,740.0,42,106,13,19,30,N
19683,0,1,0,0,1,1,1,0,5.33,1.5,12.0,0.0,4,0.67,0.67,8.0,1,3,1,3,0,N
14451,0,1,0,0,1,1,1,0,8.3,6.0,298.97,0.02,15,0.17,16.61,49.83,3,12,2,8,0,N
21518,0,1,0,1,1,1,1,3,9.3,3.75,130.75,0.01,11,0.27,7.26,34.87,6,5,4,5,3,N
15408,0,1,0,0,1,1,1,0,5.33,1.5,12.0,0.0,4,0.67,0.67,8.0,1,3,1,3,0,N
15296,0,1,0,0,1,1,1,0,7.74,1.5,17.41,0.0,5,0.67,0.97,11.61,2,3,2,3,0,N
17104,1,1,0,0,1,1,1,6,15.93,4.5,322.65,0.02,20,0.22,17.92,71.7,9,11,6,6,6,N
16789,0,1,0,0,1,1,1,0,5.33,1.5,12.0,0.0,4,0.67,0.67,8.0,1,3,1,3,0,N
19498,0,1,0,0,1,1,1,0,7.75,2.0,31.02,0.01,6,0.5,1.72,15.51,2,4,2,4,0,N
15423,0,1,0,0,1,1,1,0,5.8,2.0,23.22,0.0,5,0.5,1.29,11.61,1,4,1,4,0,N
21893,0,1,0,0,1,1,1,0,0.0,0.0,0.0,0.0,0,0.0,0.0,0.0,0,0,0,0,0,N
15884,0,1,0,0,1,1,1,2,5.33,1.5,12.0,0.0,4,0.67,0.67,8.0,1,3,1,3,2,N
17688,0,1,0,0,1,1,1,0,7.75,2.0,31.02,0.01,6,0.5,1.72,15.51,2,4,2,4,0,N
15424,0,1,0,0,1,1,1,0,5.8,2.0,23.22,0.0,5,0.5,1.29,11.61,1,4,1,4,0,N
21678,0,3,0,0,2,2,1,4,13.67,6.0,492.27,0.03,21,0.17,27.35,82.04,6,15,5,10,4,N
15967,0,1,0,0,1,1,1,0,5.33,1.5,12.0,0.0,4,0.67,0.67,8.0,1,3,1,3,0,N
20998,4,3,4,2,2,2,1,12,23.17,19.08,8433.46,0.15,91,0.05,468.53,442.08,31,60,13,16,16,N
17741,0,1,0,0,1,1,1,0,6.55,3.0,58.95,0.01,7,0.33,3.28,19.65,1,6,1,6,0,N
21539,0,1,0,0,1,1,1,0,5.33,1.5,12.0,0.0,4,0.67,0.67,8.0,1,3,1,3,0,N
18576,0,1,0,0,1,1,1,1,7.74,1.5,17.41,0.0,5,0.67,0.97,11.61,2,3,2,3,1,N
23329,0,1,0,0,1,1,1,6,17.51,5.0,437.85,0.03,23,0.2,24.32,87.57,10,13,7,7,6,N
22749,4,5,2,14,3,3,1,23,37.12,13.33,6599.19,0.16,93,0.08,366.62,494.94,40,53,24,16,25,N
15262,0,1,0,0,1,1,1,0,5.33,1.5,12.0,0.0,4,0.67,0.67,8.0,1,3,1,3,0,N
17191,20,23,3,48,12,5,6,50,22.06,40.8,36720.0,0.3,180,0.02,2040.0,900.0,72,108,15,17,53,N
14971,1,1,0,0,1,1,1,2,7.74,1.5,17.41,0.0,5,0.67,0.97,11.61,2,3,2,3,2,N
18247,14,11,1,18,6,6,1,37,38.12,38.25,55776.93,0.49,264,0.03,3098.72,1458.22,119,145,28,18,38,N
19735,0,1,0,0,1,1,1,0,9.31,2.5,58.16,0.01,9,0.4,3.23,23.26,1,8,1,5,0,N
18757,0,11,0,0,6,6,1,27,26.07,23.61,14532.97,0.21,120,0.04,807.39,615.51,50,70,18,17,27,N
23233,0,1,0,0,1,1,1,0,9.51,3.0,85.59,0.01,9,0.33,4.75,28.53,3,6,3,6,0,N
17574,0,3,0,0,2,2,1,4,9.25,4.67,201.53,0.01,13,0.21,11.2,43.19,4,9,3,7,4,N
17152,4,7,1,8,4,1,1,23,23.26,21.67,10918.18,0.17,113,0.05,606.57,503.92,52,61,12,10,24,N
21977,0,1,0,0,1,1,1,3,9.51,3.0,85.59,0.01,9,0.33,4.75,28.53,3,6,3,6,3,N
16405,0,1,0,0,1,1,1,0,7.74,1.5,17.41,0.0,5,0.67,0.97,11.61,2,3,2,3,0,N
22306,0,1,0,0,1,1,1,0,9.31,2.5,58.16,0.01,9,0.4,3.23,23.26,1,8,1,5,0,N
16335,0,1,0,0,1,1,1,0,5.33,1.5,12.0,0.0,4,0.67,0.67,8.0,1,3,1,3,0,N
23285,0,1,0,0,1,1,1,0,5.33,1.5,12.0,0.0,4,0.67,0.67,8.0,1,3,1,3,0,N
22877,0,3,0,0,2,2,1,6,32.09,5.71,1047.99,0.06,40,0.18,58.22,183.4,16,24,14,10,6,N
16668,13,5,2,4,3,2,3,39,55.48,19.5,21096.95,0.36,197,0.05,1172.05,1081.9,96,101,32,13,41,Y
20466,0,1,0,0,1,1,1,2,5.33,1.5,12.0,0.0,4,0.67,0.67,8.0,1,3,1,3,2,N
15103,0,1,0,0,1,1,1,2,7.74,1.5,17.41,0.0,5,0.67,0.97,11.61,2,3,2,3,2,N
22107,0,1,0,0,1,1,1,0,5.33,1.5,12.0,0.0,4,0.67,0.67,8.0,1,3,1,3,0,N
20380,1,5,0,3,3,3,1,19,19.07,10.91,2270.01,0.07,46,0.09,126.11,208.08,20,26,11,12,19,N
19530,0,1,0,0,1,1,1,0,7.75,2.0,31.02,0.01,6,0.5,1.72,15.51,2,4,2,4,0,N
23286,0,1,0,0,1,1,1,0,5.33,1.5,12.0,0.0,4,0.67,0.67,8.0,1,3,1,3,0,N
23248,0,3,0,0,2,2,1,5,15.36,3.5,188.21,0.02,15,0.29,10.46,53.77,5,10,5,7,5,N
15828,0,1,0,0,1,1,1,0,5.33,1.5,12.0,0.0,4,0.67,0.67,8.0,1,3,1,3,0,N
22792,0,1,0,0,1,1,1,0,7.74,1.5,17.41,0.0,5,0.67,0.97,11.61,2,3,2,3,0,N
14304,0,1,0,0,1,1,1,0,7.75,2.0,31.02,0.01,6,0.5,1.72,15.51,2,4,2,4,0,N
20847,4,9,2,5,5,2,1,22,12.71,44.0,24612.08,0.19,122,0.02,1367.34,559.37,44,78,8,16,24,N
17454,0,1,0,0,1,1,1,2,7.74,1.5,17.41,0.0,5,0.67,0.97,11.61,2,3,2,3,2,N
18921,0,1,0,0,1,1,1,0,12.18,3.0,109.62,0.01,11,0.33,6.09,36.54,4,7,4,6,0,N
19294,0,1,0,0,1,1,1,0,5.8,2.0,23.22,0.0,5,0.5,1.29,11.61,1,4,1,4,0,N
22197,0,3,0,0,2,1,1,0,7.75,2.0,31.02,0.01,6,0.5,1.72,15.51,2,4,2,4,0,N
18262,2,5,0,2,3,2,1,10,14.31,15.11,3267.33,0.07,46,0.07,181.52,216.22,16,30,9,17,10,N
16990,0,1,0,0,1,1,1,0,7.74,1.5,17.41,0.0,5,0.67,0.97,11.61,2,3,2,3,0,N
18474,0,1,0,0,1,1,1,0,0.0,0.0,0.0,0.0,0,0.0,0.0,0.0,0,0,0,0,0,N
16390,0,1,0,0,1,1,1,0,7.74,1.5,17.41,0.0,5,0.67,0.97,11.61,2,3,2,3,0,N
23477,0,1,0,0,1,1,1,0,7.75,2.0,31.02,0.01,6,0.5,1.72,15.51,2,4,2,4,0,N
15588,0,1,0,0,1,1,1,0,5.33,1.5,12.0,0.0,4,0.67,0.67,8.0,1,3,1,3,0,N
14289,0,3,0,0,2,2,1,3,14.28,4.0,228.44,0.02,15,0.25,12.69,57.11,6,9,6,8,3,N
22642,0,1,0,0,1,1,1,2,5.33,1.5,12.0,0.0,4,0.67,0.67,8.0,1,3,1,3,2,N
16336,0,1,0,0,1,1,1,0,5.33,1.5,12.0,0.0,4,0.67,0.67,8.0,1,3,1,3,0,N
18745,0,5,0,1,3,1,1,10,15.82,9.29,1364.49,0.05,34,0.11,75.81,146.95,10,24,7,13,10,N
18065,0,3,0,0,2,2,1,0,7.75,2.0,31.02,0.01,6,0.5,1.72,15.51,2,4,2,4,0,N
18022,2,5,0,0,3,2,1,10,26.35,7.5,1482.41,0.07,45,0.13,82.36,197.65,20,25,12,9,10,N
14966,0,1,0,0,1,1,1,2,7.74,1.5,17.41,0.0,5,0.67,0.97,11.61,2,3,2,3,2,N
17608,0,3,0,0,2,2,1,4,11.99,6.67,533.03,0.03,21,0.15,29.61,79.95,10,11,6,8,4,N
15923,0,1,0,0,1,1,1,0,9.47,2.67,67.38,0.01,9,0.38,3.74,25.27,4,5,3,4,0,N
18683,0,1,0,0,1,1,1,0,5.33,1.5,12.0,0.0,4,0.67,0.67,8.0,1,3,1,3,0,N
19781,0,1,0,0,1,1,1,0,7.75,2.0,31.02,0.01,6,0.5,1.72,15.51,2,4,2,4,0,N
14397,0,1,0,0,1,1,1,0,11.86,3.5,145.3,0.01,12,0.29,8.07,41.51,4,8,4,7,0,N
15288,0,1,0,0,1,1,1,0,16.5,2.0,66.0,0.01,11,0.5,3.67,33.0,4,7,4,4,0,N
16972,0,1,0,0,1,1,1,0,5.33,1.5,12.0,0.0,4,0.67,0.67,8.0,1,3,1,3,0,N
17006,0,1,0,0,1,1,1,0,5.33,1.5,12.0,0.0,4,0.67,0.67,8.0,1,3,1,3,0,N
20184,0,1,0,0,1,1,1,0,9.31,2.5,58.16,0.01,9,0.4,3.23,23.26,1,8,1,5,0,N
20844,8,55,4,17,1,1,1,71,35.59,83.83,250072.91,0.99,516,0.01,13892.94,2983.18,187,329,29,26,75,N
20139,0,3,0,0,2,2,1,10,13.4,7.0,656.36,0.03,24,0.14,36.46,93.77,7,17,5,10,10,N
15202,14,29,3,8,16,9,13,81,34.25,60.91,127060.67,0.7,349,0.02,7058.93,2086.07,134,215,33,30,84,N
18318,7,3,0,1,2,1,1,19,40.29,8.75,3084.66,0.12,75,0.11,171.37,352.53,28,47,16,10,19,N
16991,0,1,0,0,1,1,1,0,0.0,0.0,0.0,0.0,1,0.0,0.0,0.0,0,1,0,1,0,N
19500,0,1,0,0,1,1,1,0,7.75,2.0,31.02,0.01,6,0.5,1.72,15.51,2,4,2,4,0,N
22677,11,1,0,10,1,1,1,9,86.0,1.6,220.17,0.05,33,0.63,12.23,137.61,16,17,15,3,9,N
18439,2,7,0,0,4,2,3,11,12.35,16.0,3162.47,0.07,45,0.06,175.69,197.65,16,29,7,14,11,N
14281,0,1,0,0,1,1,1,6,17.51,5.0,437.85,0.03,23,0.2,24.32,87.57,10,13,7,7,6,N
16868,0,1,0,0,1,1,1,0,7.74,1.5,17.41,0.0,5,0.67,0.97,11.61,2,3,2,3,0,N
21120,21,1,11,30,1,1,1,11,113.15,4.03,1841.77,0.15,89,0.25,102.32,456.51,39,50,29,6,22,N
14871,1,1,0,0,1,1,1,2,7.74,1.5,17.41,0.0,5,0.67,0.97,11.61,2,3,2,3,2,N
22685,11,1,0,10,1,1,1,9,86.0,1.6,220.17,0.05,33,0.63,12.23,137.61,16,17,15,3,9,N
14807,1,1,0,0,1,1,1,2,7.74,1.5,17.41,0.0,5,0.67,0.97,11.61,2,3,2,3,2,N
17423,0,1,0,0,1,1,1,0,7.75,2.0,31.02,0.01,6,0.5,1.72,15.51,2,4,2,4,0,N
21949,0,1,0,0,1,1,1,0,5.33,1.5,12.0,0.0,4,0.67,0.67,8.0,1,3,1,3,0,N
15247,0,1,0,0,1,1,1,3,13.29,3.0,119.59,0.01,12,0.33,6.64,39.86,4,8,4,6,3,N
17469,0,1,0,0,1,1,1,2,9.96,3.5,122.04,0.01,11,0.29,6.78,34.87,2,9,2,7,2,N
23411,0,1,0,0,1,1,1,0,7.75,2.0,31.02,0.01,6,0.5,1.72,15.51,2,4,2,4,0,N
15904,0,1,0,0,1,1,1,0,7.74,1.5,17.41,0.0,5,0.67,0.97,11.61,2,3,2,3,0,N
22040,17,1,0,0,1,1,1,11,27.05,6.91,1291.37,0.06,44,0.14,71.74,186.91,19,25,11,8,11,N
17615,0,3,0,0,2,2,1,0,7.86,2.5,49.13,0.01,7,0.4,2.73,19.65,2,5,2,5,0,N
21085,3,9,0,1,5,3,5,33,13.21,29.25,11305.83,0.13,88,0.03,628.1,386.52,36,52,8,13,33,N
20976,0,1,0,0,1,1,1,2,7.86,2.5,49.13,0.01,7,0.4,2.73,19.65,2,5,2,5,2,N
14271,0,3,0,0,2,2,1,4,11.99,6.67,533.03,0.03,21,0.15,29.61,79.95,10,11,6,8,4,N
22996,0,1,0,0,1,1,1,0,8.3,6.67,369.01,0.02,16,0.15,20.5,55.35,5,11,3,8,0,N
19122,3,1,0,0,1,1,1,2,7.75,2.0,31.02,0.01,6,0.5,1.72,15.51,2,4,2,4,2,N
15170,0,1,0,0,1,1,1,0,9.47,2.67,67.38,0.01,9,0.38,3.74,25.27,4,5,3,4,0,N
14621,5,15,1,5,8,5,7,29,61.4,11.42,8014.02,0.23,127,0.09,445.22,701.49,58,69,33,13,30,N
20218,0,1,0,0,1,1,1,0,0.0,0.0,0.0,0.0,0,0.0,0.0,0.0,0,0,0,0,0,N
21707,0,1,0,0,1,1,1,0,7.74,1.5,17.41,0.0,5,0.67,0.97,11.61,2,3,2,3,0,N
18044,0,1,0,0,1,1,1,0,7.74,1.5,17.41,0.0,5,0.67,0.97,11.61,2,3,2,3,0,N
22130,0,1,0,0,1,1,1,6,17.51,5.0,437.85,0.03,23,0.2,24.32,87.57,10,13,7,7,6,N
19939,0,1,0,0,1,1,1,0,7.74,1.5,17.41,0.0,5,0.67,0.97,11.61,2,3,2,3,0,N
16387,0,1,0,0,1,1,1,0,7.74,1.5,17.41,0.0,5,0.67,0.97,11.61,2,3,2,3,0,N
19982,0,1,0,0,1,1,1,2,7.86,2.5,49.13,0.01,7,0.4,2.73,19.65,2,5,2,5,2,N
20422,0,1,0,0,1,1,1,0,0.0,0.0,0.0,0.0,0,0.0,0.0,0.0,0,0,0,0,0,N
19344,0,1,0,0,1,1,1,0,5.33,1.5,12.0,0.0,4,0.67,0.67,8.0,1,3,1,3,0,N
17779,0,1,0,0,1,1,1,0,6.2,2.5,38.77,0.01,6,0.4,2.15,15.51,1,5,1,5,0,N
17126,0,1,0,0,1,1,1,2,6.2,2.5,38.77,0.01,6,0.4,2.15,15.51,1,5,1,5,2,N
21370,0,1,0,0,1,1,1,14,38.42,13.0,6492.14,0.17,99,0.08,360.67,499.4,40,59,20,13,14,N
21060,6,5,0,2,3,2,1,23,51.71,10.22,5402.86,0.18,100,0.1,300.16,528.54,46,54,27,12,23,N
14689,3,1,1,0,1,1,1,2,16.84,1.5,37.9,0.01,9,0.67,2.11,25.27,4,5,4,3,3,N
15191,12,1,13,9,1,1,1,6,76.17,7.41,4179.42,0.19,110,0.14,232.19,564.22,50,60,27,8,19,N
15010,2,3,3,0,2,2,1,2,11.07,4.38,211.89,0.02,14,0.23,11.77,48.43,5,9,4,7,5,N
22084,2,3,5,0,2,2,1,5,13.96,6.0,502.57,0.03,22,0.17,27.92,83.76,9,13,6,8,10,N
16645,1,1,3,0,1,1,1,2,10.75,6.0,387.18,0.02,18,0.17,21.51,64.53,6,12,4,8,5,N
14695,3,1,1,0,1,1,1,2,16.84,1.5,37.9,0.01,9,0.67,2.11,25.27,4,5,4,3,3,N
21514,0,1,0,1,1,1,1,2,5.8,2.0,23.22,0.0,5,0.5,1.29,11.61,1,4,1,4,2,N
17593,0,1,0,0,1,1,1,3,11.23,2.0,44.92,0.01,8,0.5,2.5,22.46,3,5,3,4,3,N
22315,0,1,0,0,1,1,1,0,8.15,3.5,99.85,0.01,9,0.29,5.55,28.53,2,7,2,7,0,N
22861,0,3,0,0,2,2,1,5,15.36,3.5,188.21,0.02,15,0.29,10.46,53.77,5,10,5,7,5,N
15165,0,1,0,0,1,1,1,0,7.74,1.5,17.41,0.0,5,0.67,0.97,11.61,2,3,2,3,0,N
18171,2,13,0,1,7,5,7,30,22.2,19.56,8493.88,0.14,84,0.05,471.88,434.27,35,49,17,19,30,N
23464,0,3,0,0,2,2,1,5,15.36,3.5,188.21,0.02,15,0.29,10.46,53.77,5,10,5,7,5,N
19351,0,1,0,0,1,1,1,0,0.0,0.0,0.0,0.0,1,0.0,0.0,0.0,0,1,0,1,0,N
18428,0,1,0,0,1,1,1,4,9.47,2.67,67.38,0.01,9,0.38,3.74,25.27,4,5,3,4,4,N
16274,0,1,0,0,1,1,1,0,0.0,0.0,0.0,0.0,1,0.0,0.0,0.0,0,1,0,1,0,N
15233,42,1,38,75,1,1,1,5,142.01,9.77,13558.89,0.46,259,0.1,753.27,1387.61,114,145,35,6,43,N
21775,0,1,0,0,1,1,1,0,5.33,1.5,12.0,0.0,4,0.67,0.67,8.0,1,3,1,3,0,N
19519,0,1,0,0,1,1,1,0,0.0,0.0,0.0,0.0,0,0.0,0.0,0.0,0,0,0,0,0,N
23247,0,3,0,0,2,2,1,5,15.36,3.5,188.21,0.02,15,0.29,10.46,53.77,5,10,5,7,5,N
19618,4,1,2,3,1,1,1,11,43.68,4.9,1048.86,0.07,48,0.2,58.27,214.05,21,27,15,7,13,N
18992,0,1,0,0,1,1,1,0,10.68,4.67,232.53,0.02,15,0.21,12.92,49.83,4,11,3,7,0,N
14551,0,1,0,0,1,1,1,0,5.33,1.5,12.0,0.0,4,0.67,0.67,8.0,1,3,1,3,0,N
15425,0,1,0,0,1,1,1,0,5.33,1.5,12.0,0.0,4,0.67,0.67,8.0,1,3,1,3,0,N
21098,0,1,0,0,1,1,1,2,7.74,1.5,17.41,0.0,5,0.67,0.97,11.61,2,3,2,3,2,N
23435,0,1,0,0,1,1,1,2,5.33,1.5,12.0,0.0,4,0.67,0.67,8.0,1,3,1,3,2,N
16720,0,1,0,0,1,1,1,0,5.33,1.5,12.0,0.0,4,0.67,0.67,8.0,1,3,1,3,0,N
21866,0,1,0,0,1,1,1,0,10.68,4.67,232.53,0.02,15,0.21,12.92,49.83,4,11,3,7,0,N
23241,0,1,0,0,1,1,1,0,5.33,1.5,12.0,0.0,4,0.67,0.67,8.0,1,3,1,3,0,N
19736,0,1,0,0,1,1,1,0,7.75,2.0,31.02,0.01,6,0.5,1.72,15.51,2,4,2,4,0,N
20642,0,1,0,0,1,1,1,0,7.75,2.0,31.02,0.01,6,0.5,1.72,15.51,2,4,2,4,0,N
17518,0,1,0,0,1,1,1,2,5.33,1.5,12.0,0.0,4,0.67,0.67,8.0,1,3,1,3,2,N
15106,0,1,1,0,1,1,1,1,7.74,1.5,17.41,0.0,5,0.67,0.97,11.61,2,3,2,3,2,N
18235,3,1,7,0,1,1,1,1,48.37,5.36,1388.16,0.09,61,0.19,77.12,259.12,30,31,14,5,8,N
21328,0,1,0,0,1,1,1,9,37.72,8.03,2435.45,0.1,67,0.12,135.3,303.08,25,42,14,9,9,N
16671,13,5,2,4,3,2,3,39,55.48,19.5,21096.95,0.36,197,0.05,1172.05,1081.9,96,101,32,13,41,Y
17486,0,1,0,0,1,1,1,0,7.75,2.0,31.02,0.01,6,0.5,1.72,15.51,2,4,2,4,0,N
22941,10,1,0,9,1,1,1,7,44.77,2.18,213.1,0.03,25,0.46,11.84,97.67,12,13,11,4,7,N
21894,0,1,0,0,1,1,1,0,7.33,4.5,148.5,0.01,11,0.22,8.25,33.0,3,8,2,6,0,N
17872,3,13,6,1,7,6,4,21,49.06,12.0,7064.02,0.2,113,0.08,392.45,588.67,50,63,25,12,27,N
22414,1,3,0,0,2,1,1,10,17.13,4.67,373.12,0.03,21,0.21,20.73,79.95,7,14,6,8,10,N
20331,0,1,0,0,1,1,1,2,5.33,1.5,12.0,0.0,4,0.67,0.67,8.0,1,3,1,3,2,N
18364,1,1,1,0,1,1,1,6,20.08,5.5,607.27,0.04,29,0.18,33.74,110.41,11,18,7,7,7,N
17167,4,7,1,8,4,1,1,23,25.56,20.0,10223.25,0.17,113,0.05,567.96,511.16,52,61,13,10,24,N
15498,0,1,0,0,1,1,1,0,5.33,1.5,12.0,0.0,4,0.67,0.67,8.0,1,3,1,3,0,N
19424,0,3,0,0,2,2,1,5,15.36,3.5,188.21,0.02,15,0.29,10.46,53.77,5,10,5,7,5,N
16992,0,1,0,0,1,1,1,0,7.74,1.5,17.41,0.0,5,0.67,0.97,11.61,2,3,2,3,0,N
15944,0,3,0,0,2,2,1,3,9.6,2.5,60.0,0.01,8,0.4,3.33,24.0,3,5,3,5,3,N
18945,0,1,0,0,1,1,1,0,8.3,6.0,298.97,0.02,15,0.17,16.61,49.83,3,12,2,8,0,N
14553,0,1,0,0,1,1,1,0,7.86,2.5,49.13,0.01,7,0.4,2.73,19.65,2,5,2,5,0,N
23161,0,1,0,0,1,1,1,0,12.18,3.0,109.62,0.01,11,0.33,6.09,36.54,4,7,4,6,0,N
16961,0,1,0,0,1,1,1,0,0.0,0.0,0.0,0.0,0,0.0,0.0,0.0,0,0,0,0,0,N
20008,0,1,0,0,1,1,1,0,5.33,1.5,12.0,0.0,4,0.67,0.67,8.0,1,3,1,3,0,N
14600,0,1,0,0,1,1,1,0,9.51,3.0,85.59,0.01,9,0.33,4.75,28.53,3,6,3,6,0,N
14795,0,1,0,0,1,1,1,2,7.74,1.5,17.41,0.0,5,0.67,0.97,11.61,2,3,2,3,2,N
19242,0,3,0,0,2,2,1,0,9.32,5.0,233.02,0.02,13,0.2,12.95,46.6,5,8,4,8,0,N
18017,3,11,0,2,6,4,1,17,29.4,11.54,3914.62,0.11,75,0.09,217.48,339.27,30,45,13,10,17,N
14293,0,1,0,0,1,1,1,0,0.0,0.0,0.0,0.0,1,0.0,0.0,0.0,0,1,0,1,0,N
22763,1,1,0,1,1,1,1,12,28.22,7.27,1491.17,0.07,46,0.14,82.84,205.13,21,25,13,9,12,N
16008,0,1,0,0,1,1,1,0,5.33,1.5,12.0,0.0,4,0.67,0.67,8.0,1,3,1,3,0,N
14417,0,1,0,0,1,1,1,0,0.0,0.0,0.0,0.0,0,0.0,0.0,0.0,0,0,0,0,0,N
23287,0,1,0,0,1,1,1,0,5.33,1.5,12.0,0.0,4,0.67,0.67,8.0,1,3,1,3,0,N
17531,0,1,0,0,1,1,1,3,10.34,2.0,41.36,0.01,8,0.5,2.3,20.68,2,6,2,4,3,N
17321,0,3,0,0,2,1,1,0,0.0,0.0,0.0,0.0,0,0.0,0.0,0.0,0,0,0,0,0,N
19334,0,1,0,0,1,1,1,0,9.0,3.0,81.0,0.01,9,0.33,4.5,27.0,2,7,2,6,0,N
21557,0,1,0,0,1,1,1,2,5.33,1.5,12.0,0.0,4,0.67,0.67,8.0,1,3,1,3,2,N
21160,13,1,0,23,1,1,1,12,68.52,2.5,428.25,0.06,39,0.4,23.79,171.3,16,23,16,5,12,N
23025,0,1,0,0,1,1,1,6,17.51,5.0,437.85,0.03,23,0.2,24.32,87.57,10,13,7,7,6,N
20320,0,1,0,0,1,1,1,0,5.8,2.0,23.22,0.0,5,0.5,1.29,11.61,1,4,1,4,0,N
19448,0,1,0,0,1,1,1,2,5.33,1.5,12.0,0.0,4,0.67,0.67,8.0,1,3,1,3,2,N
16464,0,1,0,0,1,1,1,0,5.33,1.5,12.0,0.0,4,0.67,0.67,8.0,1,3,1,3,0,N
21071,2,3,3,0,2,1,1,7,8.72,13.0,1472.9,0.04,29,0.08,81.83,113.3,13,16,5,10,10,N
20827,1,1,0,4,1,1,1,3,10.8,2.5,67.5,0.01,9,0.4,3.75,27.0,3,6,3,5,3,N
21778,0,1,0,0,1,1,1,0,5.33,1.5,12.0,0.0,4,0.67,0.67,8.0,1,3,1,3,0,N
16056,0,3,0,0,2,1,1,4,11.52,3.75,161.94,0.01,13,0.27,9.0,43.19,5,8,4,6,4,N
21448,0,1,0,0,1,1,1,0,8.6,7.5,483.97,0.02,18,0.13,26.89,64.53,5,13,3,9,0,N
15627,0,1,0,0,1,1,1,0,5.33,1.5,12.0,0.0,4,0.67,0.67,8.0,1,3,1,3,0,N
22675,0,1,0,0,1,1,1,0,9.51,3.0,85.59,0.01,9,0.33,4.75,28.53,3,6,3,6,0,N
17771,0,1,0,0,1,1,1,0,10.68,4.67,232.53,0.02,15,0.21,12.92,49.83,4,11,3,7,0,N
22355,0,1,0,0,1,1,1,0,12.18,3.0,109.62,0.01,11,0.33,6.09,36.54,4,7,4,6,0,N
20158,0,1,0,0,1,1,1,0,7.75,2.0,31.02,0.01,6,0.5,1.72,15.51,2,4,2,4,0,N
17267,0,1,0,0,1,1,1,0,7.74,1.5,17.41,0.0,5,0.67,0.97,11.61,2,3,2,3,0,N
16954,0,1,0,0,1,1,1,0,7.74,1.5,17.41,0.0,5,0.67,0.97,11.61,2,3,2,3,0,N
15750,0,1,0,0,1,1,1,0,0.0,0.0,0.0,0.0,2,0.0,0.0,2.0,0,2,0,2,0,N
19176,0,1,0,0,1,1,1,3,12.0,2.5,75.0,0.01,10,0.4,4.17,30.0,3,7,3,5,3,N
21928,0,1,0,0,1,1,1,0,5.8,2.0,23.22,0.0,5,0.5,1.29,11.61,1,4,1,4,0,N
14974,0,1,0,0,1,1,1,2,7.74,1.5,17.41,0.0,5,0.67,0.97,11.61,2,3,2,3,2,N
20407,0,1,0,0,1,1,1,0,9.31,2.5,58.16,0.01,9,0.4,3.23,23.26,1,8,1,5,0,N
17141,0,3,0,0,2,1,1,0,0.0,0.0,0.0,0.0,0,0.0,0.0,0.0,0,0,0,0,0,N
16369,0,1,0,0,1,1,1,0,0.0,0.0,0.0,0.0,3,0.0,0.0,4.75,0,3,0,3,0,N
22066,5,5,6,0,3,3,1,8,30.59,3.75,430.18,0.04,31,0.27,23.9,114.71,12,19,8,5,14,N
14369,0,1,0,0,1,1,1,0,0.0,0.0,0.0,0.0,0,0.0,0.0,0.0,0,0,0,0,0,N
22377,0,1,0,0,1,1,1,2,5.33,1.5,12.0,0.0,4,0.67,0.67,8.0,1,3,1,3,2,N
14130,2,1,0,3,1,1,1,7,20.08,5.5,607.27,0.04,29,0.18,33.74,110.41,11,18,7,7,7,N
20506,2,13,0,6,7,5,6,15,17.56,40.8,29225.2,0.24,142,0.02,1623.62,716.3,68,74,15,18,15,N
22244,0,1,0,0,1,1,1,0,7.74,1.5,17.41,0.0,5,0.67,0.97,11.61,2,3,2,3,0,N
18415,1,3,0,0,2,1,1,5,12.37,6.0,445.39,0.02,19,0.17,24.74,74.23,6,13,5,10,5,N
21799,0,3,0,0,2,2,1,8,23.46,10.29,2485.24,0.08,52,0.1,138.07,241.48,19,33,12,13,8,N
20006,1,5,0,1,3,3,3,8,14.72,5.6,461.74,0.03,23,0.18,25.65,82.45,8,15,5,7,8,N
16749,0,1,0,0,1,1,1,0,7.74,1.5,17.41,0.0,5,0.67,0.97,11.61,2,3,2,3,0,N
18606,0,1,0,0,1,1,1,4,27.12,4.28,496.22,0.04,29,0.23,27.57,116.0,11,18,9,7,4,N
22698,11,1,0,10,1,1,1,9,86.0,1.6,220.17,0.05,33,0.63,12.23,137.61,16,17,15,3,9,N
17595,0,1,0,0,1,1,1,4,10.24,7.0,501.89,0.02,20,0.14,27.88,71.7,7,13,4,8,4,N
21435,0,1,1,0,1,1,1,2,11.23,2.0,44.92,0.01,8,0.5,2.5,22.46,3,5,3,4,3,N
14368,0,1,0,0,1,1,1,0,0.0,0.0,0.0,0.0,0,0.0,0.0,0.0,0,0,0,0,0,N
16653,8,17,32,3,13,10,4,48,34.8,34.72,41961.57,0.4,212,0.03,2331.2,1208.49,75,137,27,25,80,N
17783,0,1,0,0,1,1,1,0,0.0,0.0,0.0,0.0,2,0.0,0.0,2.0,0,2,0,2,0,N
17958,1,1,0,0,1,1,1,9,34.4,5.0,860.0,0.06,43,0.2,47.78,172.0,22,21,11,5,9,N
14721,0,1,1,0,1,1,1,1,7.74,1.5,17.41,0.0,5,0.67,0.97,11.61,2,3,2,3,2,N
15443,0,1,0,0,1,1,1,0,0.0,0.0,0.0,0.0,3,0.0,0.0,4.75,0,3,0,3,0,N
23401,0,1,0,0,1,1,1,0,7.74,1.5,17.41,0.0,5,0.67,0.97,11.61,2,3,2,3,0,N
22437,15,25,32,2,13,9,8,37,29.84,37.04,40946.5,0.37,199,0.03,2274.81,1105.36,71,128,23,24,69,Y
18655,0,1,0,0,1,1,1,2,5.33,1.5,12.0,0.0,4,0.67,0.67,8.0,1,3,1,3,2,N
20260,0,1,0,0,1,1,1,0,8.3,6.0,298.97,0.02,15,0.17,16.61,49.83,3,12,2,8,0,N
18257,3,1,0,2,1,1,1,17,60.75,5.33,1728.0,0.11,81,0.19,96.0,324.0,32,49,12,4,17,N
17465,0,1,0,1,1,1,1,2,7.71,3.5,94.5,0.01,9,0.29,5.25,27.0,1,8,1,7,2,N
14754,3,1,1,0,1,1,1,2,16.84,1.5,37.9,0.01,9,0.67,2.11,25.27,4,5,4,3,3,N
14507,0,1,0,0,1,1,1,0,7.75,2.0,31.02,0.01,6,0.5,1.72,15.51,2,4,2,4,0,N
19055,0,1,0,0,1,1,1,0,9.0,3.0,81.0,0.01,9,0.33,4.5,27.0,2,7,2,6,0,N
18348,15,7,0,77,4,4,1,44,21.39,79.89,136544.83,0.57,319,0.01,7585.82,1709.06,138,181,19,22,44,N
15562,0,1,0,0,1,1,1,0,5.33,1.5,12.0,0.0,4,0.67,0.67,8.0,1,3,1,3,0,N
21645,0,1,0,0,1,1,1,0,7.74,1.5,17.41,0.0,5,0.67,0.97,11.61,2,3,2,3,0,N
14885,0,1,0,0,1,1,1,2,7.74,1.5,17.41,0.0,5,0.67,0.97,11.61,2,3,2,3,2,N
15955,0,1,0,0,1,1,1,0,7.86,2.5,49.13,0.01,7,0.4,2.73,19.65,2,5,2,5,0,N
19794,0,1,0,0,1,1,1,2,8.98,2.5,56.15,0.01,8,0.4,3.12,22.46,2,6,2,5,2,N
18449,0,1,0,0,1,1,1,0,6.2,2.5,38.77,0.01,6,0.4,2.15,15.51,1,5,1,5,0,N
18703,0,1,0,0,1,1,1,0,5.33,1.5,12.0,0.0,4,0.67,0.67,8.0,1,3,1,3,0,N
16013,0,1,0,0,1,1,1,4,21.67,1.8,70.2,0.01,13,0.56,3.9,39.0,6,7,5,3,4,N
17750,0,3,0,0,2,2,1,0,7.75,2.0,31.02,0.01,6,0.5,1.72,15.51,2,4,2,4,0,N
18123,0,3,0,0,2,1,1,0,7.75,2.0,31.02,0.01,6,0.5,1.72,15.51,2,4,2,4,0,N
15685,0,1,0,0,1,1,1,0,5.33,1.5,12.0,0.0,4,0.67,0.67,8.0,1,3,1,3,0,N
15254,0,3,0,0,2,2,1,8,13.83,8.57,1016.03,0.04,29,0.12,56.45,118.54,12,17,7,10,8,N
15448,0,1,0,0,1,1,1,0,4.75,1.0,4.75,0.0,3,1.0,0.26,4.75,1,2,1,2,0,N
23475,0,1,0,0,1,1,1,0,7.75,2.0,31.02,0.01,6,0.5,1.72,15.51,2,4,2,4,0,N
18598,1,3,0,0,2,1,1,8,15.07,9.75,1432.72,0.05,34,0.1,79.6,146.95,13,21,8,12,8,N
18054,1,3,0,2,2,2,1,12,14.73,8.94,1176.94,0.04,31,0.11,65.39,131.69,13,18,8,11,12,N
14699,3,1,1,0,1,1,1,2,16.84,1.5,37.9,0.01,9,0.67,2.11,25.27,4,5,4,3,3,N
20749,1,5,1,9,1,1,1,31,41.76,30.85,39750.32,0.43,236,0.03,2208.35,1288.43,98,138,27,17,32,N
15742,0,1,0,0,1,1,1,0,5.33,1.5,12.0,0.0,4,0.67,0.67,8.0,1,3,1,3,0,N
16185,0,1,0,0,1,1,1,0,10.68,4.67,232.53,0.02,15,0.21,12.92,49.83,4,11,3,7,0,N
17643,0,1,0,0,1,1,1,0,10.68,4.67,232.53,0.02,15,0.21,12.92,49.83,4,11,3,7,0,N
23374,0,1,0,0,1,1,1,0,6.86,3.5,84.0,0.01,8,0.29,4.67,24.0,1,7,1,7,0,N
20773,10,27,0,9,1,1,1,44,30.59,55.52,94302.8,0.57,313,0.02,5239.04,1698.42,106,207,21,22,44,N
19581,0,1,0,0,1,1,1,2,5.33,1.5,12.0,0.0,4,0.67,0.67,8.0,1,3,1,3,2,N
14157,0,1,1,0,1,1,1,1,9.83,2.0,39.3,0.01,7,0.5,2.18,19.65,3,4,3,4,2,N
20279,0,1,0,0,1,1,1,0,5.8,2.0,23.22,0.0,5,0.5,1.29,11.61,1,4,1,4,0,N
21445,2,13,1,8,7,6,6,54,25.11,40.0,40181.42,0.33,184,0.03,2232.3,1004.54,80,104,22,22,55,N
16356,0,1,0,0,1,1,1,0,5.33,1.5,12.0,0.0,4,0.67,0.67,8.0,1,3,1,3,0,N
16960,0,1,0,0,1,1,1,0,0.0,0.0,0.0,0.0,1,0.0,0.0,0.0,0,1,0,1,0,N
18714,0,1,0,0,1,1,1,0,5.33,1.5,12.0,0.0,4,0.67,0.67,8.0,1,3,1,3,0,N
17906,2,5,1,0,3,3,1,15,30.54,8.67,2294.06,0.09,57,0.12,127.45,264.7,26,31,15,10,16,N
14491,0,1,0,0,1,1,1,0,7.75,2.0,31.02,0.01,6,0.5,1.72,15.51,2,4,2,4,0,N
19676,0,3,0,0,2,1,1,4,11.52,3.75,161.94,0.01,13,0.27,9.0,43.19,5,8,4,6,4,N
20595,0,1,0,0,1,1,1,0,7.75,2.0,31.02,0.01,6,0.5,1.72,15.51,2,4,2,4,0,N
16782,0,1,0,0,1,1,1,0,5.33,1.5,12.0,0.0,4,0.67,0.67,8.0,1,3,1,3,0,N
16430,0,1,0,0,1,1,1,0,7.74,1.5,17.41,0.0,5,0.67,0.97,11.61,2,3,2,3,0,N
20781,8,5,2,1,3,2,1,14,13.41,20.57,5676.42,0.09,61,0.05,315.36,275.94,18,43,7,16,16,N
15439,0,1,0,0,1,1,1,0,5.33,1.5,12.0,0.0,4,0.67,0.67,8.0,1,3,1,3,0,N
14366,0,3,0,0,2,2,1,4,11.18,5.63,353.85,0.02,17,0.18,19.66,62.91,5,12,4,9,4,N
21780,0,1,0,0,1,1,1,0,7.75,2.0,31.02,0.01,6,0.5,1.72,15.51,2,4,2,4,0,N
23024,0,1,0,0,1,1,1,6,17.51,5.0,437.85,0.03,23,0.2,24.32,87.57,10,13,7,7,6,N
15579,0,1,0,0,1,1,1,0,7.74,1.5,17.41,0.0,5,0.67,0.97,11.61,2,3,2,3,0,N
22618,0,1,0,0,1,1,1,0,0.0,0.0,0.0,0.0,0,0.0,0.0,0.0,0,0,0,0,0,N
20633,0,1,0,0,1,1,1,0,7.74,1.5,17.41,0.0,5,0.67,0.97,11.61,2,3,2,3,0,N
15707,2,7,0,0,4,2,3,11,12.35,16.0,3162.47,0.07,45,0.06,175.69,197.65,16,29,7,14,11,N
17930,0,1,0,0,1,1,1,0,5.33,1.5,12.0,0.0,4,0.67,0.67,8.0,1,3,1,3,0,N
23313,1,5,0,3,3,3,1,19,19.07,10.91,2270.01,0.07,46,0.09,126.11,208.08,20,26,11,12,19,N
19135,0,1,0,0,1,1,1,0,0.0,0.0,0.0,0.0,0,0.0,0.0,0.0,0,0,0,0,0,N
20110,1,3,0,2,2,2,1,12,14.73,8.94,1176.94,0.04,31,0.11,65.39,131.69,13,18,8,11,12,N
21774,0,1,0,0,1,1,1,2,5.33,1.5,12.0,0.0,4,0.67,0.67,8.0,1,3,1,3,2,N
18023,2,5,0,0,3,2,1,10,26.35,7.5,1482.41,0.07,45,0.13,82.36,197.65,20,25,12,9,10,N
22096,0,1,0,0,1,1,1,0,0.0,0.0,0.0,0.0,0,0.0,0.0,0.0,0,0,0,0,0,N
15636,0,1,0,0,1,1,1,0,5.33,1.5,12.0,0.0,4,0.67,0.67,8.0,1,3,1,3,0,N
19121,2,1,0,1,1,1,1,1,0.0,0.0,0.0,0.0,1,0.0,0.0,0.0,0,1,0,1,1,N
22262,1,5,0,3,3,3,1,19,19.07,10.91,2270.01,0.07,46,0.09,126.11,208.08,20,26,11,12,19,N
19801,0,1,0,0,1,1,1,0,6.55,3.0,58.95,0.01,7,0.33,3.28,19.65,1,6,1,6,0,N
16052,0,1,0,0,1,1,1,0,7.74,1.5,17.41,0.0,5,0.67,0.97,11.61,2,3,2,3,0,N
15956,0,1,0,0,1,1,1,0,7.86,2.5,49.13,0.01,7,0.4,2.73,19.65,2,5,2,5,0,N
14511,0,1,0,0,1,1,1,0,7.75,2.0,31.02,0.01,6,0.5,1.72,15.51,2,4,2,4,0,N
20255,0,1,0,0,1,1,1,0,7.75,2.0,31.02,0.01,6,0.5,1.72,15.51,2,4,2,4,0,N
20778,9,9,3,10,5,4,1,19,26.77,18.5,9160.41,0.17,103,0.05,508.91,495.16,37,66,14,14,22,N
18342,3,3,0,3,2,1,1,8,16.18,6.43,668.57,0.03,26,0.16,37.14,104.0,10,16,7,9,8,N
18269,11,1,4,12,1,1,1,12,41.56,18.41,14082.95,0.26,153,0.05,782.39,765.0,81,72,22,10,16,N
17059,0,1,0,0,1,1,1,0,5.33,1.5,12.0,0.0,4,0.67,0.67,8.0,1,3,1,3,0,N
21035,5,3,3,2,2,2,1,12,31.67,12.63,5053.69,0.13,78,0.08,280.76,400.08,30,48,19,16,15,N
14777,2,12,2,1,11,11,1,37,48.78,11.63,6592.37,0.19,101,0.09,366.24,567.09,31,70,28,21,39,N
16353,0,1,0,0,1,1,1,0,5.33,1.5,12.0,0.0,4,0.67,0.67,8.0,1,3,1,3,0,N
23075,0,1,0,0,1,1,1,0,0.0,0.0,0.0,0.0,2,0.0,0.0,2.0,0,2,0,2,0,N
22576,1,3,0,2,2,2,1,12,14.73,8.94,1176.94,0.04,31,0.11,65.39,131.69,13,18,8,11,12,N
21603,0,1,0,0,1,1,1,0,5.8,2.0,23.22,0.0,5,0.5,1.29,11.61,1,4,1,4,0,N
14446,0,1,0,0,1,1,1,9,16.05,10.31,1708.46,0.06,39,0.1,94.91,165.67,15,24,8,11,9,N
18702,0,1,0,0,1,1,1,0,5.33,1.5,12.0,0.0,4,0.67,0.67,8.0,1,3,1,3,0,N
22797,3,1,0,0,1,1,1,2,7.75,2.0,31.02,0.01,6,0.5,1.72,15.51,2,4,2,4,2,N
16658,8,17,32,3,13,10,4,48,49.82,25.34,31983.69,0.42,212,0.04,1776.87,1262.29,75,137,37,25,80,N
15405,0,1,0,0,1,1,1,0,5.33,1.5,12.0,0.0,4,0.67,0.67,8.0,1,3,1,3,0,N
23201,0,1,0,0,1,1,1,0,5.33,1.5,12.0,0.0,4,0.67,0.67,8.0,1,3,1,3,0,N
18105,0,1,0,0,1,1,1,0,7.74,1.5,17.41,0.0,5,0.67,0.97,11.61,2,3,2,3,0,N
17985,10,21,10,16,11,10,11,36,63.83,25.24,40649.79,0.54,290,0.04,2258.32,1610.83,132,158,34,13,46,N
15857,0,1,0,0,1,1,1,0,5.33,1.5,12.0,0.0,4,0.67,0.67,8.0,1,3,1,3,0,N
17729,2,13,1,8,7,6,6,54,25.11,40.0,40181.42,0.33,184,0.03,2232.3,1004.54,80,104,22,22,55,N
19918,0,1,0,0,1,1,1,0,8.3,6.0,298.97,0.02,15,0.17,16.61,49.83,3,12,2,8,0,N
18666,0,3,0,0,2,2,1,4,13.67,6.0,492.27,0.03,21,0.17,27.35,82.04,6,15,5,10,4,N
14567,3,7,0,4,1,1,1,28,38.35,13.0,6481.43,0.17,98,0.08,360.08,498.57,42,56,21,13,28,N
17876,0,1,0,0,1,1,1,0,7.75,2.0,31.02,0.01,6,0.5,1.72,15.51,2,4,2,4,0,N
20606,0,1,0,0,1,1,1,0,5.33,1.5,12.0,0.0,4,0.67,0.67,8.0,1,3,1,3,0,N
22942,10,1,0,9,1,1,1,7,38.4,2.5,240.0,0.03,24,0.4,13.33,96.0,11,13,11,5,7,N
16933,0,1,0,0,1,1,1,0,5.33,1.5,12.0,0.0,4,0.67,0.67,8.0,1,3,1,3,0,N
19434,0,1,0,0,1,1,1,0,7.75,2.0,31.02,0.01,6,0.5,1.72,15.51,2,4,2,4,0,N
21871,0,3,0,0,2,2,1,5,17.22,4.08,287.09,0.02,19,0.24,15.95,70.31,7,12,6,7,5,N
16970,0,1,0,0,1,1,1,0,5.33,1.5,12.0,0.0,4,0.67,0.67,8.0,1,3,1,3,0,N
14439,0,1,0,0,1,1,1,0,7.75,2.0,31.02,0.01,6,0.5,1.72,15.51,2,4,2,4,0,N
14922,0,1,0,0,1,1,1,2,7.74,1.5,17.41,0.0,5,0.67,0.97,11.61,2,3,2,3,2,N
18671,0,1,0,0,1,1,1,3,17.79,2.92,151.35,0.02,15,0.34,8.41,51.89,7,8,6,5,3,N
17818,0,3,0,0,2,2,1,4,10.88,5.6,341.29,0.02,17,0.18,18.96,60.94,8,9,5,7,4,N
17616,2,7,0,0,4,2,3,11,12.35,16.0,3162.47,0.07,45,0.06,175.69,197.65,16,29,7,14,11,N
16726,0,1,0,0,1,1,1,0,7.75,2.0,31.02,0.01,6,0.5,1.72,15.51,2,4,2,4,0,N
19688,0,1,0,0,1,1,1,0,7.74,1.5,17.41,0.0,5,0.67,0.97,11.61,2,3,2,3,0,N
19907,0,3,0,0,2,1,1,0,0.0,0.0,0.0,0.0,0,0.0,0.0,0.0,0,0,0,0,0,N
15614,0,1,0,0,1,1,1,0,7.74,1.5,17.41,0.0,5,0.67,0.97,11.61,2,3,2,3,0,N
17401,2,13,1,8,7,6,6,54,25.11,40.0,40181.42,0.33,184,0.03,2232.3,1004.54,80,104,22,22,55,N
22460,0,3,0,0,2,2,1,0,9.32,5.0,233.02,0.02,13,0.2,12.95,46.6,5,8,4,8,0,N
14395,3,11,0,1,6,5,5,27,36.14,14.33,7425.49,0.17,101,0.07,412.53,518.05,43,58,21,14,27,N
16104,0,1,0,0,1,1,1,0,5.8,2.0,23.22,0.0,5,0.5,1.29,11.61,1,4,1,4,0,N
15066,1,5,5,0,3,2,1,5,15.65,4.2,276.06,0.02,19,0.24,15.34,65.73,7,12,5,6,10,Y
15345,0,1,0,0,1,1,1,0,7.74,1.5,17.41,0.0,5,0.67,0.97,11.61,2,3,2,3,0,N
14886,1,1,0,0,1,1,1,2,7.74,1.5,17.41,0.0,5,0.67,0.97,11.61,2,3,2,3,2,N
17212,0,1,0,0,1,1,1,5,28.56,3.33,317.28,0.03,25,0.3,17.63,95.18,12,13,9,5,5,N
20791,2,7,0,7,4,1,1,8,12.17,13.5,2217.15,0.05,38,0.07,123.17,164.23,18,20,8,12,8,N
21870,0,3,0,0,2,2,1,5,17.22,4.08,287.09,0.02,19,0.24,15.95,70.31,7,12,6,7,5,N
17890,0,3,0,0,2,1,1,0,7.75,2.0,31.02,0.01,6,0.5,1.72,15.51,2,4,2,4,0,N
20171,0,3,0,0,2,1,1,3,5.07,8.75,388.32,0.01,14,0.11,21.57,44.38,5,9,2,7,3,N
23227,0,1,0,0,1,1,1,0,7.74,1.5,17.41,0.0,5,0.67,0.97,11.61,2,3,2,3,0,N
16257,0,1,0,0,1,1,1,0,9.51,3.0,85.59,0.01,9,0.33,4.75,28.53,3,6,3,6,0,N
14183,2,3,4,0,2,1,1,4,8.76,10.0,875.69,0.03,23,0.1,48.65,87.57,8,15,4,10,8,N
18540,0,1,0,0,1,1,1,0,9.51,3.0,85.59,0.01,9,0.33,4.75,28.53,3,6,3,6,0,N
20060,2,1,2,0,1,1,1,2,8.43,5.33,239.85,0.01,13,0.19,13.33,44.97,4,9,3,8,4,N
15152,0,1,0,0,1,1,1,0,5.33,1.5,12.0,0.0,4,0.67,0.67,8.0,1,3,1,3,0,N
16299,0,1,0,0,1,1,1,0,5.33,1.5,12.0,0.0,4,0.67,0.67,8.0,1,3,1,3,0,N
21437,0,1,0,0,1,1,1,0,5.33,1.5,12.0,0.0,4,0.67,0.67,8.0,1,3,1,3,0,N
22011,0,1,0,0,1,1,1,0,9.51,3.0,85.59,0.01,9,0.33,4.75,28.53,3,6,3,6,0,N
22715,0,1,0,0,1,1,1,0,5.33,1.5,12.0,0.0,4,0.67,0.67,8.0,1,3,1,3,0,N
16778,0,1,0,0,1,1,1,0,5.33,1.5,12.0,0.0,4,0.67,0.67,8.0,1,3,1,3,0,N
20131,0,3,0,0,2,2,1,0,7.75,2.0,31.02,0.01,6,0.5,1.72,15.51,2,4,2,4,0,N
21934,0,1,0,0,1,1,1,0,7.75,2.0,31.02,0.01,6,0.5,1.72,15.51,2,4,2,4,0,N
15237,42,1,38,75,1,1,1,5,142.01,9.77,13558.89,0.46,259,0.1,753.27,1387.61,114,145,35,6,43,N
17334,0,1,0,0,1,1,1,0,7.75,2.0,31.02,0.01,6,0.5,1.72,15.51,2,4,2,4,0,N
17510,0,1,0,0,1,1,1,3,12.0,2.5,75.0,0.01,10,0.4,4.17,30.0,3,7,3,5,3,N
17443,0,1,0,0,1,1,1,0,6.2,2.5,38.77,0.01,6,0.4,2.15,15.51,1,5,1,5,0,N
15523,0,1,0,0,1,1,1,0,7.74,1.5,17.41,0.0,5,0.67,0.97,11.61,2,3,2,3,0,N
19836,10,7,0,11,4,4,1,41,19.0,84.0,134074.57,0.53,296,0.01,7448.59,1596.13,126,170,18,24,41,N
16103,0,1,0,0,1,1,1,0,5.33,1.5,12.0,0.0,4,0.67,0.67,8.0,1,3,1,3,0,N
21264,9,27,1,11,14,8,11,90,40.63,23.63,22676.04,0.32,178,0.04,1259.78,959.83,63,115,24,18,91,N
21997,0,1,0,0,1,1,1,0,7.75,2.0,31.02,0.01,6,0.5,1.72,15.51,2,4,2,4,0,N
21916,0,1,0,0,1,1,1,0,7.75,2.0,31.02,0.01,6,0.5,1.72,15.51,2,4,2,4,0,N
20185,0,1,0,0,1,1,1,0,7.75,2.0,31.02,0.01,6,0.5,1.72,15.51,2,4,2,4,0,N
17057,0,1,0,0,1,1,1,0,5.33,1.5,12.0,0.0,4,0.67,0.67,8.0,1,3,1,3,0,N
22979,2,3,2,0,2,1,1,10,10.97,11.67,1493.33,0.04,32,0.09,82.96,128.0,14,18,6,10,12,N
23144,0,1,0,0,1,1,1,0,7.75,2.0,31.02,0.01,6,0.5,1.72,15.51,2,4,2,4,0,N
21286,0,1,0,0,1,1,1,0,7.74,1.5,17.41,0.0,5,0.67,0.97,11.61,2,3,2,3,0,N
20490,0,1,0,0,1,1,1,2,7.86,2.5,49.13,0.01,7,0.4,2.73,19.65,2,5,2,5,2,N
18314,5,3,0,5,2,1,1,24,54.76,9.05,4482.37,0.17,100,0.11,249.02,495.42,38,62,21,10,24,N
21359,0,1,0,0,1,1,1,7,24.54,6.75,1118.27,0.06,39,0.15,62.13,165.67,15,24,10,9,7,N
17072,0,1,0,0,1,1,1,0,7.74,1.5,17.41,0.0,5,0.67,0.97,11.61,2,3,2,3,0,N
17495,0,1,0,0,1,1,1,0,7.75,2.0,31.02,0.01,6,0.5,1.72,15.51,2,4,2,4,0,N
22606,0,5,0,0,3,2,1,7,11.89,13.13,2048.55,0.05,35,0.08,113.81,156.08,15,20,8,14,7,N
15304,0,1,0,0,1,1,1,0,5.33,1.5,12.0,0.0,4,0.67,0.67,8.0,1,3,1,3,0,N
15587,0,1,0,0,1,1,1,0,5.33,1.5,12.0,0.0,4,0.67,0.67,8.0,1,3,1,3,0,N
16386,0,1,0,0,1,1,1,0,7.74,1.5,17.41,0.0,5,0.67,0.97,11.61,2,3,2,3,0,N
22745,0,1,0,0,1,1,1,0,5.33,1.5,12.0,0.0,4,0.67,0.67,8.0,1,3,1,3,0,N
15524,0,1,0,0,1,1,1,0,7.74,1.5,17.41,0.0,5,0.67,0.97,11.61,2,3,2,3,0,N
16093,0,1,0,0,1,1,1,2,7.35,8.0,470.48,0.02,17,0.13,26.14,58.81,6,11,3,8,2,N
20961,0,1,2,0,1,1,1,1,11.23,2.0,44.92,0.01,8,0.5,2.5,22.46,3,5,3,4,3,N
20715,0,1,0,0,1,1,1,0,7.74,1.5,17.41,0.0,5,0.67,0.97,11.61,2,3,2,3,0,N
18579,2,1,0,1,1,1,1,1,0.0,0.0,0.0,0.0,1,0.0,0.0,0.0,0,1,0,1,1,N
19365,1,5,0,0,3,3,1,13,16.4,7.07,820.29,0.04,29,0.14,45.57,116.0,11,18,7,9,13,N
14911,0,1,0,0,1,1,1,2,7.74,1.5,17.41,0.0,5,0.67,0.97,11.61,2,3,2,3,2,N
23458,0,1,0,0,1,1,1,0,7.74,1.5,17.41,0.0,5,0.67,0.97,11.61,2,3,2,3,0,N
16447,0,1,0,0,1,1,1,0,5.33,1.5,12.0,0.0,4,0.67,0.67,8.0,1,3,1,3,0,N
21513,0,1,0,0,1,1,1,0,7.75,2.0,31.02,0.01,6,0.5,1.72,15.51,2,4,2,4,0,N
22623,0,1,0,0,1,1,1,0,6.86,3.5,84.0,0.01,8,0.29,4.67,24.0,1,7,1,7,0,N
22220,0,1,0,0,1,1,1,0,5.33,1.5,12.0,0.0,4,0.67,0.67,8.0,1,3,1,3,0,N
19679,0,1,0,0,1,1,1,0,5.33,1.5,12.0,0.0,4,0.67,0.67,8.0,1,3,1,3,0,N
18116,0,1,0,0,1,1,1,0,8.3,6.0,298.97,0.02,15,0.17,16.61,49.83,3,12,2,8,0,N
17160,4,7,1,8,4,1,1,23,23.26,21.67,10918.18,0.17,113,0.05,606.57,503.92,52,61,12,10,24,N
20250,0,1,0,0,1,1,1,2,6.2,2.5,38.77,0.01,6,0.4,2.15,15.51,1,5,1,5,2,N
22236,0,1,0,0,1,1,1,0,7.75,2.0,31.02,0.01,6,0.5,1.72,15.51,2,4,2,4,0,N
14523,0,1,0,0,1,1,1,2,5.33,1.5,12.0,0.0,4,0.67,0.67,8.0,1,3,1,3,2,N
22981,8,5,4,3,3,3,1,34,43.4,21.27,19640.49,0.31,180,0.05,1091.14,923.27,72,108,22,13,38,Y
15787,0,1,0,0,1,1,1,0,5.33,1.5,12.0,0.0,4,0.67,0.67,8.0,1,3,1,3,0,N
18115,0,1,0,0,1,1,1,0,8.3,6.0,298.97,0.02,15,0.17,16.61,49.83,3,12,2,8,0,N
19297,0,1,0,0,1,1,1,0,5.33,1.5,12.0,0.0,4,0.67,0.67,8.0,1,3,1,3,0,N
14412,0,1,0,0,1,1,1,0,0.0,0.0,0.0,0.0,1,0.0,0.0,0.0,0,1,0,1,0,N
20654,0,3,0,0,2,1,1,0,7.75,2.0,31.02,0.01,6,0.5,1.72,15.51,2,4,2,4,0,N
19560,0,1,0,0,1,1,1,0,5.33,1.5,12.0,0.0,4,0.67,0.67,8.0,1,3,1,3,0,N
20582,0,1,0,0,1,1,1,0,0.0,0.0,0.0,0.0,0,0.0,0.0,0.0,0,0,0,0,0,N
22912,0,1,0,0,1,1,1,2,15.23,4.0,243.67,0.02,16,0.25,13.54,60.92,6,10,6,8,2,N
19345,0,1,0,0,1,1,1,0,5.33,1.5,12.0,0.0,4,0.67,0.67,8.0,1,3,1,3,0,N
22219,0,1,0,0,1,1,1,2,5.33,1.5,12.0,0.0,4,0.67,0.67,8.0,1,3,1,3,2,N
16743,0,1,0,0,1,1,1,0,0.0,0.0,0.0,0.0,1,0.0,0.0,0.0,0,1,0,1,0,N
15492,0,1,0,0,1,1,1,0,5.33,1.5,12.0,0.0,4,0.67,0.67,8.0,1,3,1,3,0,N
14107,18,18,14,27,1,1,1,67,28.6,47.67,64981.35,0.45,238,0.02,3610.07,1363.25,99,139,27,26,81,N
22177,0,1,0,0,1,1,1,0,8.3,6.0,298.97,0.02,15,0.17,16.61,49.83,3,12,2,8,0,N
22150,0,3,0,0,2,2,1,5,17.22,4.08,287.09,0.02,19,0.24,15.95,70.31,7,12,6,7,5,N
20590,1,3,0,0,2,1,1,8,15.07,9.75,1432.72,0.05,34,0.1,79.6,146.95,13,21,8,12,8,N
17907,2,5,1,0,3,3,1,15,30.54,8.67,2294.06,0.09,57,0.12,127.45,264.7,26,31,15,10,16,N
22190,0,1,0,0,1,1,1,0,5.33,1.5,12.0,0.0,4,0.67,0.67,8.0,1,3,1,3,0,N
15483,0,1,0,0,1,1,1,0,7.74,1.5,17.41,0.0,5,0.67,0.97,11.61,2,3,2,3,0,N
18103,0,1,0,0,1,1,1,0,7.74,1.5,17.41,0.0,5,0.67,0.97,11.61,2,3,2,3,0,N
16243,0,1,0,0,1,1,1,2,8.98,2.5,56.15,0.01,8,0.4,3.12,22.46,2,6,2,5,2,N
18634,0,3,0,0,2,1,1,0,7.75,2.0,31.02,0.01,6,0.5,1.72,15.51,2,4,2,4,0,N
14962,0,1,0,0,1,1,1,2,7.74,1.5,17.41,0.0,5,0.67,0.97,11.61,2,3,2,3,2,N
17395,0,1,0,0,1,1,1,0,7.74,1.5,17.41,0.0,5,0.67,0.97,11.61,2,3,2,3,0,N
22966,0,1,2,0,1,1,1,2,21.67,1.8,70.2,0.01,13,0.56,3.9,39.0,6,7,5,3,4,N
20300,0,1,0,0,1,1,1,0,7.75,2.0,31.02,0.01,6,0.5,1.72,15.51,2,4,2,4,0,N
22990,0,3,0,0,2,2,1,4,21.5,7.15,1099.18,0.05,35,0.14,61.07,153.73,13,22,10,11,4,N
20575,0,1,0,0,1,1,1,0,0.0,0.0,0.0,0.0,2,0.0,0.0,2.0,0,2,0,2,0,N
16317,0,1,0,0,1,1,1,0,7.74,1.5,17.41,0.0,5,0.67,0.97,11.61,2,3,2,3,0,N
18832,0,1,0,0,1,1,1,0,7.75,2.0,31.02,0.01,6,0.5,1.72,15.51,2,4,2,4,0,N
18198,6,5,0,7,3,2,1,20,22.69,21.71,10688.22,0.16,96,0.05,593.79,492.41,41,55,17,18,20,N
14501,0,1,0,0,1,1,1,0,5.8,2.0,23.22,0.0,5,0.5,1.29,11.61,1,4,1,4,0,N
23029,0,3,0,0,2,2,1,0,7.86,2.5,49.13,0.01,7,0.4,2.73,19.65,2,5,2,5,0,N
20363,0,1,0,0,1,1,1,0,9.51,3.0,85.59,0.01,9,0.33,4.75,28.53,3,6,3,6,0,N
14505,0,1,0,0,1,1,1,0,12.18,3.0,109.62,0.01,11,0.33,6.09,36.54,4,7,4,6,0,N
15727,0,1,0,0,1,1,1,0,0.0,0.0,0.0,0.0,0,0.0,0.0,0.0,0,0,0,0,0,N
14251,2,13,1,8,7,6,6,54,25.11,40.0,40181.42,0.33,184,0.03,2232.3,1004.54,80,104,22,22,55,N
18536,0,1,0,0,1,1,1,0,7.75,2.0,31.02,0.01,6,0.5,1.72,15.51,2,4,2,4,0,N
20826,4,5,1,1,1,1,1,15,26.71,19.62,10278.49,0.17,109,0.05,571.03,524.0,34,75,13,15,16,N
22189,0,1,0,0,1,1,1,0,5.33,1.5,12.0,0.0,4,0.67,0.67,8.0,1,3,1,3,0,N
21526,0,3,0,0,2,2,1,4,10.88,5.6,341.29,0.02,17,0.18,18.96,60.94,8,9,5,7,4,N
15959,0,1,0,0,1,1,1,0,5.33,1.5,12.0,0.0,4,0.67,0.67,8.0,1,3,1,3,0,N
17962,0,1,0,0,1,1,1,0,7.74,1.5,17.41,0.0,5,0.67,0.97,11.61,2,3,2,3,0,N
15859,0,1,0,0,1,1,1,0,5.33,1.5,12.0,0.0,4,0.67,0.67,8.0,1,3,1,3,0,N
15663,0,1,0,0,1,1,1,0,5.33,1.5,12.0,0.0,4,0.67,0.67,8.0,1,3,1,3,0,N
23524,1,1,0,4,1,1,1,4,21.67,1.8,70.2,0.01,13,0.56,3.9,39.0,6,7,5,3,4,N
17329,0,3,0,0,2,2,1,4,10.88,5.6,341.29,0.02,17,0.18,18.96,60.94,8,9,5,7,4,N
18148,0,1,0,0,1,1,1,0,8.3,6.0,298.97,0.02,15,0.17,16.61,49.83,3,12,2,8,0,N
23473,0,1,0,0,1,1,1,0,7.74,1.5,17.41,0.0,5,0.67,0.97,11.61,2,3,2,3,0,N
18303,15,7,0,114,4,4,1,62,22.37,122.73,336912.17,0.92,497,0.01,18717.34,2745.21,225,272,22,24,62,N
16254,0,1,0,0,1,1,1,0,9.51,3.0,85.59,0.01,9,0.33,4.75,28.53,3,6,3,6,0,N
20015,0,1,0,0,1,1,1,3,11.23,2.0,44.92,0.01,8,0.5,2.5,22.46,3,5,3,4,3,N
22722,1,3,0,7,2,1,1,7,16.0,6.5,676.0,0.03,26,0.15,37.56,104.0,13,13,8,8,7,N
22272,0,3,0,0,2,2,1,0,9.32,5.0,233.02,0.02,13,0.2,12.95,46.6,5,8,4,8,0,N
16142,0,1,0,0,1,1,1,0,5.33,1.5,12.0,0.0,4,0.67,0.67,8.0,1,3,1,3,0,N
20287,0,1,0,0,1,1,1,0,7.74,1.5,17.41,0.0,5,0.67,0.97,11.61,2,3,2,3,0,N
19480,1,5,0,3,3,3,1,19,19.07,10.91,2270.01,0.07,46,0.09,126.11,208.08,20,26,11,12,19,N
15194,0,3,0,0,2,2,1,3,8.1,3.33,90.0,0.01,9,0.3,5.0,27.0,4,5,3,5,3,N
14953,2,5,1,0,3,2,1,11,18.8,10.5,2072.88,0.07,42,0.1,115.16,197.42,18,24,12,14,12,N
20947,1,15,5,6,8,3,1,16,30.35,17.85,9670.83,0.18,104,0.06,537.27,541.78,42,62,20,17,21,N
18485,0,1,0,0,1,1,1,0,7.75,2.0,31.02,0.01,6,0.5,1.72,15.51,2,4,2,4,0,N
18319,7,3,0,1,2,1,1,19,40.29,8.75,3084.66,0.12,75,0.11,171.37,352.53,28,47,16,10,19,N
23113,0,1,0,0,1,1,1,0,7.75,2.0,31.02,0.01,6,0.5,1.72,15.51,2,4,2,4,0,N
21468,0,1,0,0,1,1,1,0,7.75,2.0,31.02,0.01,6,0.5,1.72,15.51,2,4,2,4,0,N
20928,0,3,0,0,2,2,1,6,25.86,9.27,2223.13,0.08,53,0.11,123.51,239.75,17,36,11,12,6,N
15282,0,1,0,0,1,1,1,0,0.0,0.0,0.0,0.0,1,0.0,0.0,0.0,0,1,0,1,0,N
20439,0,1,0,0,1,1,1,2,5.33,1.5,12.0,0.0,4,0.67,0.67,8.0,1,3,1,3,2,N
21726,0,3,0,0,2,1,1,0,0.0,0.0,0.0,0.0,0,0.0,0.0,0.0,0,0,0,0,0,N
18732,0,30,0,9,17,8,17,50,13.7,92.44,117120.91,0.42,247,0.01,6506.72,1266.93,64,183,9,26,50,N
15779,0,1,0,0,1,1,1,0,0.0,0.0,0.0,0.0,0,0.0,0.0,0.0,0,0,0,0,0,N
15231,42,1,38,75,1,1,1,5,142.01,9.77,13558.89,0.46,259,0.1,753.27,1387.61,114,145,35,6,43,N
16379,0,1,0,0,1,1,1,0,7.74,1.5,17.41,0.0,5,0.67,0.97,11.61,2,3,2,3,0,N
22026,24,3,0,1,2,2,1,15,34.47,8.09,2255.22,0.09,58,0.12,125.29,278.83,25,33,17,11,15,N
14244,6,1,0,9,1,1,1,3,16.84,1.5,37.9,0.01,9,0.67,2.11,25.27,4,5,4,3,3,N
19973,0,1,0,0,1,1,1,0,9.0,3.0,81.0,0.01,9,0.33,4.5,27.0,2,7,2,6,0,N
20467,0,1,0,0,1,1,1,2,5.33,1.5,12.0,0.0,4,0.67,0.67,8.0,1,3,1,3,2,N
20992,6,25,9,9,13,6,5,41,22.2,65.6,95514.2,0.49,258,0.02,5306.34,1456.11,95,163,21,29,50,N
23314,1,5,0,3,3,3,1,19,20.96,10.5,2310.82,0.07,48,0.1,128.38,220.08,21,27,12,12,19,N
21545,0,1,0,0,1,1,1,0,6.55,3.0,58.95,0.01,7,0.33,3.28,19.65,1,6,1,6,0,N
22356,0,1,0,0,1,1,1,0,7.75,2.0,31.02,0.01,6,0.5,1.72,15.51,2,4,2,4,0,N
17614,0,3,0,0,2,2,1,0,7.75,2.0,31.02,0.01,6,0.5,1.72,15.51,2,4,2,4,0,N
19769,0,1,0,0,1,1,1,0,5.8,2.0,23.22,0.0,5,0.5,1.29,11.61,1,4,1,4,0,N
15637,0,1,0,0,1,1,1,0,5.33,1.5,12.0,0.0,4,0.67,0.67,8.0,1,3,1,3,0,N
15855,0,1,0,0,1,1,1,0,5.33,1.5,12.0,0.0,4,0.67,0.67,8.0,1,3,1,3,0,N
14916,0,1,0,0,1,1,1,2,7.74,1.5,17.41,0.0,5,0.67,0.97,11.61,2,3,2,3,2,N
22917,6,5,0,0,3,2,1,13,16.61,29.17,14130.64,0.16,93,0.03,785.04,484.48,28,65,12,25,13,N
19938,0,1,0,0,1,1,1,0,12.68,2.5,79.25,0.01,10,0.4,4.4,31.7,4,6,4,5,0,N
14977,0,1,0,0,1,1,1,2,7.74,1.5,17.41,0.0,5,0.67,0.97,11.61,2,3,2,3,2,N
23226,0,1,0,0,1,1,1,0,7.74,1.5,17.41,0.0,5,0.67,0.97,11.61,2,3,2,3,0,N
18614,1,11,0,3,6,1,6,20,17.54,9.33,1528.02,0.05,43,0.11,84.89,163.72,14,29,6,8,20,N
22217,0,1,0,0,1,1,1,0,5.33,1.5,12.0,0.0,4,0.67,0.67,8.0,1,3,1,3,0,N
20902,3,1,0,3,1,1,1,8,31.35,9.97,3114.36,0.1,65,0.1,173.02,312.48,23,42,15,13,8,N
19082,0,1,0,0,1,1,1,2,7.81,9.0,632.78,0.02,19,0.11,35.15,70.31,8,11,4,9,2,N
16153,2,5,0,1,3,2,1,23,19.78,20.04,7940.87,0.13,80,0.05,441.16,396.34,33,47,14,17,23,N
15638,0,1,0,0,1,1,1,0,5.33,1.5,12.0,0.0,4,0.67,0.67,8.0,1,3,1,3,0,N
22182,0,1,0,0,1,1,1,0,5.33,1.5,12.0,0.0,4,0.67,0.67,8.0,1,3,1,3,0,N
17945,2,7,0,4,1,1,1,30,39.58,14.77,8638.18,0.19,114,0.07,479.9,584.74,50,64,22,13,30,N
20694,0,1,0,0,1,1,1,0,7.75,2.0,31.02,0.01,6,0.5,1.72,15.51,2,4,2,4,0,N
20714,0,1,0,0,1,1,1,0,7.74,1.5,17.41,0.0,5,0.67,0.97,11.61,2,3,2,3,0,N
20988,6,11,4,7,6,4,3,17,22.38,33.06,24464.81,0.25,140,0.03,1359.16,739.96,46,94,16,23,21,N
21372,1,1,0,0,1,1,1,14,57.58,9.45,5141.69,0.18,112,0.11,285.65,544.09,42,70,20,9,14,N
21943,0,1,0,0,1,1,1,0,7.75,2.0,31.02,0.01,6,0.5,1.72,15.51,2,4,2,4,0,N
20695,0,1,0,0,1,1,1,3,11.23,2.0,44.92,0.01,8,0.5,2.5,22.46,3,5,3,4,3,N
19788,0,1,0,0,1,1,1,0,7.75,2.0,31.02,0.01,6,0.5,1.72,15.51,2,4,2,4,0,N
15186,12,1,13,9,1,1,1,6,76.17,7.41,4179.42,0.19,110,0.14,232.19,564.22,50,60,27,8,19,N
16719,0,1,0,0,1,1,1,0,5.33,1.5,12.0,0.0,4,0.67,0.67,8.0,1,3,1,3,0,N
19685,0,1,0,0,1,1,1,0,5.33,1.5,12.0,0.0,4,0.67,0.67,8.0,1,3,1,3,0,N
22646,0,1,0,0,1,1,1,3,12.0,2.5,75.0,0.01,10,0.4,4.17,30.0,3,7,3,5,3,N
18600,0,1,0,0,1,1,1,0,7.75,2.0,31.02,0.01,6,0.5,1.72,15.51,2,4,2,4,0,N
22068,5,5,6,0,3,3,1,8,30.59,3.75,430.18,0.04,31,0.27,23.9,114.71,12,19,8,5,14,N
16373,0,1,0,0,1,1,1,0,7.74,1.5,17.41,0.0,5,0.67,0.97,11.61,2,3,2,3,0,N
20296,0,1,0,0,1,1,1,0,7.75,2.0,31.02,0.01,6,0.5,1.72,15.51,2,4,2,4,0,N
14327,0,1,0,0,1,1,1,3,9.51,3.0,85.59,0.01,9,0.33,4.75,28.53,3,6,3,6,3,N
19462,0,1,0,0,1,1,1,0,5.33,1.5,12.0,0.0,4,0.67,0.67,8.0,1,3,1,3,0,N
17234,0,1,0,0,1,1,1,0,5.33,1.5,12.0,0.0,4,0.67,0.67,8.0,1,3,1,3,0,N
18343,3,3,0,3,2,1,1,8,16.18,6.43,668.57,0.03,26,0.16,37.14,104.0,10,16,7,9,8,N
18943,0,1,0,0,1,1,1,0,7.75,2.0,31.02,0.01,6,0.5,1.72,15.51,2,4,2,4,0,N
20764,17,53,2,3,1,1,1,84,29.6,96.43,275199.03,0.95,511,0.01,15288.83,2853.92,150,361,21,27,86,N
20337,0,1,0,0,1,1,1,0,6.55,3.0,58.95,0.01,7,0.33,3.28,19.65,1,6,1,6,0,N
16228,0,1,0,0,1,1,1,0,12.18,3.0,109.62,0.01,11,0.33,6.09,36.54,4,7,4,6,0,N
20450,0,1,0,0,1,1,1,0,7.75,2.0,31.02,0.01,6,0.5,1.72,15.51,2,4,2,4,0,N
17347,0,1,0,0,1,1,1,0,7.75,2.0,31.02,0.01,6,0.5,1.72,15.51,2,4,2,4,0,N
20034,6,1,0,0,1,1,1,7,38.44,2.25,194.59,0.03,25,0.44,10.81,86.49,12,13,8,3,7,N
16662,8,17,32,3,13,10,4,48,34.8,34.72,41961.57,0.4,212,0.03,2331.2,1208.49,75,137,27,25,80,N
17868,2,9,3,1,5,4,1,24,59.86,9.63,5545.05,0.19,109,0.1,308.06,576.11,49,60,28,11,27,N
20618,0,1,0,0,1,1,1,0,7.75,2.0,31.02,0.01,6,0.5,1.72,15.51,2,4,2,4,0,N
14376,0,1,0,0,1,1,1,0,6.2,2.5,38.77,0.01,6,0.4,2.15,15.51,1,5,1,5,0,N
19605,0,1,0,0,1,1,1,0,5.33,1.5,12.0,0.0,4,0.67,0.67,8.0,1,3,1,3,0,N
21483,0,1,0,0,1,1,1,0,6.2,2.5,38.77,0.01,6,0.4,2.15,15.51,1,5,1,5,0,N
19809,0,1,0,0,1,1,1,0,5.33,1.5,12.0,0.0,4,0.67,0.67,8.0,1,3,1,3,0,N
17175,3,5,6,7,3,1,1,7,18.89,8.44,1345.03,0.05,39,0.12,74.72,159.41,15,24,8,9,13,N
18539,0,1,0,0,1,1,1,0,9.51,3.0,85.59,0.01,9,0.33,4.75,28.53,3,6,3,6,0,N
19660,0,1,0,0,1,1,1,0,5.33,1.5,12.0,0.0,4,0.67,0.67,8.0,1,3,1,3,0,N
20387,0,1,0,0,1,1,1,0,6.55,3.0,58.95,0.01,7,0.33,3.28,19.65,1,6,1,6,0,N
22818,0,1,0,0,1,1,1,0,6.86,3.5,84.0,0.01,8,0.29,4.67,24.0,1,7,1,7,0,N
15509,0,1,0,0,1,1,1,0,5.33,1.5,12.0,0.0,4,0.67,0.67,8.0,1,3,1,3,0,N
22964,3,1,1,1,1,1,1,8,40.45,3.09,386.43,0.04,32,0.32,21.47,125.02,17,15,11,4,9,N
21181,0,1,1,0,1,1,1,2,11.23,2.0,44.92,0.01,8,0.5,2.5,22.46,3,5,3,4,3,N
14449,0,1,0,0,1,1,1,0,8.3,6.0,298.97,0.02,15,0.17,16.61,49.83,3,12,2,8,0,N
15942,0,1,0,0,1,1,1,0,5.8,2.0,23.22,0.0,5,0.5,1.29,11.61,1,4,1,4,0,N
23136,0,1,0,0,1,1,1,0,5.33,1.5,12.0,0.0,4,0.67,0.67,8.0,1,3,1,3,0,N
18019,7,13,0,7,7,4,6,25,55.29,11.48,7290.46,0.21,117,0.09,405.03,634.87,53,64,30,13,25,N
15907,0,1,0,0,1,1,1,0,6.89,3.0,62.04,0.01,8,0.33,3.45,20.68,3,5,2,4,0,N
15731,0,1,0,0,1,1,1,0,0.0,0.0,0.0,0.0,0,0.0,0.0,0.0,0,0,0,0,0,N
14828,1,1,0,0,1,1,1,2,7.74,1.5,17.41,0.0,5,0.67,0.97,11.61,2,3,2,3,2,N
22099,0,1,0,0,1,1,1,0,5.33,1.5,12.0,0.0,4,0.67,0.67,8.0,1,3,1,3,0,N
18886,0,1,0,0,1,1,1,0,0.0,0.0,0.0,0.0,0,0.0,0.0,0.0,0,0,0,0,0,N
18730,3,3,0,1,2,2,1,10,22.56,10.29,2389.65,0.08,50,0.1,132.76,232.19,19,31,12,13,10,N
14363,5,9,0,1,5,4,1,15,25.82,11.05,3150.69,0.1,66,0.09,175.04,285.25,27,39,11,9,15,N
16309,0,1,0,0,1,1,1,0,16.84,1.5,37.9,0.01,9,0.67,2.11,25.27,4,5,4,3,0,N
21768,0,1,0,0,1,1,1,2,5.33,1.5,12.0,0.0,4,0.67,0.67,8.0,1,3,1,3,2,N
18804,0,1,0,0,1,1,1,0,7.74,1.5,17.41,0.0,5,0.67,0.97,11.61,2,3,2,3,0,N
17983,10,21,5,16,11,10,11,38,62.0,25.21,39410.78,0.52,283,0.04,2189.49,1563.17,128,155,33,13,43,N
16191,0,1,0,0,1,1,1,0,11.86,3.5,145.3,0.01,12,0.29,8.07,41.51,4,8,4,7,0,N
20236,0,1,0,0,1,1,1,0,7.75,2.0,31.02,0.01,6,0.5,1.72,15.51,2,4,2,4,0,N
20273,0,1,0,0,1,1,1,0,6.55,3.0,58.95,0.01,7,0.33,3.28,19.65,1,6,1,6,0,N
14574,0,1,0,0,1,1,1,0,9.29,1.5,20.9,0.0,6,0.67,1.16,13.93,2,4,2,3,0,N
19065,0,1,0,0,1,1,1,0,5.33,1.5,12.0,0.0,4,0.67,0.67,8.0,1,3,1,3,0,N
20129,0,1,0,0,1,1,1,6,17.51,5.0,437.85,0.03,23,0.2,24.32,87.57,10,13,7,7,6,N
18484,0,1,0,0,1,1,1,0,9.6,2.5,60.0,0.01,8,0.4,3.33,24.0,3,5,3,5,0,N
15612,0,1,0,0,1,1,1,0,7.74,1.5,17.41,0.0,5,0.67,0.97,11.61,2,3,2,3,0,N
21531,0,1,0,0,1,1,1,0,7.75,2.0,31.02,0.01,6,0.5,1.72,15.51,2,4,2,4,0,N
15284,0,1,0,0,1,1,1,0,7.74,1.5,17.41,0.0,5,0.67,0.97,11.61,2,3,2,3,0,N
17069,0,1,0,0,1,1,1,0,5.33,1.5,12.0,0.0,4,0.67,0.67,8.0,1,3,1,3,0,N
22342,0,1,0,0,1,1,1,0,5.8,2.0,23.22,0.0,5,0.5,1.29,11.61,1,4,1,4,0,N
22701,15,1,0,47,1,1,1,17,117.18,2.67,833.27,0.1,65,0.38,46.29,312.48,32,33,24,4,17,N
14745,3,1,1,0,1,1,1,2,16.84,1.5,37.9,0.01,9,0.67,2.11,25.27,4,5,4,3,3,N
21164,7,1,7,1,1,1,1,6,83.2,3.33,924.42,0.09,59,0.3,51.36,277.33,28,31,21,5,13,N
19767,0,1,0,0,1,1,1,0,6.55,3.0,58.95,0.01,7,0.33,3.28,19.65,1,6,1,6,0,N
20153,0,1,0,0,1,1,1,0,6.2,2.5,38.77,0.01,6,0.4,2.15,15.51,1,5,1,5,0,N
17450,0,1,0,0,1,1,1,0,0.0,0.0,0.0,0.0,0,0.0,0.0,0.0,0,0,0,0,0,N
18242,16,11,1,23,6,6,1,36,35.32,41.43,60620.78,0.49,262,0.02,3367.82,1463.26,116,146,28,20,37,N
19885,0,1,0,0,1,1,1,0,7.75,2.0,31.02,0.01,6,0.5,1.72,15.51,2,4,2,4,0,N
22382,0,3,0,0,2,2,1,7,15.51,5.25,427.4,0.03,22,0.19,23.74,81.41,9,13,6,7,7,N
15537,0,3,0,1,2,2,1,3,8.1,3.33,90.0,0.01,9,0.3,5.0,27.0,4,5,3,5,3,N
18612,0,1,0,0,1,1,1,2,5.33,1.5,12.0,0.0,4,0.67,0.67,8.0,1,3,1,3,2,N
22405,0,1,0,0,1,1,1,4,10.34,2.5,64.62,0.01,10,0.4,3.59,25.85,5,5,3,3,4,N
15265,0,1,0,0,1,1,1,0,5.33,1.5,12.0,0.0,4,0.67,0.67,8.0,1,3,1,3,0,N
22087,2,3,5,0,2,2,1,5,13.96,6.0,502.57,0.03,22,0.17,27.92,83.76,9,13,6,8,10,N
19192,0,1,0,0,1,1,1,0,9.51,3.0,85.59,0.01,9,0.33,4.75,28.53,3,6,3,6,0,N
17422,0,1,0,0,1,1,1,2,13.5,2.0,54.0,0.01,9,0.5,3.0,27.0,4,5,4,4,2,N
16337,0,1,0,0,1,1,1,0,5.33,1.5,12.0,0.0,4,0.67,0.67,8.0,1,3,1,3,0,N
20045,6,20,18,2,14,1,1,38,25.56,37.92,36744.08,0.32,170,0.03,2041.34,969.07,65,105,24,28,56,N
22699,2,1,0,0,1,1,1,2,5.33,1.5,12.0,0.0,4,0.67,0.67,8.0,1,3,1,3,2,N
14494,0,1,0,0,1,1,1,0,7.74,1.5,17.41,0.0,5,0.67,0.97,11.61,2,3,2,3,0,N
14578,0,1,0,0,1,1,1,0,9.0,3.0,81.0,0.01,9,0.33,4.5,27.0,2,7,2,6,0,N
21277,0,1,0,0,1,1,1,0,5.33,1.5,12.0,0.0,4,0.67,0.67,8.0,1,3,1,3,0,N
17390,0,1,0,0,1,1,1,0,5.33,1.5,12.0,0.0,4,0.67,0.67,8.0,1,3,1,3,0,N
16696,0,1,0,0,1,1,1,0,7.74,1.5,17.41,0.0,5,0.67,0.97,11.61,2,3,2,3,0,N
21884,0,1,0,0,1,1,1,0,0.0,0.0,0.0,0.0,0,0.0,0.0,0.0,0,0,0,0,0,N
15655,0,1,0,1,1,1,1,1,0.0,0.0,0.0,0.0,1,0.0,0.0,0.0,0,1,0,1,1,N
14579,0,1,0,0,1,1,1,0,9.0,3.0,81.0,0.01,9,0.33,4.5,27.0,2,7,2,6,0,N
20502,0,1,0,0,1,1,1,2,9.6,2.5,60.0,0.01,8,0.4,3.33,24.0,3,5,3,5,2,N
16478,0,7,0,0,4,3,1,8,19.43,5.14,513.83,0.03,27,0.19,28.55,99.91,12,15,7,6,8,N
20023,0,1,0,0,1,1,1,2,13.29,3.0,119.59,0.01,12,0.33,6.64,39.86,4,8,4,6,2,N
17361,0,1,0,0,1,1,1,0,5.33,1.5,12.0,0.0,4,0.67,0.67,8.0,1,3,1,3,0,N
20194,0,3,0,0,2,2,1,4,11.18,5.63,353.85,0.02,17,0.18,19.66,62.91,5,12,4,9,4,N
14694,3,1,1,0,1,1,1,2,16.84,1.5,37.9,0.01,9,0.67,2.11,25.27,4,5,4,3,3,N
16199,0,1,0,0,1,1,1,3,9.51,3.0,85.59,0.01,9,0.33,4.75,28.53,3,6,3,6,3,N
18150,0,1,0,0,1,1,1,0,9.51,3.0,85.59,0.01,9,0.33,4.75,28.53,3,6,3,6,0,N
18627,0,1,0,0,1,1,1,0,8.3,6.0,298.97,0.02,15,0.17,16.61,49.83,3,12,2,8,0,N
18509,0,1,0,0,1,1,1,0,7.75,2.0,31.02,0.01,6,0.5,1.72,15.51,2,4,2,4,0,N
21669,0,1,0,0,1,1,1,0,5.33,1.5,12.0,0.0,4,0.67,0.67,8.0,1,3,1,3,0,N
15846,0,1,0,0,1,1,1,0,5.8,2.0,23.22,0.0,5,0.5,1.29,11.61,1,4,1,4,0,N
20887,4,1,4,1,1,1,1,11,33.7,8.91,2674.82,0.1,72,0.11,148.6,300.23,28,44,11,7,15,N
19100,1,5,0,0,3,3,1,13,16.4,7.07,820.29,0.04,29,0.14,45.57,116.0,11,18,7,9,13,N
19048,0,1,0,0,1,1,1,2,5.33,1.5,12.0,0.0,4,0.67,0.67,8.0,1,3,1,3,2,N
14420,8,5,0,4,3,3,1,18,64.17,6.0,2310.0,0.13,77,0.17,128.33,385.0,36,41,24,8,18,N
14870,1,1,0,0,1,1,1,2,7.74,1.5,17.41,0.0,5,0.67,0.97,11.61,2,3,2,3,2,N
21025,6,5,0,2,3,2,1,22,53.26,9.1,4406.9,0.16,93,0.11,244.83,484.48,43,50,26,11,22,N
16902,0,1,0,0,1,1,1,0,5.33,1.5,12.0,0.0,4,0.67,0.67,8.0,1,3,1,3,0,N
17308,2,3,1,1,2,2,1,7,21.65,7.39,1182.22,0.05,40,0.14,65.68,160.0,19,21,9,7,8,N
19068,0,1,0,0,1,1,1,0,0.0,0.0,0.0,0.0,0,0.0,0.0,0.0,0,0,0,0,0,N
15563,0,1,0,0,1,1,1,0,5.33,1.5,12.0,0.0,4,0.67,0.67,8.0,1,3,1,3,0,N
22892,9,11,0,0,6,3,1,21,34.68,21.58,16147.85,0.25,134,0.05,897.1,748.38,51,83,26,22,21,N
22339,0,1,0,0,1,1,1,0,6.2,2.5,38.77,0.01,6,0.4,2.15,15.51,1,5,1,5,0,N
23216,0,1,0,0,1,1,1,0,7.74,1.5,17.41,0.0,5,0.67,0.97,11.61,2,3,2,3,0,N
14385,0,1,0,0,1,1,1,0,0.0,0.0,0.0,0.0,2,0.0,0.0,2.0,0,2,0,2,0,N
19594,0,1,0,0,1,1,1,0,9.0,3.0,81.0,0.01,9,0.33,4.5,27.0,2,7,2,6,0,N
14819,1,1,0,0,1,1,1,2,7.74,1.5,17.41,0.0,5,0.67,0.97,11.61,2,3,2,3,2,N
14863,1,1,0,0,1,1,1,2,7.74,1.5,17.41,0.0,5,0.67,0.97,11.61,2,3,2,3,2,N
16549,0,1,0,0,1,1,1,0,7.74,1.5,17.41,0.0,5,0.67,0.97,11.61,2,3,2,3,0,N
17359,0,1,0,0,1,1,1,2,8.98,2.5,56.15,0.01,8,0.4,3.12,22.46,2,6,2,5,2,N
16097,0,1,0,0,1,1,1,0,7.74,1.5,17.41,0.0,5,0.67,0.97,11.61,2,3,2,3,0,N
20612,0,1,0,0,1,1,1,0,5.33,1.5,12.0,0.0,4,0.67,0.67,8.0,1,3,1,3,0,N
22897,2,3,0,0,2,2,1,11,31.35,9.97,3114.36,0.1,65,0.1,173.02,312.48,23,42,15,13,11,N
16643,1,1,3,0,1,1,1,2,10.75,6.0,387.18,0.02,18,0.17,21.51,64.53,6,12,4,8,5,N
18221,3,5,0,3,3,3,1,19,19.18,21.27,8680.58,0.14,89,0.05,482.25,408.06,36,53,11,13,19,N
20772,11,7,0,1,5,2,1,29,26.8,24.09,15548.84,0.22,123,0.04,863.82,645.5,39,84,17,21,29,N
21939,0,1,0,0,1,1,1,0,7.75,2.0,31.02,0.01,6,0.5,1.72,15.51,2,4,2,4,0,N
20030,3,3,0,2,2,2,1,14,51.13,7.36,2772.55,0.13,76,0.14,154.03,376.52,36,40,22,9,14,N
22829,0,3,0,0,2,1,1,0,7.75,2.0,31.02,0.01,6,0.5,1.72,15.51,2,4,2,4,0,N
21927,0,3,0,0,2,1,1,0,7.75,2.0,31.02,0.01,6,0.5,1.72,15.51,2,4,2,4,0,N
14332,0,3,0,0,2,2,1,4,10.88,5.6,341.29,0.02,17,0.18,18.96,60.94,8,9,5,7,4,N
16236,0,1,0,0,1,1,1,0,5.33,1.5,12.0,0.0,4,0.67,0.67,8.0,1,3,1,3,0,N
22742,0,1,0,0,1,1,1,0,5.33,1.5,12.0,0.0,4,0.67,0.67,8.0,1,3,1,3,0,N
14453,0,1,0,0,1,1,1,0,8.3,6.0,298.97,0.02,15,0.17,16.61,49.83,3,12,2,8,0,N
21244,5,5,3,3,3,2,1,23,22.86,16.25,6037.01,0.12,80,0.06,335.39,371.51,30,50,12,13,26,N
15365,0,1,0,0,1,1,1,0,0.0,0.0,0.0,0.0,0,0.0,0.0,0.0,0,0,0,0,0,N
15985,0,1,0,0,1,1,1,0,5.33,1.5,12.0,0.0,4,0.67,0.67,8.0,1,3,1,3,0,N
18083,0,1,0,0,1,1,1,0,10.68,4.67,232.53,0.02,15,0.21,12.92,49.83,4,11,3,7,0,N
14672,3,3,6,0,2,1,1,9,35.12,5.71,1146.71,0.07,45,0.18,63.71,200.67,20,25,14,8,15,N
14118,8,11,14,4,6,3,1,20,26.76,22.02,12978.67,0.2,110,0.05,721.04,589.33,51,59,22,19,34,N
15517,0,1,0,0,1,1,1,0,7.74,1.5,17.41,0.0,5,0.67,0.97,11.61,2,3,2,3,0,N
15725,0,3,0,0,2,2,1,5,17.22,4.08,287.09,0.02,19,0.24,15.95,70.31,7,12,6,7,5,N
16772,0,1,0,0,1,1,1,0,5.33,1.5,12.0,0.0,4,0.67,0.67,8.0,1,3,1,3,0,N
15974,0,1,0,0,1,1,1,0,5.33,1.5,12.0,0.0,4,0.67,0.67,8.0,1,3,1,3,0,N
15966,0,1,0,0,1,1,1,0,5.33,1.5,12.0,0.0,4,0.67,0.67,8.0,1,3,1,3,0,N
16017,0,1,0,0,1,1,1,0,7.74,1.5,17.41,0.0,5,0.67,0.97,11.61,2,3,2,3,0,N
17468,0,1,0,0,1,1,1,2,9.96,3.5,122.04,0.01,11,0.29,6.78,34.87,2,9,2,7,2,N
20931,0,1,2,4,1,1,1,2,22.58,8.13,1490.75,0.06,44,0.12,82.82,183.48,13,31,8,10,4,N
16479,0,3,1,0,2,1,1,17,56.84,6.73,2575.02,0.13,74,0.15,143.06,382.57,35,39,26,10,18,N
19981,0,1,0,0,1,1,1,2,9.97,4.0,159.45,0.01,12,0.25,8.86,39.86,2,10,2,8,2,N
23320,0,3,0,0,2,2,1,4,11.99,6.67,533.03,0.03,21,0.15,29.61,79.95,10,11,6,8,4,N
21512,0,1,0,0,1,1,1,0,7.75,2.0,31.02,0.01,6,0.5,1.72,15.51,2,4,2,4,0,N
16039,0,1,0,0,1,1,1,0,7.74,1.5,17.41,0.0,5,0.67,0.97,11.61,2,3,2,3,0,N
19359,2,5,0,1,3,2,1,23,19.78,20.04,7940.87,0.13,80,0.05,441.16,396.34,33,47,14,17,23,N
20410,0,5,0,0,3,2,1,7,11.89,13.13,2048.55,0.05,35,0.08,113.81,156.08,15,20,8,14,7,N
22513,0,1,0,0,1,1,1,0,12.18,3.0,109.62,0.01,11,0.33,6.09,36.54,4,7,4,6,0,N
18897,0,1,0,0,1,1,1,0,5.33,1.5,12.0,0.0,4,0.67,0.67,8.0,1,3,1,3,0,N
15673,0,1,0,0,1,1,1,0,7.74,1.5,17.41,0.0,5,0.67,0.97,11.61,2,3,2,3,0,N
22081,2,3,5,0,2,2,1,5,13.96,6.0,502.57,0.03,22,0.17,27.92,83.76,9,13,6,8,10,N
15465,1,13,0,0,7,5,1,13,23.89,9.6,2201.72,0.08,55,0.1,122.32,229.35,24,31,10,8,13,N
19057,0,1,0,0,1,1,1,0,9.51,3.0,85.59,0.01,9,0.33,4.75,28.53,3,6,3,6,0,N
19387,3,1,0,0,1,1,1,2,7.75,2.0,31.02,0.01,6,0.5,1.72,15.51,2,4,2,4,2,N
18654,0,1,0,0,1,1,1,0,5.33,1.5,12.0,0.0,4,0.67,0.67,8.0,1,3,1,3,0,N
18765,1,3,0,0,2,2,1,12,19.27,10.8,2248.0,0.07,49,0.09,124.89,208.15,24,25,10,9,12,N
19404,0,1,0,0,1,1,1,0,7.33,4.5,148.5,0.01,11,0.22,8.25,33.0,3,8,2,6,0,N
17419,2,7,0,0,4,2,3,11,12.35,16.0,3162.47,0.07,45,0.06,175.69,197.65,16,29,7,14,11,N
14499,0,3,0,0,2,1,1,0,7.75,2.0,31.02,0.01,6,0.5,1.72,15.51,2,4,2,4,0,N
19624,0,1,0,0,1,1,1,0,5.33,1.5,12.0,0.0,4,0.67,0.67,8.0,1,3,1,3,0,N
16926,0,1,0,1,1,1,1,2,7.74,1.5,17.41,0.0,5,0.67,0.97,11.61,2,3,2,3,2,N
22504,3,5,0,0,3,1,1,13,15.75,12.09,2302.09,0.06,41,0.08,127.89,190.4,19,22,11,14,13,N
14483,2,11,5,0,6,5,4,18,34.8,12.29,5260.09,0.14,89,0.08,292.23,427.85,38,51,17,11,23,N
22686,11,1,0,10,1,1,1,9,86.0,1.6,220.17,0.05,33,0.63,12.23,137.61,16,17,15,3,9,N
22574,0,1,0,0,1,1,1,0,8.6,7.5,483.97,0.02,18,0.13,26.89,64.53,5,13,3,9,0,N
23326,0,3,0,0,2,2,1,0,6.69,7.5,376.42,0.02,14,0.13,20.91,50.19,5,9,3,9,0,N
16559,2,3,2,0,2,1,1,3,8.42,7.5,473.37,0.02,19,0.13,26.3,63.12,10,9,4,6,5,N
18640,0,1,0,0,1,1,1,0,7.75,2.0,31.02,0.01,6,0.5,1.72,15.51,2,4,2,4,0,N
14852,1,1,0,0,1,1,1,2,7.74,1.5,17.41,0.0,5,0.67,0.97,11.61,2,3,2,3,2,N
18896,0,1,0,0,1,1,1,0,7.74,1.5,17.41,0.0,5,0.67,0.97,11.61,2,3,2,3,0,N
18542,0,1,0,0,1,1,1,0,9.51,3.0,85.59,0.01,9,0.33,4.75,28.53,3,6,3,6,0,N
18326,5,9,0,1,5,3,1,21,19.21,19.0,6935.0,0.12,73,0.05,385.28,365.0,26,47,13,19,21,N
14283,0,3,0,0,2,2,1,0,7.75,2.0,31.02,0.01,6,0.5,1.72,15.51,2,4,2,4,0,N
16560,2,3,2,0,2,1,1,3,8.42,7.5,473.37,0.02,19,0.13,26.3,63.12,10,9,4,6,5,N
22834,0,1,0,0,1,1,1,0,5.8,2.0,23.22,0.0,5,0.5,1.29,11.61,1,4,1,4,0,N
18956,0,1,0,0,1,1,1,4,10.24,7.0,501.89,0.02,20,0.14,27.88,71.7,7,13,4,8,4,N
20513,0,1,0,0,1,1,1,4,21.18,2.67,150.59,0.02,17,0.38,8.37,56.47,8,9,6,4,4,N
17221,0,1,0,0,1,1,1,0,7.74,1.5,17.41,0.0,5,0.67,0.97,11.61,2,3,2,3,0,N
18967,1,5,0,0,3,3,1,13,16.4,7.07,820.29,0.04,29,0.14,45.57,116.0,11,18,7,9,13,N
15122,0,1,0,0,1,1,1,2,11.86,3.5,145.3,0.01,12,0.29,8.07,41.51,4,8,4,7,2,N
22637,0,1,0,0,1,1,1,0,7.75,2.0,31.02,0.01,6,0.5,1.72,15.51,2,4,2,4,0,N
18972,0,1,0,0,1,1,1,0,7.86,2.5,49.13,0.01,7,0.4,2.73,19.65,2,5,2,5,0,N
21058,5,5,0,2,3,2,1,21,51.37,9.46,4597.3,0.16,94,0.11,255.41,485.97,43,51,25,11,21,N
16108,0,1,0,0,1,1,1,0,5.33,1.5,12.0,0.0,4,0.67,0.67,8.0,1,3,1,3,0,N
18712,1,7,0,1,4,2,1,11,16.8,9.0,1361.13,0.05,37,0.11,75.62,151.24,16,21,8,9,11,N
23112,0,1,0,0,1,1,1,0,7.75,2.0,31.02,0.01,6,0.5,1.72,15.51,2,4,2,4,0,N
21897,1,3,0,0,2,1,1,8,15.07,9.75,1432.72,0.05,34,0.1,79.6,146.95,13,21,8,12,8,N
16045,2,1,0,3,1,1,1,9,57.63,3.12,562.77,0.06,41,0.32,31.26,180.09,20,21,16,5,9,N
18450,0,1,0,0,1,1,1,0,7.75,2.0,31.02,0.01,6,0.5,1.72,15.51,2,4,2,4,0,N
16172,0,1,0,0,1,1,1,2,13.5,2.0,54.0,0.01,9,0.5,3.0,27.0,4,5,4,4,2,N
15572,0,1,0,0,1,1,1,0,7.86,2.5,49.13,0.01,7,0.4,2.73,19.65,2,5,2,5,0,N
15182,12,1,13,9,1,1,1,6,69.36,8.0,4439.07,0.18,110,0.13,246.61,554.88,50,60,25,8,19,N
19601,0,3,0,0,2,2,1,4,13.67,6.0,492.27,0.03,21,0.17,27.35,82.04,6,15,5,10,4,N
18824,4,3,0,0,1,1,1,3,13.29,3.0,119.59,0.01,12,0.33,6.64,39.86,4,8,4,6,3,N
20927,0,3,0,0,2,2,1,6,25.86,9.27,2223.13,0.08,53,0.11,123.51,239.75,17,36,11,12,6,N
14725,10,30,8,0,21,13,1,118,134.43,35.05,165171.64,1.57,660,0.03,9176.2,4712.1,296,364,114,27,126,N
14243,6,1,0,9,1,1,1,3,16.84,1.5,37.9,0.01,9,0.67,2.11,25.27,4,5,4,3,3,N
16805,0,1,0,0,1,1,1,0,0.0,0.0,0.0,0.0,0,0.0,0.0,0.0,0,0,0,0,0,N
17107,0,1,0,0,1,1,1,0,5.33,1.5,12.0,0.0,4,0.67,0.67,8.0,1,3,1,3,0,N
19589,0,1,0,0,1,1,1,2,5.33,1.5,12.0,0.0,4,0.67,0.67,8.0,1,3,1,3,2,N
14315,3,1,0,0,1,1,1,2,7.75,2.0,31.02,0.01,6,0.5,1.72,15.51,2,4,2,4,2,N
15868,0,1,0,0,1,1,1,0,5.33,1.5,12.0,0.0,4,0.67,0.67,8.0,1,3,1,3,0,N
15775,0,1,0,0,1,1,1,0,11.86,3.5,145.3,0.01,12,0.29,8.07,41.51,4,8,4,7,0,N
18873,0,1,0,0,1,1,1,0,10.68,4.67,232.53,0.02,15,0.21,12.92,49.83,4,11,3,7,0,N
21708,0,1,0,0,1,1,1,1,7.74,1.5,17.41,0.0,5,0.67,0.97,11.61,2,3,2,3,1,N
20266,0,1,0,0,1,1,1,0,7.75,2.0,31.02,0.01,6,0.5,1.72,15.51,2,4,2,4,0,N
18645,0,1,0,0,1,1,1,0,5.33,1.5,12.0,0.0,4,0.67,0.67,8.0,1,3,1,3,0,N
19193,0,1,0,0,1,1,1,0,9.51,3.0,85.59,0.01,9,0.33,4.75,28.53,3,6,3,6,0,N
18471,0,1,0,0,1,1,1,2,13.2,2.5,82.5,0.01,11,0.4,4.58,33.0,5,6,4,4,2,N
15571,0,1,0,0,1,1,1,0,5.33,1.5,12.0,0.0,4,0.67,0.67,8.0,1,3,1,3,0,N
16829,0,1,0,0,1,1,1,0,5.33,1.5,12.0,0.0,4,0.67,0.67,8.0,1,3,1,3,0,N
18681,0,1,0,0,1,1,1,0,5.33,1.5,12.0,0.0,4,0.67,0.67,8.0,1,3,1,3,0,N
23445,0,1,0,0,1,1,1,0,8.3,6.0,298.97,0.02,15,0.17,16.61,49.83,3,12,2,8,0,N
16251,0,3,0,0,2,2,1,3,12.8,4.2,225.85,0.02,15,0.24,12.55,53.77,6,9,5,7,3,N
21138,3,1,0,3,1,1,1,2,0.0,0.0,0.0,0.0,3,0.0,0.0,4.75,0,3,0,3,2,N
23127,0,1,0,0,1,1,1,0,5.33,1.5,12.0,0.0,4,0.67,0.67,8.0,1,3,1,3,0,N
16149,0,3,0,0,2,2,1,4,21.5,7.15,1099.18,0.05,35,0.14,61.07,153.73,13,22,10,11,4,N
21182,0,1,0,0,1,1,1,0,5.33,1.5,12.0,0.0,4,0.67,0.67,8.0,1,3,1,3,0,N
17470,0,1,0,0,1,1,1,2,9.96,3.5,122.04,0.01,11,0.29,6.78,34.87,2,9,2,7,2,N
23124,0,1,0,0,1,1,1,0,5.33,1.5,12.0,0.0,4,0.67,0.67,8.0,1,3,1,3,0,N
14778,7,6,8,1,5,5,1,13,20.84,14.38,4306.14,0.1,63,0.07,239.23,299.56,23,40,12,15,21,N
15945,0,1,0,0,1,1,1,0,5.33,1.5,12.0,0.0,4,0.67,0.67,8.0,1,3,1,3,0,N
18369,0,1,2,0,1,1,1,1,15.0,2.0,60.0,0.01,10,0.5,3.33,30.0,4,6,4,4,3,N
17255,0,1,0,0,1,1,1,0,7.74,1.5,17.41,0.0,5,0.67,0.97,11.61,2,3,2,3,0,N
23436,0,1,0,0,1,1,1,2,5.33,1.5,12.0,0.0,4,0.67,0.67,8.0,1,3,1,3,2,N
18939,0,1,0,0,1,1,1,2,5.33,1.5,12.0,0.0,4,0.67,0.67,8.0,1,3,1,3,2,N
19800,0,1,0,0,1,1,1,0,7.86,2.5,49.13,0.01,7,0.4,2.73,19.65,2,5,2,5,0,N
20891,25,5,24,8,3,1,1,50,56.97,63.22,227673.63,1.2,652,0.02,12648.53,3601.36,289,363,32,14,74,N
22944,10,1,0,9,1,1,1,7,38.4,2.5,240.0,0.03,24,0.4,13.33,96.0,11,13,11,5,7,N
18275,8,3,1,7,2,2,1,14,39.38,9.82,3796.17,0.13,76,0.1,210.9,386.65,36,40,22,12,15,N
18299,11,7,0,117,4,4,1,53,19.63,120.11,283140.67,0.79,440,0.01,15730.04,2357.32,188,252,18,23,53,N
18818,5,3,0,2,2,2,1,10,11.3,13.0,1910.29,0.05,34,0.08,106.13,146.95,14,20,7,13,10,N
23378,0,1,0,0,1,1,1,0,8.3,6.0,298.97,0.02,15,0.17,16.61,49.83,3,12,2,8,0,N
21713,0,1,0,0,1,1,1,0,9.31,2.5,58.16,0.01,9,0.4,3.23,23.26,1,8,1,5,0,N
21612,0,3,0,0,2,2,1,4,11.18,5.63,353.85,0.02,17,0.18,19.66,62.91,5,12,4,9,4,N
14638,0,1,0,0,1,1,1,0,5.33,1.5,12.0,0.0,4,0.67,0.67,8.0,1,3,1,3,0,N
22647,0,1,0,0,1,1,1,0,7.86,2.5,49.13,0.01,7,0.4,2.73,19.65,2,5,2,5,0,N
20546,0,1,0,0,1,1,1,0,0.0,0.0,0.0,0.0,1,0.0,0.0,0.0,0,1,0,1,0,N
19180,0,1,0,0,1,1,1,2,8.98,2.5,56.15,0.01,8,0.4,3.12,22.46,2,6,2,5,2,N
19469,0,1,0,0,1,1,1,0,9.51,3.0,85.59,0.01,9,0.33,4.75,28.53,3,6,3,6,0,N
17060,0,1,0,0,1,1,1,0,5.33,1.5,12.0,0.0,4,0.67,0.67,8.0,1,3,1,3,0,N
14713,3,1,0,0,1,1,1,2,7.74,1.5,17.41,0.0,5,0.67,0.97,11.61,2,3,2,3,2,N
15343,0,1,0,0,1,1,1,0,7.74,1.5,17.41,0.0,5,0.67,0.97,11.61,2,3,2,3,0,N
22348,0,5,0,0,3,3,3,9,17.65,9.6,1626.8,0.06,38,0.1,90.38,169.46,16,22,10,12,9,N
21589,0,1,0,0,1,1,1,0,7.86,2.5,49.13,0.01,7,0.4,2.73,19.65,2,5,2,5,0,N
16851,0,1,0,0,1,1,1,0,5.33,1.5,12.0,0.0,4,0.67,0.67,8.0,1,3,1,3,0,N
14580,0,1,0,0,1,1,1,0,9.0,3.0,81.0,0.01,9,0.33,4.5,27.0,2,7,2,6,0,N
20761,2,3,0,8,1,1,1,17,46.97,32.0,48098.41,0.5,277,0.03,2672.13,1503.08,108,169,27,16,17,N
16037,0,1,0,0,1,1,1,0,7.74,1.5,17.41,0.0,5,0.67,0.97,11.61,2,3,2,3,0,N
21689,0,1,0,0,1,1,1,4,9.47,2.67,67.38,0.01,9,0.38,3.74,25.27,4,5,3,4,4,N
23497,1,1,0,4,1,1,1,4,21.67,1.8,70.2,0.01,13,0.56,3.9,39.0,6,7,5,3,4,N
17553,0,1,0,0,1,1,1,0,5.33,1.5,12.0,0.0,4,0.67,0.67,8.0,1,3,1,3,0,N
15607,2,3,2,0,2,1,1,18,94.97,4.71,2110.57,0.15,88,0.21,117.25,447.7,44,44,28,6,20,N
14398,0,1,0,0,1,1,1,0,0.0,0.0,0.0,0.0,0,0.0,0.0,0.0,0,0,0,0,0,N
17345,12,25,1,17,13,9,3,74,104.53,29.55,91277.08,1.03,461,0.03,5070.95,3088.9,197,264,80,24,75,N
21240,0,5,2,0,3,1,1,16,13.18,22.0,6377.64,0.1,66,0.05,354.31,289.89,22,44,7,14,18,N
16411,0,1,0,0,1,1,1,0,5.33,1.5,12.0,0.0,4,0.67,0.67,8.0,1,3,1,3,0,N
16371,0,1,0,0,1,1,1,0,7.74,1.5,17.41,0.0,5,0.67,0.97,11.61,2,3,2,3,0,N
20181,3,1,0,0,1,1,1,2,7.75,2.0,31.02,0.01,6,0.5,1.72,15.51,2,4,2,4,2,N
14872,1,1,0,0,1,1,1,2,7.74,1.5,17.41,0.0,5,0.67,0.97,11.61,2,3,2,3,2,N
16310,0,1,0,0,1,1,1,0,16.84,1.5,37.9,0.01,9,0.67,2.11,25.27,4,5,4,3,0,N
21239,0,5,2,0,3,1,1,16,13.18,22.0,6377.64,0.1,66,0.05,354.31,289.89,22,44,7,14,18,N
19143,0,1,0,0,1,1,1,0,6.86,3.5,84.0,0.01,8,0.29,4.67,24.0,1,7,1,7,0,N
19972,0,1,0,0,1,1,1,2,6.2,2.5,38.77,0.01,6,0.4,2.15,15.51,1,5,1,5,2,N
23267,3,1,0,0,1,1,1,1,0.0,0.0,0.0,0.0,1,0.0,0.0,0.0,0,1,0,1,1,N
18406,2,22,0,2,19,19,1,77,55.81,36.78,75505.99,0.68,317,0.03,4194.78,2052.81,119,198,55,34,77,N
18394,8,12,13,9,8,6,3,36,52.46,30.56,48975.36,0.53,276,0.03,2720.85,1602.83,110,166,36,20,49,N
18283,3,5,0,3,3,3,1,19,19.63,22.75,10158.83,0.15,95,0.04,564.38,446.54,39,56,12,14,19,N
14937,0,1,0,0,1,1,1,2,7.74,1.5,17.41,0.0,5,0.67,0.97,11.61,2,3,2,3,2,N
19284,0,1,0,0,1,1,1,0,18.0,1.5,40.5,0.01,9,0.67,2.25,27.0,5,4,5,3,0,N
22738,0,1,0,0,1,1,1,0,5.33,1.5,12.0,0.0,4,0.67,0.67,8.0,1,3,1,3,0,N
20917,0,1,0,0,1,1,1,2,7.86,2.5,49.13,0.01,7,0.4,2.73,19.65,2,5,2,5,2,N
19320,0,1,0,0,1,1,1,2,5.33,1.5,12.0,0.0,4,0.67,0.67,8.0,1,3,1,3,2,N
16888,0,1,0,0,1,1,1,0,7.74,1.5,17.41,0.0,5,0.67,0.97,11.61,2,3,2,3,0,N
21680,0,3,0,0,2,2,1,4,21.5,7.15,1099.18,0.05,35,0.14,61.07,153.73,13,22,10,11,4,N
18711,1,3,0,0,2,1,1,12,24.53,5.06,626.89,0.04,31,0.2,34.83,124.0,13,18,9,7,12,N
14444,0,1,0,0,1,1,1,0,7.75,2.0,31.02,0.01,6,0.5,1.72,15.51,2,4,2,4,0,N
21289,0,1,0,0,1,1,1,0,5.33,1.5,12.0,0.0,4,0.67,0.67,8.0,1,3,1,3,0,N
21629,0,1,0,0,1,1,1,0,8.3,6.0,298.97,0.02,15,0.17,16.61,49.83,3,12,2,8,0,N
14628,3,7,1,3,4,4,1,20,45.78,10.66,5202.69,0.16,93,0.09,289.04,488.06,41,52,25,13,21,N
16615,14,1,2,4,1,1,1,36,96.51,10.29,10209.86,0.33,192,0.1,567.21,992.63,72,120,28,8,38,N
22442,7,11,10,0,6,1,1,15,36.12,7.54,2052.58,0.09,63,0.13,114.03,272.28,28,35,13,7,25,N
20780,3,13,0,15,7,3,4,24,14.41,32.63,15335.18,0.16,100,0.03,851.95,470.04,29,71,8,18,24,N
23070,0,1,0,0,1,1,1,0,6.2,2.5,38.77,0.01,6,0.4,2.15,15.51,1,5,1,5,0,N
21751,0,3,0,0,2,2,1,5,15.36,3.5,188.21,0.02,15,0.29,10.46,53.77,5,10,5,7,5,N
22092,1,5,0,0,3,1,1,9,9.88,5.25,272.43,0.02,15,0.19,15.14,51.89,6,9,4,7,9,N
22952,10,1,0,9,1,1,1,7,44.77,2.18,213.1,0.03,25,0.46,11.84,97.67,12,13,11,4,7,N
23319,1,5,0,0,3,3,1,13,17.24,7.5,969.51,0.04,31,0.13,53.86,129.27,12,19,8,10,13,N
23335,0,1,0,0,1,1,1,2,13.5,2.0,54.0,0.01,9,0.5,3.0,27.0,4,5,4,4,2,N
16437,0,1,0,0,1,1,1,0,5.33,1.5,12.0,0.0,4,0.67,0.67,8.0,1,3,1,3,0,N
17286,0,3,0,0,2,2,1,4,11.99,6.67,533.03,0.03,21,0.15,29.61,79.95,10,11,6,8,4,N
22583,0,3,0,0,2,2,1,0,6.69,7.5,376.42,0.02,14,0.13,20.91,50.19,5,9,3,9,0,N
20196,0,1,0,0,1,1,1,0,0.0,0.0,0.0,0.0,0,0.0,0.0,0.0,0,0,0,0,0,N
15433,0,1,0,0,1,1,1,0,5.33,1.5,12.0,0.0,4,0.67,0.67,8.0,1,3,1,3,0,N
14984,0,1,0,0,1,1,1,2,7.74,1.5,17.41,0.0,5,0.67,0.97,11.61,2,3,2,3,2,N
22628,0,1,0,0,1,1,1,0,7.75,2.0,31.02,0.01,6,0.5,1.72,15.51,2,4,2,4,0,N
18274,8,3,1,7,2,2,1,14,39.38,9.82,3796.17,0.13,76,0.1,210.9,386.65,36,40,22,12,15,N
19868,1,3,0,2,2,2,1,12,14.73,8.94,1176.94,0.04,31,0.11,65.39,131.69,13,18,8,11,12,N
18271,3,3,0,6,2,2,1,8,25.48,6.92,1221.36,0.06,39,0.14,67.85,176.42,18,21,13,10,8,N
18133,0,1,0,0,1,1,1,2,5.33,1.5,12.0,0.0,4,0.67,0.67,8.0,1,3,1,3,2,N
23218,0,1,0,0,1,1,1,0,7.74,1.5,17.41,0.0,5,0.67,0.97,11.61,2,3,2,3,0,N
21310,0,1,0,0,1,1,1,7,24.54,6.75,1118.27,0.06,39,0.15,62.13,165.67,15,24,10,9,7,N
21107,0,1,0,0,1,1,1,4,28.17,5.0,704.36,0.05,37,0.2,39.13,140.87,18,19,9,5,4,N
15037,0,1,1,0,1,1,1,1,7.74,1.5,17.41,0.0,5,0.67,0.97,11.61,2,3,2,3,2,N
18493,0,1,0,0,1,1,1,0,5.8,2.0,23.22,0.0,5,0.5,1.29,11.61,1,4,1,4,0,N
15496,0,1,0,0,1,1,1,0,5.33,1.5,12.0,0.0,4,0.67,0.67,8.0,1,3,1,3,0,N
14195,7,1,5,6,1,1,1,14,46.18,8.5,3336.69,0.13,80,0.12,185.37,392.55,34,46,20,10,19,Y
14552,0,1,0,0,1,1,1,0,7.86,2.5,49.13,0.01,7,0.4,2.73,19.65,2,5,2,5,0,N
14735,4,3,0,0,2,2,1,27,98.83,17.19,29200.73,0.57,290,0.06,1622.26,1698.81,119,171,45,13,27,N
19171,0,1,0,0,1,1,1,2,8.98,2.5,56.15,0.01,8,0.4,3.12,22.46,2,6,2,5,2,N
22243,0,1,0,0,1,1,1,0,7.74,1.5,17.41,0.0,5,0.67,0.97,11.61,2,3,2,3,0,N
17674,0,1,0,0,1,1,1,0,7.75,2.0,31.02,0.01,6,0.5,1.72,15.51,2,4,2,4,0,N
18010,2,9,1,0,5,5,5,15,36.36,10.21,3793.43,0.12,73,0.1,210.75,371.38,33,40,21,13,16,N
21122,18,1,15,10,1,1,1,9,126.99,3.77,1808.86,0.16,92,0.26,100.49,479.27,39,53,31,6,24,N
17061,0,1,0,0,1,1,1,0,5.33,1.5,12.0,0.0,4,0.67,0.67,8.0,1,3,1,3,0,N
17909,2,5,1,0,3,3,1,15,30.54,8.67,2294.06,0.09,57,0.12,127.45,264.7,26,31,15,10,16,N
16849,0,1,0,0,1,1,1,0,5.33,1.5,12.0,0.0,4,0.67,0.67,8.0,1,3,1,3,0,N
14512,0,1,0,0,1,1,1,0,5.8,2.0,23.22,0.0,5,0.5,1.29,11.61,1,4,1,4,0,N
15452,0,1,0,0,1,1,1,0,7.74,1.5,17.41,0.0,5,0.67,0.97,11.61,2,3,2,3,0,N
19007,1,3,0,0,2,1,1,8,15.07,9.75,1432.72,0.05,34,0.1,79.6,146.95,13,21,8,12,8,N
18165,15,31,0,8,1,1,1,91,52.83,48.86,126098.15,0.86,427,0.02,7005.45,2580.96,171,256,42,24,91,N
18964,1,3,0,2,2,2,1,12,14.73,8.94,1176.94,0.04,31,0.11,65.39,131.69,13,18,8,11,12,N
23169,0,1,0,0,1,1,1,0,5.8,2.0,23.22,0.0,5,0.5,1.29,11.61,1,4,1,4,0,N
15516,0,5,0,0,3,1,3,3,8.96,6.0,322.65,0.02,15,0.17,17.92,53.77,6,9,4,8,3,N
20090,5,1,0,2,1,1,1,7,24.59,4.05,405.89,0.03,27,0.25,22.55,99.91,13,14,8,5,7,N
21493,1,3,0,0,2,1,1,8,15.07,9.75,1432.72,0.05,34,0.1,79.6,146.95,13,21,8,12,8,N
15550,0,1,0,0,1,1,1,0,7.74,1.5,17.41,0.0,5,0.67,0.97,11.61,2,3,2,3,0,N
16112,0,1,0,0,1,1,1,0,5.33,1.5,12.0,0.0,4,0.67,0.67,8.0,1,3,1,3,0,N
15246,4,5,1,1,3,3,1,13,19.9,13.64,3701.1,0.09,60,0.07,205.62,271.41,25,35,11,12,14,N
21808,1,5,0,3,3,3,1,19,19.07,10.91,2270.01,0.07,46,0.09,126.11,208.08,20,26,11,12,19,N
20663,0,1,0,0,1,1,1,0,7.75,2.0,31.02,0.01,6,0.5,1.72,15.51,2,4,2,4,0,N
18253,3,5,0,3,3,3,1,19,18.73,24.38,11126.44,0.15,96,0.04,618.14,456.47,39,57,12,15,19,N
14746,3,1,1,0,1,1,1,2,16.84,1.5,37.9,0.01,9,0.67,2.11,25.27,4,5,4,3,3,N
19713,0,3,0,0,2,2,1,10,13.4,7.0,656.36,0.03,24,0.14,36.46,93.77,7,17,5,10,10,N
23221,0,1,0,0,1,1,1,0,7.74,1.5,17.41,0.0,5,0.67,0.97,11.61,2,3,2,3,0,N
21245,4,5,3,3,3,2,1,23,25.44,17.0,7351.49,0.14,92,0.06,408.42,432.44,34,58,13,13,26,N
16966,0,1,0,0,1,1,1,0,5.33,1.5,12.0,0.0,4,0.67,0.67,8.0,1,3,1,3,0,N
16742,0,1,0,0,1,1,1,0,0.0,0.0,0.0,0.0,1,0.0,0.0,0.0,0,1,0,1,0,N
22095,0,1,0,0,1,1,1,0,0.0,0.0,0.0,0.0,1,0.0,0.0,0.0,0,1,0,1,0,N
14352,9,9,2,6,5,5,1,29,75.92,12.5,11863.1,0.32,176,0.08,659.06,949.05,80,96,32,10,31,N
18426,1,3,0,2,2,2,1,12,14.73,8.94,1176.94,0.04,31,0.11,65.39,131.69,13,18,8,11,12,N
22578,0,1,0,0,1,1,1,4,9.47,2.67,67.38,0.01,9,0.38,3.74,25.27,4,5,3,4,4,N
17484,2,3,0,0,2,2,1,7,15.65,7.31,836.91,0.04,28,0.14,46.49,114.45,13,15,8,9,7,N
19667,3,5,0,2,3,3,1,15,35.66,6.3,1415.38,0.07,49,0.16,78.63,224.66,21,28,15,9,15,N
19494,2,7,0,0,4,2,3,11,12.35,16.0,3162.47,0.07,45,0.06,175.69,197.65,16,29,7,14,11,N
16644,1,1,3,0,1,1,1,2,10.75,6.0,387.18,0.02,18,0.17,21.51,64.53,6,12,4,8,5,N
22147,0,1,0,0,1,1,1,0,7.75,2.0,31.02,0.01,6,0.5,1.72,15.51,2,4,2,4,0,N
22135,0,1,0,0,1,1,1,0,0.0,0.0,0.0,0.0,1,0.0,0.0,0.0,0,1,0,1,0,N
17338,0,1,0,0,1,1,1,0,9.6,2.5,60.0,0.01,8,0.4,3.33,24.0,3,5,3,5,0,N
15174,12,1,13,9,1,1,1,6,76.17,7.41,4179.42,0.19,110,0.14,232.19,564.22,50,60,27,8,19,N
14641,0,1,2,0,1,1,1,1,11.63,2.0,46.53,0.01,9,0.5,2.58,23.26,4,5,3,3,3,N
15767,0,1,0,0,1,1,1,2,7.35,8.0,470.48,0.02,17,0.13,26.14,58.81,6,11,3,8,2,N
17935,0,1,0,0,1,1,1,0,7.75,2.0,31.02,0.01,6,0.5,1.72,15.51,2,4,2,4,0,N
18758,0,11,0,0,6,6,1,27,26.07,23.61,14532.97,0.21,120,0.04,807.39,615.51,50,70,18,17,27,N
21221,0,1,0,0,1,1,1,3,10.57,3.0,95.1,0.01,10,0.33,5.28,31.7,3,7,3,6,3,N
17552,13,5,0,0,3,2,1,11,14.85,6.67,659.94,0.03,26,0.15,36.66,98.99,10,16,6,8,11,N
18414,1,3,0,0,2,1,1,5,12.37,6.0,445.39,0.02,19,0.17,24.74,74.23,6,13,5,10,5,N
17780,0,1,0,0,1,1,1,0,0.0,0.0,0.0,0.0,1,0.0,0.0,0.0,0,1,0,1,0,N
15531,0,1,0,0,1,1,1,0,5.33,1.5,12.0,0.0,4,0.67,0.67,8.0,1,3,1,3,0,N
21872,0,3,0,0,2,2,1,4,11.18,5.63,353.85,0.02,17,0.18,19.66,62.91,5,12,4,9,4,N
14650,0,1,2,0,1,1,1,1,16.84,1.5,37.9,0.01,9,0.67,2.11,25.27,4,5,4,3,3,N
14132,2,1,0,3,1,1,1,7,20.08,5.5,607.27,0.04,29,0.18,33.74,110.41,11,18,7,7,7,N
17183,3,5,6,7,3,1,1,7,18.89,8.44,1345.03,0.05,39,0.12,74.72,159.41,15,24,8,9,13,N
14860,1,1,0,0,1,1,1,2,7.74,1.5,17.41,0.0,5,0.67,0.97,11.61,2,3,2,3,2,N
18371,3,5,8,0,3,3,1,14,20.4,18.13,6709.33,0.12,74,0.06,372.74,370.0,32,42,15,17,22,N
18799,0,4,0,0,3,3,1,0,0.0,0.0,0.0,0.0,0,0.0,0.0,0.0,0,0,0,0,0,N
23501,1,1,0,4,1,1,1,4,21.67,1.8,70.2,0.01,13,0.56,3.9,39.0,6,7,5,3,4,N
20981,1,11,1,8,6,1,1,11,14.66,18.2,4857.4,0.09,59,0.05,269.86,266.89,28,31,10,13,12,N
19880,0,3,0,0,2,2,1,0,7.86,2.5,49.13,0.01,7,0.4,2.73,19.65,2,5,2,5,0,N
18128,0,1,0,0,1,1,1,0,5.8,2.0,23.22,0.0,5,0.5,1.29,11.61,1,4,1,4,0,N
20480,0,1,0,0,1,1,1,2,6.2,2.5,38.77,0.01,6,0.4,2.15,15.51,1,5,1,5,2,N
19140,1,3,0,0,2,1,1,8,15.07,9.75,1432.72,0.05,34,0.1,79.6,146.95,13,21,8,12,8,N
18212,3,3,0,6,2,2,1,8,25.48,6.92,1221.36,0.06,39,0.14,67.85,176.42,18,21,13,10,8,N
18097,0,1,0,0,1,1,1,0,7.33,4.5,148.5,0.01,11,0.22,8.25,33.0,3,8,2,6,0,N
17466,0,1,0,0,1,1,1,2,9.43,3.5,115.5,0.01,11,0.29,6.42,33.0,1,10,1,7,2,N
18367,5,3,9,1,2,1,1,4,26.92,12.44,4168.89,0.11,67,0.08,231.6,335.0,32,35,18,14,13,N
21184,0,1,0,0,1,1,1,3,11.23,2.0,44.92,0.01,8,0.5,2.5,22.46,3,5,3,4,3,N
17304,3,1,0,0,1,1,1,2,7.75,2.0,31.02,0.01,6,0.5,1.72,15.51,2,4,2,4,2,N
16282,0,1,0,0,1,1,1,0,0.0,0.0,0.0,0.0,0,0.0,0.0,0.0,0,0,0,0,0,N
14408,0,1,0,0,1,1,1,0,0.0,0.0,0.0,0.0,0,0.0,0.0,0.0,0,0,0,0,0,N
22005,0,1,0,0,1,1,1,2,5.33,1.5,12.0,0.0,4,0.67,0.67,8.0,1,3,1,3,2,N
22453,0,1,0,0,1,1,1,4,9.47,2.67,67.38,0.01,9,0.38,3.74,25.27,4,5,3,4,4,N
21536,0,1,0,0,1,1,1,0,7.75,2.0,31.02,0.01,6,0.5,1.72,15.51,2,4,2,4,0,N
21026,4,5,0,2,3,2,1,20,48.68,9.17,4090.6,0.15,87,0.11,227.26,446.25,40,47,24,11,20,N
14540,0,1,0,0,1,1,1,2,5.33,1.5,12.0,0.0,4,0.67,0.67,8.0,1,3,1,3,2,N
14257,0,1,0,0,1,1,1,0,8.6,7.5,483.97,0.02,18,0.13,26.89,64.53,5,13,3,9,0,N
17678,0,1,0,0,1,1,1,0,6.86,3.5,84.0,0.01,8,0.29,4.67,24.0,1,7,1,7,0,N
19848,15,15,1,1,1,1,1,47,33.46,31.67,33562.86,0.35,185,0.03,1864.6,1059.67,61,124,26,27,48,N
18936,0,1,0,0,1,1,1,2,8.98,2.5,56.15,0.01,8,0.4,3.12,22.46,2,6,2,5,2,N
18368,0,1,2,0,1,1,1,1,15.0,2.0,60.0,0.01,10,0.5,3.33,30.0,4,6,4,4,3,N
14493,0,1,0,0,1,1,1,0,7.75,2.0,31.02,0.01,6,0.5,1.72,15.51,2,4,2,4,0,N
16423,0,1,0,0,1,1,1,0,5.33,1.5,12.0,0.0,4,0.67,0.67,8.0,1,3,1,3,0,N
14626,4,5,0,4,3,3,1,15,43.59,6.0,1569.11,0.09,55,0.17,87.17,261.51,24,31,18,9,15,N
15470,0,1,0,0,1,1,1,0,0.0,0.0,0.0,0.0,2,0.0,0.0,2.0,0,2,0,2,0,N
15457,0,1,0,0,1,1,1,0,7.74,1.5,17.41,0.0,5,0.67,0.97,11.61,2,3,2,3,0,N
18282,3,5,0,3,3,3,1,19,19.63,22.75,10158.83,0.15,95,0.04,564.38,446.54,39,56,12,14,19,N
20225,0,3,0,0,2,2,1,0,0.0,0.0,0.0,0.0,0,0.0,0.0,0.0,0,0,0,0,0,N
15833,0,1,0,0,1,1,1,0,5.33,1.5,12.0,0.0,4,0.67,0.67,8.0,1,3,1,3,0,N
18249,3,5,0,3,3,3,1,19,18.24,22.91,9574.79,0.14,90,0.04,531.93,417.95,36,54,11,14,19,N
14370,11,23,4,18,12,10,11,46,62.33,27.16,45986.37,0.56,297,0.04,2554.8,1693.03,134,163,37,15,50,N
14516,6,11,2,5,6,5,1,31,77.08,13.04,13111.83,0.34,182,0.08,728.44,1005.29,83,99,35,11,33,N
14850,1,1,0,0,1,1,1,2,7.74,1.5,17.41,0.0,5,0.67,0.97,11.61,2,3,2,3,2,N
22509,0,1,0,0,1,1,1,0,7.75,2.0,31.02,0.01,6,0.5,1.72,15.51,2,4,2,4,0,N
15192,12,1,13,9,1,1,1,6,69.36,8.0,4439.07,0.18,110,0.13,246.61,554.88,50,60,25,8,19,N
17822,0,1,0,0,1,1,1,0,12.68,2.5,79.25,0.01,10,0.4,4.4,31.7,4,6,4,5,0,N
22037,9,3,0,4,2,2,1,9,11.98,7.5,673.94,0.03,23,0.13,37.44,89.86,10,13,6,9,9,N
16150,0,3,0,0,2,2,1,8,23.46,10.29,2485.24,0.08,52,0.1,138.07,241.48,19,33,12,13,8,N
16814,0,1,0,0,1,1,1,0,5.33,1.5,12.0,0.0,4,0.67,0.67,8.0,1,3,1,3,0,N
17460,0,1,0,0,1,1,1,2,7.71,3.5,94.5,0.01,9,0.29,5.25,27.0,1,8,1,7,2,N
15994,0,1,0,0,1,1,1,0,7.86,2.5,49.13,0.01,7,0.4,2.73,19.65,2,5,2,5,0,N
14728,11,19,1,0,14,14,1,85,112.27,25.03,70333.48,0.94,416,0.04,3907.42,2810.03,185,231,85,23,86,N
21013,11,3,0,0,2,2,1,11,22.86,9.75,2173.32,0.07,48,0.1,120.74,222.91,18,30,12,13,11,N
16302,0,1,0,0,1,1,1,0,16.5,2.0,66.0,0.01,11,0.5,3.67,33.0,4,7,4,4,0,N
19147,0,1,0,0,1,1,1,0,8.3,6.0,298.97,0.02,15,0.17,16.61,49.83,3,12,2,8,0,N
16915,0,1,0,0,1,1,1,0,7.74,1.5,17.41,0.0,5,0.67,0.97,11.61,2,3,2,3,0,N
16610,14,1,2,4,1,1,1,36,96.51,10.29,10209.86,0.33,192,0.1,567.21,992.63,72,120,28,8,38,N
18063,0,3,0,0,2,2,1,0,9.32,5.0,233.02,0.02,13,0.2,12.95,46.6,5,8,4,8,0,N
21568,0,3,0,0,2,1,1,4,11.52,3.75,161.94,0.01,13,0.27,9.0,43.19,5,8,4,6,4,N
22838,0,1,0,0,1,1,1,0,5.33,1.5,12.0,0.0,4,0.67,0.67,8.0,1,3,1,3,0,N
16613,14,1,2,4,1,1,1,36,96.51,10.29,10209.86,0.33,192,0.1,567.21,992.63,72,120,28,8,38,N
23273,0,1,0,0,1,1,1,0,0.0,0.0,0.0,0.0,1,0.0,0.0,0.0,0,1,0,1,0,N
15267,0,1,0,0,1,1,1,0,9.51,3.0,85.59,0.01,9,0.33,4.75,28.53,3,6,3,6,0,N
19789,0,1,0,0,1,1,1,0,7.75,2.0,31.02,0.01,6,0.5,1.72,15.51,2,4,2,4,0,N
17440,0,1,0,0,1,1,1,3,10.34,2.0,41.36,0.01,8,0.5,2.3,20.68,2,6,2,4,3,N
16530,0,1,0,0,1,1,1,0,5.33,1.5,12.0,0.0,4,0.67,0.67,8.0,1,3,1,3,0,N
16651,8,17,32,3,13,10,4,48,34.8,34.72,41961.57,0.4,212,0.03,2331.2,1208.49,75,137,27,25,80,N
15204,1,3,0,1,2,2,1,10,14.14,10.56,1577.39,0.05,34,0.09,87.63,149.34,13,21,8,13,10,N
23482,0,1,0,0,1,1,1,0,7.75,2.0,31.02,0.01,6,0.5,1.72,15.51,2,4,2,4,0,N
20697,0,1,0,0,1,1,1,0,9.29,1.5,20.9,0.0,6,0.67,1.16,13.93,2,4,2,3,0,N
22502,2,3,0,1,2,1,1,6,10.67,11.14,1325.35,0.04,28,0.09,73.63,118.94,13,15,7,12,6,N
16831,0,1,0,0,1,1,1,0,16.5,2.0,66.0,0.01,11,0.5,3.67,33.0,4,7,4,4,0,N
23538,0,1,2,1,1,1,1,2,21.67,1.8,70.2,0.01,13,0.56,3.9,39.0,6,7,5,3,4,N
23415,0,1,0,0,1,1,1,0,7.75,2.0,31.02,0.01,6,0.5,1.72,15.51,2,4,2,4,0,N
14631,0,1,0,0,1,1,1,2,6.2,2.5,38.77,0.01,6,0.4,2.15,15.51,1,5,1,5,2,N
14393,8,19,6,6,10,10,6,38,79.49,15.92,20158.99,0.42,221,0.06,1119.94,1265.87,98,123,40,13,44,N
17112,0,1,0,0,1,1,1,0,0.0,0.0,0.0,0.0,3,0.0,0.0,4.75,0,3,0,3,0,N
15444,0,1,0,0,1,1,1,0,0.0,0.0,0.0,0.0,3,0.0,0.0,4.75,0,3,0,3,0,N
17369,0,1,0,0,1,1,1,2,5.33,1.5,12.0,0.0,4,0.67,0.67,8.0,1,3,1,3,2,N
18147,0,1,0,0,1,1,1,0,9.0,3.0,81.0,0.01,9,0.33,4.5,27.0,2,7,2,6,0,N
22501,0,1,0,0,1,1,1,0,8.3,6.0,298.97,0.02,15,0.17,16.61,49.83,3,12,2,8,0,N
14980,0,1,0,0,1,1,1,2,7.74,1.5,17.41,0.0,5,0.67,0.97,11.61,2,3,2,3,2,N
22276,0,1,0,0,1,1,1,0,0.0,0.0,0.0,0.0,2,0.0,0.0,2.0,2,0,2,0,0,N
15506,0,1,0,0,1,1,1,0,5.33,1.5,12.0,0.0,4,0.67,0.67,8.0,1,3,1,3,0,N
18258,1,1,0,0,1,1,1,9,42.67,3.56,539.44,0.05,41,0.28,29.97,151.72,16,25,9,4,9,N
22477,0,1,0,0,1,1,1,0,9.31,2.5,58.16,0.01,9,0.4,3.23,23.26,1,8,1,5,0,N
20017,0,1,0,0,1,1,1,3,9.47,2.67,67.38,0.01,9,0.38,3.74,25.27,4,5,3,4,3,N
18488,0,1,0,0,1,1,1,3,9.51,3.0,85.59,0.01,9,0.33,4.75,28.53,3,6,3,6,3,N
22149,0,5,0,0,3,2,1,7,11.89,13.13,2048.55,0.05,35,0.08,113.81,156.08,15,20,8,14,7,N
20261,0,1,0,0,1,1,1,0,8.3,6.0,298.97,0.02,15,0.17,16.61,49.83,3,12,2,8,0,N
17232,0,1,0,0,1,1,1,0,7.74,1.5,17.41,0.0,5,0.67,0.97,11.61,2,3,2,3,0,N
22841,0,1,0,0,1,1,1,3,12.0,2.5,75.0,0.01,10,0.4,4.17,30.0,3,7,3,5,3,N
14999,1,3,2,0,2,1,1,2,8.72,4.0,139.48,0.01,11,0.25,7.75,34.87,4,7,3,6,4,N
21694,0,3,0,0,2,2,1,0,6.69,7.5,376.42,0.02,14,0.13,20.91,50.19,5,9,3,9,0,N
16543,0,1,0,0,1,1,1,0,4.75,1.0,4.75,0.0,3,1.0,0.26,4.75,1,2,1,2,0,N
22800,0,1,0,0,1,1,1,0,10.68,4.67,232.53,0.02,15,0.21,12.92,49.83,4,11,3,7,0,N
14088,0,1,0,0,1,1,1,0,0.0,0.0,0.0,0.0,0,0.0,0.0,0.0,0,0,0,0,0,N
14216,3,5,5,0,3,1,1,6,13.67,11.43,1786.01,0.05,40,0.09,99.22,156.28,20,20,7,8,11,N
22180,0,1,0,0,1,1,1,0,5.33,1.5,12.0,0.0,4,0.67,0.67,8.0,1,3,1,3,0,N
21824,0,3,0,0,2,2,1,0,6.69,7.5,376.42,0.02,14,0.13,20.91,50.19,5,9,3,9,0,N
16436,0,1,0,0,1,1,1,0,7.74,1.5,17.41,0.0,5,0.67,0.97,11.61,2,3,2,3,0,N
21769,0,1,0,0,1,1,1,3,12.0,2.5,75.0,0.01,10,0.4,4.17,30.0,3,7,3,5,3,N
21806,0,1,0,0,1,1,1,0,8.6,7.5,483.97,0.02,18,0.13,26.89,64.53,5,13,3,9,0,N
15234,42,1,38,75,1,1,1,5,142.01,9.77,13558.89,0.46,259,0.1,753.27,1387.61,114,145,35,6,43,N
19283,0,1,0,0,1,1,1,0,8.3,6.0,298.97,0.02,15,0.17,16.61,49.83,3,12,2,8,0,N
18129,0,1,0,0,1,1,1,0,7.75,2.0,31.02,0.01,6,0.5,1.72,15.51,2,4,2,4,0,N
21119,15,1,9,4,1,1,1,4,75.81,2.65,531.2,0.07,45,0.38,29.51,200.67,18,27,17,5,13,N
23180,0,1,0,0,1,1,1,2,5.33,1.5,12.0,0.0,4,0.67,0.67,8.0,1,3,1,3,2,N
15277,0,1,0,0,1,1,1,0,0.0,0.0,0.0,0.0,2,0.0,0.0,2.0,0,2,0,2,0,N
21738,0,1,0,0,1,1,1,0,7.75,2.0,31.02,0.01,6,0.5,1.72,15.51,2,4,2,4,0,N
15435,0,1,0,0,1,1,1,0,5.33,1.5,12.0,0.0,4,0.67,0.67,8.0,1,3,1,3,0,N
21355,1,1,0,0,1,1,1,7,24.54,6.75,1118.27,0.06,39,0.15,62.13,165.67,15,24,10,9,7,N
15285,0,1,0,0,1,1,1,0,7.74,1.5,17.41,0.0,5,0.67,0.97,11.61,2,3,2,3,0,N
15949,0,1,0,0,1,1,1,2,7.35,8.0,470.48,0.02,17,0.13,26.14,58.81,6,11,3,8,2,N
22440,2,3,1,0,2,1,1,7,5.6,7.5,315.0,0.01,14,0.13,17.5,42.0,5,9,2,6,8,N
20706,0,1,0,0,1,1,1,0,11.23,2.0,44.92,0.01,8,0.5,2.5,22.46,3,5,3,4,0,N
19784,0,3,0,0,2,1,1,0,7.75,2.0,31.02,0.01,6,0.5,1.72,15.51,2,4,2,4,0,N
15255,1,3,2,0,2,2,1,3,13.95,2.5,87.17,0.01,11,0.4,4.84,34.87,4,7,4,5,5,N
19520,0,1,0,0,1,1,1,0,0.0,0.0,0.0,0.0,0,0.0,0.0,0.0,0,0,0,0,0,N
20307,0,3,0,0,2,1,1,0,7.75,2.0,31.02,0.01,6,0.5,1.72,15.51,2,4,2,4,0,N
15243,0,1,0,0,1,1,1,2,12.68,2.5,79.25,0.01,10,0.4,4.4,31.7,4,6,4,5,2,N
14652,3,1,0,0,1,1,1,2,7.74,1.5,17.41,0.0,5,0.67,0.97,11.61,2,3,2,3,2,N
16255,0,1,0,0,1,1,1,0,9.51,3.0,85.59,0.01,9,0.33,4.75,28.53,3,6,3,6,0,N
18545,0,1,0,0,1,1,1,2,10.57,3.0,95.1,0.01,10,0.33,5.28,31.7,3,7,3,6,2,N
22162,0,1,0,0,1,1,1,0,0.0,0.0,0.0,0.0,0,0.0,0.0,0.0,0,0,0,0,0,N
18468,0,3,0,0,2,2,1,4,11.18,5.63,353.85,0.02,17,0.18,19.66,62.91,5,12,4,9,4,N
15906,0,1,0,0,1,1,1,0,6.89,3.0,62.04,0.01,8,0.33,3.45,20.68,3,5,2,4,0,N
21511,0,1,0,0,1,1,1,0,12.18,3.0,109.62,0.01,11,0.33,6.09,36.54,4,7,4,6,0,N
15898,0,1,0,0,1,1,1,0,0.0,0.0,0.0,0.0,3,0.0,0.0,4.75,0,3,0,3,0,N
22286,0,1,0,0,1,1,1,0,0.0,0.0,0.0,0.0,1,0.0,0.0,0.0,0,1,0,1,0,N
23500,1,1,0,4,1,1,1,4,21.67,1.8,70.2,0.01,13,0.56,3.9,39.0,6,7,5,3,4,N
15932,0,1,0,0,1,1,1,0,7.74,1.5,17.41,0.0,5,0.67,0.97,11.61,2,3,2,3,0,N
19355,0,3,0,0,2,2,1,4,21.5,7.15,1099.18,0.05,35,0.14,61.07,153.73,13,22,10,11,4,N
21030,7,3,4,3,2,2,1,12,32.72,12.8,5360.18,0.14,81,0.08,297.79,418.76,32,49,20,16,16,N
21861,3,1,0,0,1,1,1,2,7.75,2.0,31.02,0.01,6,0.5,1.72,15.51,2,4,2,4,2,N
17731,2,5,0,1,3,2,1,23,19.78,20.04,7940.87,0.13,80,0.05,441.16,396.34,33,47,14,17,23,N
16758,0,1,0,0,1,1,1,0,5.33,1.5,12.0,0.0,4,0.67,0.67,8.0,1,3,1,3,0,N
22975,0,1,2,0,1,1,1,2,21.67,1.8,70.2,0.01,13,0.56,3.9,39.0,6,7,5,3,4,N
21004,0,1,0,0,1,1,1,2,5.33,1.5,12.0,0.0,4,0.67,0.67,8.0,1,3,1,3,2,N
20626,0,1,0,0,1,1,1,3,9.51,3.0,85.59,0.01,9,0.33,4.75,28.53,3,6,3,6,3,N
20667,0,1,0,0,1,1,1,0,5.8,2.0,23.22,0.0,5,0.5,1.29,11.61,1,4,1,4,0,N
17194,20,23,3,48,12,5,6,50,20.4,43.71,38982.45,0.3,180,0.02,2165.69,891.76,72,108,14,17,53,N
14460,0,1,0,0,1,1,1,0,5.33,1.5,12.0,0.0,4,0.67,0.67,8.0,1,3,1,3,0,N
20985,0,3,0,0,2,2,1,6,25.86,9.27,2223.13,0.08,53,0.11,123.51,239.75,17,36,11,12,6,N
15105,0,1,1,0,1,1,1,1,7.74,1.5,17.41,0.0,5,0.67,0.97,11.61,2,3,2,3,2,N
21048,4,5,0,2,3,2,1,20,50.07,8.26,3417.03,0.14,82,0.12,189.83,413.64,38,44,23,10,20,N
16561,7,5,3,3,3,1,1,12,14.97,14.7,3235.15,0.07,48,0.07,179.73,220.08,21,27,10,14,15,N
18885,0,1,0,0,1,1,1,0,0.0,0.0,0.0,0.0,0,0.0,0.0,0.0,0,0,0,0,0,N
16359,0,1,0,0,1,1,1,0,5.33,1.5,12.0,0.0,4,0.67,0.67,8.0,1,3,1,3,0,N
17260,3,3,0,3,2,2,1,7,9.87,6.75,449.6,0.02,18,0.15,24.98,66.61,6,12,4,9,7,N
16702,0,1,0,0,1,1,1,3,13.2,2.5,82.5,0.01,11,0.4,4.58,33.0,5,6,4,4,3,N
18418,0,1,0,0,1,1,1,4,10.24,7.0,501.89,0.02,20,0.14,27.88,71.7,7,13,4,8,4,N
18264,12,25,6,6,13,9,3,88,40.25,78.0,244910.47,1.05,536,0.01,13606.14,3139.88,221,315,34,24,94,N
17131,0,3,0,0,2,1,1,0,0.0,0.0,0.0,0.0,0,0.0,0.0,0.0,0,0,0,0,0,N
21805,2,5,0,1,3,2,1,23,19.78,20.04,7940.87,0.13,80,0.05,441.16,396.34,33,47,14,17,23,N
18183,13,13,3,11,7,3,3,52,48.19,31.87,48957.02,0.51,259,0.03,2719.83,1536.06,113,146,39,22,55,N
15004,1,3,2,0,2,1,1,2,8.72,4.0,139.48,0.01,11,0.25,7.75,34.87,4,7,3,6,4,N
19410,0,1,0,0,1,1,1,0,8.3,6.0,298.97,0.02,15,0.17,16.61,49.83,3,12,2,8,0,N
14764,1,1,0,0,1,1,1,7,20.08,5.5,607.27,0.04,29,0.18,33.74,110.41,11,18,7,7,7,N
22020,0,1,0,0,1,1,1,2,6.2,2.5,38.77,0.01,6,0.4,2.15,15.51,1,5,1,5,2,N
15964,0,1,0,0,1,1,1,0,6.2,2.5,38.77,0.01,6,0.4,2.15,15.51,1,5,1,5,0,N
16341,0,1,0,0,1,1,1,0,5.33,1.5,12.0,0.0,4,0.67,0.67,8.0,1,3,1,3,0,N
22385,0,1,0,0,1,1,1,0,11.23,2.0,44.92,0.01,8,0.5,2.5,22.46,3,5,3,4,0,N
14902,0,1,0,0,1,1,1,2,7.74,1.5,17.41,0.0,5,0.67,0.97,11.61,2,3,2,3,2,N
17571,0,1,0,0,1,1,1,0,5.33,1.5,12.0,0.0,4,0.67,0.67,8.0,1,3,1,3,0,N
19798,0,1,0,0,1,1,1,2,5.33,1.5,12.0,0.0,4,0.67,0.67,8.0,1,3,1,3,2,N
16154,0,1,0,0,1,1,1,0,8.6,7.5,483.97,0.02,18,0.13,26.89,64.53,5,13,3,9,0,N
21829,0,3,0,0,2,2,1,0,9.32,5.0,233.02,0.02,13,0.2,12.95,46.6,5,8,4,8,0,N
23008,0,1,0,0,1,1,1,4,9.47,2.67,67.38,0.01,9,0.38,3.74,25.27,4,5,3,4,4,N
14117,8,9,13,4,5,3,1,19,29.26,19.96,11654.07,0.19,109,0.05,647.45,583.97,51,58,23,18,32,N
17174,3,5,6,7,3,1,1,7,18.89,8.44,1345.03,0.05,39,0.12,74.72,159.41,15,24,8,9,13,N
18012,7,13,0,7,7,4,6,27,54.92,12.35,8376.79,0.23,125,0.08,465.38,678.28,57,68,30,13,27,N
23014,0,3,0,0,2,2,1,4,11.99,6.67,533.03,0.03,21,0.15,29.61,79.95,10,11,6,8,4,N
17085,0,1,0,0,1,1,1,0,7.74,1.5,17.41,0.0,5,0.67,0.97,11.61,2,3,2,3,0,N
18214,14,7,0,23,4,4,1,41,28.38,51.4,74995.63,0.49,278,0.02,4166.42,1458.92,127,151,21,17,41,N
18135,0,1,0,0,1,1,1,3,12.0,2.5,75.0,0.01,10,0.4,4.17,30.0,3,7,3,5,3,N
14296,0,1,0,0,1,1,1,2,13.5,2.0,54.0,0.01,9,0.5,3.0,27.0,4,5,4,4,2,N
17038,0,1,0,0,1,1,1,0,7.74,1.5,17.41,0.0,5,0.67,0.97,11.61,2,3,2,3,0,N
18042,2,5,0,1,3,2,1,8,19.08,6.5,806.0,0.04,31,0.15,44.78,124.0,13,18,8,8,8,N
15260,0,1,0,0,1,1,1,0,0.0,0.0,0.0,0.0,1,0.0,0.0,0.0,0,1,0,1,0,N
20789,4,15,2,3,1,1,1,15,27.8,22.5,14073.95,0.21,116,0.04,781.89,625.51,45,71,21,21,17,N
14910,0,1,0,0,1,1,1,2,7.74,1.5,17.41,0.0,5,0.67,0.97,11.61,2,3,2,3,2,N
16401,8,9,4,10,5,1,1,28,132.18,6.24,5141.49,0.27,151,0.16,285.64,824.37,79,72,38,6,32,N
15756,0,1,0,0,1,1,1,0,5.33,1.5,12.0,0.0,4,0.67,0.67,8.0,1,3,1,3,0,N
22159,0,1,0,0,1,1,1,0,0.0,0.0,0.0,0.0,0,0.0,0.0,0.0,0,0,0,0,0,N
17132,0,3,0,0,2,1,1,0,0.0,0.0,0.0,0.0,0,0.0,0.0,0.0,0,0,0,0,0,N
17455,0,1,0,0,1,1,1,2,8.15,3.5,99.85,0.01,9,0.29,5.55,28.53,2,7,2,7,2,N
23442,0,1,0,0,1,1,1,0,7.75,2.0,31.02,0.01,6,0.5,1.72,15.51,2,4,2,4,0,N
21755,0,1,0,0,1,1,1,0,7.74,1.5,17.41,0.0,5,0.67,0.97,11.61,2,3,2,3,0,N
14136,2,1,0,3,1,1,1,7,20.08,5.5,607.27,0.04,29,0.18,33.74,110.41,11,18,7,7,7,N
17165,4,7,1,8,4,1,1,23,25.56,20.0,10223.25,0.17,113,0.05,567.96,511.16,52,61,13,10,24,N
14690,3,1,1,0,1,1,1,2,16.84,1.5,37.9,0.01,9,0.67,2.11,25.27,4,5,4,3,3,N
20293,0,1,0,0,1,1,1,0,7.75,2.0,31.02,0.01,6,0.5,1.72,15.51,2,4,2,4,0,N
20897,37,9,22,28,5,1,1,107,60.81,116.23,821531.72,2.36,1178,0.01,45640.65,7068.0,476,702,43,21,129,N
23279,0,1,0,0,1,1,1,0,7.74,1.5,17.41,0.0,5,0.67,0.97,11.61,2,3,2,3,0,N
17575,1,3,0,0,2,2,1,4,9.08,5.33,258.3,0.02,14,0.19,14.35,48.43,4,10,3,8,4,N
14300,0,1,0,0,1,1,1,0,7.75,2.0,31.02,0.01,6,0.5,1.72,15.51,2,4,2,4,0,N
23465,0,3,0,0,2,2,1,5,15.36,3.5,188.21,0.02,15,0.29,10.46,53.77,5,10,5,7,5,N
19628,0,1,0,0,1,1,1,0,5.33,1.5,12.0,0.0,4,0.67,0.67,8.0,1,3,1,3,0,N
21734,0,1,0,0,1,1,1,0,7.75,2.0,31.02,0.01,6,0.5,1.72,15.51,2,4,2,4,0,N
21565,0,1,0,0,1,1,1,2,6.2,2.5,38.77,0.01,6,0.4,2.15,15.51,1,5,1,5,2,N
20852,3,13,0,10,8,7,1,30,24.11,30.69,22712.31,0.25,148,0.03,1261.79,740.0,42,106,13,19,30,N
17268,0,1,0,0,1,1,1,1,0.0,0.0,0.0,0.0,1,0.0,0.0,0.0,0,1,0,1,1,N
17324,0,1,0,0,1,1,1,0,7.33,4.5,148.5,0.01,11,0.22,8.25,33.0,3,8,2,6,0,N
21254,0,1,0,0,1,1,1,2,11.39,3.5,139.52,0.01,12,0.29,7.75,39.86,3,9,3,7,2,N
23461,15,3,0,1,1,1,1,44,68.1,16.55,18643.53,0.38,204,0.06,1035.75,1126.81,84,120,33,13,44,N
15042,1,1,2,0,1,1,1,1,11.23,2.0,44.92,0.01,8,0.5,2.5,22.46,3,5,3,4,3,N
15878,0,1,0,0,1,1,1,0,5.33,1.5,12.0,0.0,4,0.67,0.67,8.0,1,3,1,3,0,N
16520,0,1,0,0,1,1,1,0,5.33,1.5,12.0,0.0,4,0.67,0.67,8.0,1,3,1,3,0,N
17807,0,1,0,0,1,1,1,0,0.0,0.0,0.0,0.0,1,0.0,0.0,0.0,0,1,0,1,0,N
14998,1,3,2,0,2,1,1,2,8.72,4.0,139.48,0.01,11,0.25,7.75,34.87,4,7,3,6,4,N
17757,0,1,0,0,1,1,1,2,13.5,2.0,54.0,0.01,9,0.5,3.0,27.0,4,5,4,4,2,N
19803,0,1,0,0,1,1,1,2,8.98,2.5,56.15,0.01,8,0.4,3.12,22.46,2,6,2,5,2,N
18595,0,1,0,0,1,1,1,0,0.0,0.0,0.0,0.0,0,0.0,0.0,0.0,0,0,0,0,0,N
19796,0,1,0,0,1,1,1,0,5.33,1.5,12.0,0.0,4,0.67,0.67,8.0,1,3,1,3,0,N
21782,0,1,0,0,1,1,1,0,8.3,6.0,298.97,0.02,15,0.17,16.61,49.83,3,12,2,8,0,N
19069,0,5,1,0,3,3,1,11,28.47,5.6,892.7,0.05,39,0.18,49.59,159.41,16,23,10,7,12,N
16924,0,1,0,0,1,1,1,0,0.0,0.0,0.0,0.0,1,0.0,0.0,0.0,0,1,0,1,0,N
19058,0,1,0,0,1,1,1,0,9.51,3.0,85.59,0.01,9,0.33,4.75,28.53,3,6,3,6,0,N
19237,1,5,0,0,3,3,1,13,17.24,7.5,969.51,0.04,31,0.13,53.86,129.27,12,19,8,10,13,N
15933,0,1,0,0,1,1,1,0,6.89,3.0,62.04,0.01,8,0.33,3.45,20.68,3,5,2,4,0,N
22530,0,1,0,0,1,1,1,2,8.98,2.5,56.15,0.01,8,0.4,3.12,22.46,2,6,2,5,2,N
22459,0,1,0,0,1,1,1,0,7.86,2.5,49.13,0.01,7,0.4,2.73,19.65,2,5,2,5,0,N
21008,0,1,0,0,1,1,1,2,6.53,9.0,529.29,0.02,17,0.11,29.41,58.81,4,13,2,9,2,N
14448,0,1,0,0,1,1,1,0,8.3,6.0,298.97,0.02,15,0.17,16.61,49.83,3,12,2,8,0,N
22166,0,1,0,0,1,1,1,0,0.0,0.0,0.0,0.0,1,0.0,0.0,0.0,0,1,0,1,0,N
14325,7,17,2,5,9,5,1,36,73.86,15.67,18129.3,0.39,203,0.06,1007.18,1157.19,94,109,39,13,38,N
21795,0,1,0,0,1,1,1,4,10.24,7.0,501.89,0.02,20,0.14,27.88,71.7,7,13,4,8,4,N
21090,0,1,0,0,1,1,1,0,0.0,0.0,0.0,0.0,0,0.0,0.0,0.0,0,0,0,0,0,N
17699,0,1,0,0,1,1,1,2,8.98,2.5,56.15,0.01,8,0.4,3.12,22.46,2,6,2,5,2,N
15862,0,1,0,0,1,1,1,0,7.75,2.0,31.02,0.01,6,0.5,1.72,15.51,2,4,2,4,0,N
21535,0,1,0,0,1,1,1,0,5.8,2.0,23.22,0.0,5,0.5,1.29,11.61,1,4,1,4,0,N
16132,0,1,0,0,1,1,1,0,7.74,1.5,17.41,0.0,5,0.67,0.97,11.61,2,3,2,3,0,N
19737,0,1,0,0,1,1,1,0,10.68,4.67,232.53,0.02,15,0.21,12.92,49.83,4,11,3,7,0,N
17120,0,1,0,0,1,1,1,0,7.74,1.5,17.41,0.0,5,0.67,0.97,11.61,2,3,2,3,0,N
20520,2,5,0,1,3,2,1,23,19.78,20.04,7940.87,0.13,80,0.05,441.16,396.34,33,47,14,17,23,N
18086,0,3,0,0,2,2,1,4,11.18,5.63,353.85,0.02,17,0.18,19.66,62.91,5,12,4,9,4,N
22106,0,1,0,0,1,1,1,2,7.74,1.5,17.41,0.0,5,0.67,0.97,11.61,2,3,2,3,2,N
15975,0,1,0,0,1,1,1,0,5.33,1.5,12.0,0.0,4,0.67,0.67,8.0,1,3,1,3,0,N
16823,0,1,0,0,1,1,1,0,0.0,0.0,0.0,0.0,1,0.0,0.0,0.0,0,1,0,1,0,N
17407,1,9,0,0,5,3,3,12,17.46,16.55,4779.2,0.1,63,0.06,265.51,288.85,28,35,11,13,12,N
16192,0,1,0,0,1,1,1,0,0.0,0.0,0.0,0.0,0,0.0,0.0,0.0,0,0,0,0,0,N
22070,2,3,5,0,2,2,1,5,13.96,6.0,502.57,0.03,22,0.17,27.92,83.76,9,13,6,8,10,N
19024,0,1,0,0,1,1,1,0,7.75,2.0,31.02,0.01,6,0.5,1.72,15.51,2,4,2,4,0,N
18067,2,7,0,0,4,2,3,11,12.35,16.0,3162.47,0.07,45,0.06,175.69,197.65,16,29,7,14,11,N
21393,2,1,0,0,1,1,1,10,26.44,10.58,2958.18,0.09,61,0.09,164.34,279.68,25,36,13,11,10,N
21652,0,1,0,0,1,1,1,0,7.75,2.0,31.02,0.01,6,0.5,1.72,15.51,2,4,2,4,0,N
16762,0,1,0,0,1,1,1,0,7.74,1.5,17.41,0.0,5,0.67,0.97,11.61,2,3,2,3,0,N
20528,1,5,0,0,3,3,1,13,17.24,7.5,969.51,0.04,31,0.13,53.86,129.27,12,19,8,10,13,N
18788,1,3,0,0,2,1,1,11,15.95,8.57,1172.07,0.05,35,0.12,65.11,136.74,15,20,7,8,11,N
15996,0,1,0,0,1,1,1,0,7.74,1.5,17.41,0.0,5,0.67,0.97,11.61,2,3,2,3,0,N
20221,0,1,0,0,1,1,1,0,0.0,0.0,0.0,0.0,0,0.0,0.0,0.0,0,0,0,0,0,N
17844,0,1,0,0,1,1,1,9,16.05,10.31,1708.46,0.06,39,0.1,94.91,165.67,15,24,8,11,9,N
14148,0,1,1,0,1,1,1,1,9.83,2.0,39.3,0.01,7,0.5,2.18,19.65,3,4,3,4,2,N
16418,0,1,0,0,1,1,1,0,5.33,1.5,12.0,0.0,4,0.67,0.67,8.0,1,3,1,3,0,N
16424,0,1,0,0,1,1,1,0,7.74,1.5,17.41,0.0,5,0.67,0.97,11.61,2,3,2,3,0,N
20572,0,1,0,0,1,1,1,0,0.0,0.0,0.0,0.0,1,0.0,0.0,0.0,0,1,0,1,0,N
14503,0,3,0,0,2,1,1,0,7.75,2.0,31.02,0.01,6,0.5,1.72,15.51,2,4,2,4,0,N
19591,0,1,0,0,1,1,1,0,5.33,1.5,12.0,0.0,4,0.67,0.67,8.0,1,3,1,3,0,N
18911,0,1,0,0,1,1,1,0,7.75,2.0,31.02,0.01,6,0.5,1.72,15.51,2,4,2,4,0,N
15025,0,1,1,0,1,1,1,1,7.74,1.5,17.41,0.0,5,0.67,0.97,11.61,2,3,2,3,2,N
20055,3,3,6,0,2,1,1,3,20.56,7.56,1173.56,0.05,38,0.13,65.2,155.32,17,21,9,8,9,N
22970,0,1,2,0,1,1,1,2,21.67,1.8,70.2,0.01,13,0.56,3.9,39.0,6,7,5,3,4,N
18547,0,1,0,0,1,1,1,4,10.24,7.0,501.89,0.02,20,0.14,27.88,71.7,7,13,4,8,4,N
22980,0,1,0,4,1,1,1,7,22.64,7.0,1109.2,0.05,38,0.14,61.62,158.46,14,24,9,9,7,N
21309,0,1,0,0,1,1,1,9,23.11,12.0,3327.91,0.09,59,0.08,184.88,277.33,24,35,13,13,9,N
21440,0,1,0,0,1,1,1,3,11.23,2.0,44.92,0.01,8,0.5,2.5,22.46,3,5,3,4,3,N
15626,0,1,0,0,1,1,1,0,5.33,1.5,12.0,0.0,4,0.67,0.67,8.0,1,3,1,3,0,N
20859,1,5,1,0,3,1,1,15,20.67,11.5,2733.62,0.08,55,0.09,151.87,237.71,23,32,10,10,16,N
14313,2,1,0,1,1,1,1,1,0.0,0.0,0.0,0.0,1,0.0,0.0,0.0,0,1,0,1,1,N
14856,1,1,0,0,1,1,1,2,7.74,1.5,17.41,0.0,5,0.67,0.97,11.61,2,3,2,3,2,N
15427,0,1,0,0,1,1,1,0,5.33,1.5,12.0,0.0,4,0.67,0.67,8.0,1,3,1,3,0,N
17139,0,3,0,0,2,1,1,0,0.0,0.0,0.0,0.0,0,0.0,0.0,0.0,0,0,0,0,0,N
19132,0,1,0,0,1,1,1,0,0.0,0.0,0.0,0.0,0,0.0,0.0,0.0,0,0,0,0,0,N
15050,0,1,1,0,1,1,1,1,7.74,1.5,17.41,0.0,5,0.67,0.97,11.61,2,3,2,3,2,N
14882,1,1,0,0,1,1,1,2,7.74,1.5,17.41,0.0,5,0.67,0.97,11.61,2,3,2,3,2,N
16241,0,1,0,0,1,1,1,0,6.55,3.0,58.95,0.01,7,0.33,3.28,19.65,1,6,1,6,0,N
18823,4,3,0,0,1,1,1,3,13.29,3.0,119.59,0.01,12,0.33,6.64,39.86,4,8,4,6,3,N
20001,0,1,0,0,1,1,1,0,5.33,1.5,12.0,0.0,4,0.67,0.67,8.0,1,3,1,3,0,N
15672,0,1,0,0,1,1,1,0,5.33,1.5,12.0,0.0,4,0.67,0.67,8.0,1,3,1,3,0,N
17014,0,1,0,0,1,1,1,0,5.33,1.5,12.0,0.0,4,0.67,0.67,8.0,1,3,1,3,0,N
15544,0,1,0,0,1,1,1,2,7.81,9.0,632.78,0.02,19,0.11,35.15,70.31,8,11,4,9,2,N
20100,2,13,1,8,7,6,6,54,25.11,40.0,40181.42,0.33,184,0.03,2232.3,1004.54,80,104,22,22,55,N
16623,14,1,2,4,1,1,1,36,96.51,10.29,10209.86,0.33,192,0.1,567.21,992.63,72,120,28,8,38,N
22901,0,1,0,0,1,1,1,4,22.31,4.95,546.71,0.04,26,0.2,30.37,110.45,11,15,10,9,4,N
14757,4,1,4,3,1,1,1,11,43.82,7.31,2343.12,0.11,69,0.14,130.16,320.43,26,43,16,9,15,N
19632,0,1,0,0,1,1,1,0,5.33,1.5,12.0,0.0,4,0.67,0.67,8.0,1,3,1,3,0,N
22756,7,3,0,6,2,2,1,16,23.0,9.5,2075.87,0.07,49,0.11,115.33,218.51,19,30,11,11,16,N
15693,1,5,0,3,3,3,1,19,19.07,10.91,2270.01,0.07,46,0.09,126.11,208.08,20,26,11,12,19,N
18633,0,1,0,0,1,1,1,0,7.75,2.0,31.02,0.01,6,0.5,1.72,15.51,2,4,2,4,0,N
15555,0,1,0,0,1,1,1,0,5.33,1.5,12.0,0.0,4,0.67,0.67,8.0,1,3,1,3,0,N
16219,0,1,0,0,1,1,1,0,8.3,6.0,298.97,0.02,15,0.17,16.61,49.83,3,12,2,8,0,N
15874,0,1,0,0,1,1,1,0,7.75,2.0,31.02,0.01,6,0.5,1.72,15.51,2,4,2,4,0,N
19573,0,1,0,0,1,1,1,0,0.0,0.0,0.0,0.0,1,0.0,0.0,0.0,0,1,0,1,0,N
16168,0,3,0,0,2,2,1,0,7.86,2.5,49.13,0.01,7,0.4,2.73,19.65,2,5,2,5,0,N
22366,0,1,0,0,1,1,1,2,8.82,6.67,392.07,0.02,17,0.15,21.78,58.81,5,12,3,8,2,N
18724,6,31,0,13,16,13,1,109,37.46,86.64,281205.63,1.08,564,0.01,15622.54,3245.76,201,363,29,25,109,N
15430,0,1,0,0,1,1,1,0,5.33,1.5,12.0,0.0,4,0.67,0.67,8.0,1,3,1,3,0,N
23514,4,1,5,5,1,1,1,3,24.91,5.33,708.45,0.04,34,0.19,39.36,132.83,16,18,9,6,8,N
20343,0,1,0,0,1,1,1,2,5.33,1.5,12.0,0.0,4,0.67,0.67,8.0,1,3,1,3,2,N
18512,0,3,0,0,2,1,1,0,7.75,2.0,31.02,0.01,6,0.5,1.72,15.51,2,4,2,4,0,N
18674,0,1,0,0,1,1,1,0,5.33,1.5,12.0,0.0,4,0.67,0.67,8.0,1,3,1,3,0,N
14678,0,1,0,0,1,1,1,2,3.48,4.0,55.73,0.0,6,0.25,3.1,13.93,2,4,1,4,2,N
20500,0,1,0,0,1,1,1,3,11.23,2.0,44.92,0.01,8,0.5,2.5,22.46,3,5,3,4,3,N
20890,24,5,24,8,3,1,1,50,62.73,51.81,168419.65,1.08,582,0.02,9356.65,3250.45,279,303,35,13,74,N
21346,0,1,0,0,1,1,1,8,33.01,8.25,2246.67,0.09,62,0.12,124.82,272.32,22,40,12,9,8,N
22368,0,1,0,0,1,1,1,0,7.86,2.5,49.13,0.01,7,0.4,2.73,19.65,2,5,2,5,0,N
20796,1,1,0,2,1,1,1,3,14.24,3.5,174.4,0.02,15,0.29,9.69,49.83,7,8,5,5,3,N
15682,0,1,0,0,1,1,1,0,7.74,1.5,17.41,0.0,5,0.67,0.97,11.61,2,3,2,3,0,N
17169,3,5,6,7,3,1,1,7,18.89,8.44,1345.03,0.05,39,0.12,74.72,159.41,15,24,8,9,13,N
16488,7,17,0,7,9,8,1,36,40.47,20.0,16189.25,0.27,142,0.05,899.4,809.46,64,78,32,20,36,N
16090,0,1,0,0,1,1,1,0,7.74,1.5,17.41,0.0,5,0.67,0.97,11.61,2,3,2,3,0,N
19417,0,3,0,0,2,2,1,9,10.0,4.5,202.5,0.02,15,0.22,11.25,45.0,3,12,2,6,9,N
23351,0,3,0,0,2,2,1,4,11.18,5.63,353.85,0.02,17,0.18,19.66,62.91,5,12,4,9,4,N
17319,0,1,0,0,1,1,1,0,0.0,0.0,0.0,0.0,0,0.0,0.0,0.0,0,0,0,0,0,N
14197,7,1,5,6,1,1,1,14,46.18,8.5,3336.69,0.13,80,0.12,185.37,392.55,34,46,20,10,19,N
21639,0,1,0,0,1,1,1,0,12.18,3.0,109.62,0.01,11,0.33,6.09,36.54,4,7,4,6,0,N
19629,0,3,0,0,2,1,1,4,11.52,3.75,161.94,0.01,13,0.27,9.0,43.19,5,8,4,6,4,N
20693,0,1,0,0,1,1,1,0,7.75,2.0,31.02,0.01,6,0.5,1.72,15.51,2,4,2,4,0,N
22969,0,1,2,0,1,1,1,2,21.67,1.8,70.2,0.01,13,0.56,3.9,39.0,6,7,5,3,4,N
17414,0,1,0,0,1,1,1,0,7.86,2.5,49.13,0.01,7,0.4,2.73,19.65,2,5,2,5,0,N
14671,1,3,3,0,2,2,1,3,8.96,8.0,573.59,0.02,20,0.13,31.87,71.7,8,12,4,8,6,N
16196,0,3,0,0,2,1,1,0,0.0,0.0,0.0,0.0,0,0.0,0.0,0.0,0,0,0,0,0,N
22540,0,1,0,0,1,1,1,0,8.3,6.0,298.97,0.02,15,0.17,16.61,49.83,3,12,2,8,0,N
20489,0,1,0,0,1,1,1,2,9.97,4.0,159.45,0.01,12,0.25,8.86,39.86,2,10,2,8,2,N
21732,0,1,0,0,1,1,1,0,7.75,2.0,31.02,0.01,6,0.5,1.72,15.51,2,4,2,4,0,N
23217,0,1,0,0,1,1,1,0,7.74,1.5,17.41,0.0,5,0.67,0.97,11.61,2,3,2,3,0,N
16270,0,1,0,0,1,1,1,0,5.33,1.5,12.0,0.0,4,0.67,0.67,8.0,1,3,1,3,0,N
18124,0,1,0,0,1,1,1,0,12.18,3.0,109.62,0.01,11,0.33,6.09,36.54,4,7,4,6,0,N
19450,0,1,0,0,1,1,1,2,5.33,1.5,12.0,0.0,4,0.67,0.67,8.0,1,3,1,3,2,N
17435,0,5,0,0,3,2,1,7,11.89,13.13,2048.55,0.05,35,0.08,113.81,156.08,15,20,8,14,7,N
21656,0,1,0,0,1,1,1,2,5.33,1.5,12.0,0.0,4,0.67,0.67,8.0,1,3,1,3,2,N
14798,0,1,0,0,1,1,1,2,7.74,1.5,17.41,0.0,5,0.67,0.97,11.61,2,3,2,3,2,N
18447,0,1,0,0,1,1,1,0,6.2,2.5,38.77,0.01,6,0.4,2.15,15.51,1,5,1,5,0,N
15051,1,3,2,0,2,2,1,5,15.23,5.0,380.74,0.03,20,0.2,21.15,76.15,10,10,7,7,7,N
14881,1,1,0,0,1,1,1,2,7.74,1.5,17.41,0.0,5,0.67,0.97,11.61,2,3,2,3,2,N
22370,0,1,0,0,1,1,1,0,7.75,2.0,31.02,0.01,6,0.5,1.72,15.51,2,4,2,4,0,N
22933,1,5,4,1,3,2,1,6,20.54,4.38,393.13,0.03,23,0.23,21.84,89.86,10,13,8,7,10,N
19342,0,1,0,0,1,1,1,0,18.0,1.5,40.5,0.01,9,0.67,2.25,27.0,5,4,5,3,0,N
22617,0,1,0,0,1,1,1,0,0.0,0.0,0.0,0.0,0,0.0,0.0,0.0,0,0,0,0,0,N
18035,6,11,0,6,6,4,6,23,39.72,13.8,7564.59,0.18,103,0.07,420.25,548.16,46,57,25,15,23,N
23447,0,1,0,0,1,1,1,0,7.74,1.5,17.41,0.0,5,0.67,0.97,11.61,2,3,2,3,0,N
18423,2,5,0,1,3,2,1,23,19.78,20.04,7940.87,0.13,80,0.05,441.16,396.34,33,47,14,17,23,N
15308,0,1,0,0,1,1,1,0,5.33,1.5,12.0,0.0,4,0.67,0.67,8.0,1,3,1,3,0,N
15298,0,1,0,0,1,1,1,0,7.74,1.5,17.41,0.0,5,0.67,0.97,11.61,2,3,2,3,0,N
21148,3,1,0,3,1,1,1,2,0.0,0.0,0.0,0.0,3,0.0,0.0,4.75,0,3,0,3,2,N
22338,0,1,0,0,1,1,1,0,8.3,6.0,298.97,0.02,15,0.17,16.61,49.83,3,12,2,8,0,N
18589,0,1,0,0,1,1,1,0,11.86,3.5,145.3,0.01,12,0.29,8.07,41.51,4,8,4,7,0,N
23061,0,1,0,0,1,1,1,0,10.68,4.67,232.53,0.02,15,0.21,12.92,49.83,4,11,3,7,0,N
17290,0,3,0,0,2,2,1,0,9.32,5.0,233.02,0.02,13,0.2,12.95,46.6,5,8,4,8,0,N
14360,4,7,0,1,4,3,1,13,26.06,9.58,2393.23,0.08,56,0.1,132.96,249.73,23,33,12,10,13,N
18527,0,1,0,0,1,1,1,0,6.55,3.0,58.95,0.01,7,0.33,3.28,19.65,1,6,1,6,0,N
17039,0,1,0,0,1,1,1,0,7.74,1.5,17.41,0.0,5,0.67,0.97,11.61,2,3,2,3,0,N
17237,0,1,0,0,1,1,1,0,5.33,1.5,12.0,0.0,4,0.67,0.67,8.0,1,3,1,3,0,N
23179,0,1,0,0,1,1,1,2,5.33,1.5,12.0,0.0,4,0.67,0.67,8.0,1,3,1,3,2,N
21525,0,3,0,0,2,2,1,5,15.36,3.5,188.21,0.02,15,0.29,10.46,53.77,5,10,5,7,5,N
15730,0,1,0,0,1,1,1,0,5.33,1.5,12.0,0.0,4,0.67,0.67,8.0,1,3,1,3,0,N
16048,0,1,0,0,1,1,1,0,5.33,1.5,12.0,0.0,4,0.67,0.67,8.0,1,3,1,3,0,N
16470,0,5,0,0,3,2,1,9,8.55,13.0,1444.74,0.04,31,0.08,80.26,111.13,13,18,4,8,9,N
14525,0,1,0,0,1,1,1,0,5.33,1.5,12.0,0.0,4,0.67,0.67,8.0,1,3,1,3,0,N
21203,2,1,0,0,1,1,1,3,7.74,1.5,17.41,0.0,5,0.67,0.97,11.61,2,3,2,3,3,N
23375,0,1,0,0,1,1,1,0,7.74,1.5,17.41,0.0,5,0.67,0.97,11.61,2,3,2,3,0,N
14495,0,1,0,0,1,1,1,0,7.74,1.5,17.41,0.0,5,0.67,0.97,11.61,2,3,2,3,0,N
23325,0,1,0,0,1,1,1,0,6.55,3.0,58.95,0.01,7,0.33,3.28,19.65,1,6,1,6,0,N
14730,10,30,8,0,21,13,1,118,130.41,35.76,166740.62,1.55,656,0.03,9263.37,4663.19,294,362,111,27,126,N
17374,0,1,0,0,1,1,1,0,5.33,1.5,12.0,0.0,4,0.67,0.67,8.0,1,3,1,3,0,N
22031,0,1,0,0,1,1,1,2,5.33,1.5,12.0,0.0,4,0.67,0.67,8.0,1,3,1,3,2,N
16918,0,1,0,0,1,1,1,2,5.33,1.5,12.0,0.0,4,0.67,0.67,8.0,1,3,1,3,2,N
19412,0,1,0,0,1,1,1,0,8.3,6.0,298.97,0.02,15,0.17,16.61,49.83,3,12,2,8,0,N
22845,0,1,0,0,1,1,1,2,8.98,2.5,56.15,0.01,8,0.4,3.12,22.46,2,6,2,5,2,N
15074,1,9,4,0,5,1,1,6,12.24,9.33,1066.06,0.04,30,0.11,59.23,114.22,14,16,6,8,10,N
16491,5,11,0,5,1,1,1,25,32.32,12.94,5412.52,0.14,87,0.08,300.7,418.24,40,47,17,11,25,N
20712,0,1,0,0,1,1,1,0,7.74,1.5,17.41,0.0,5,0.67,0.97,11.61,2,3,2,3,0,N
18762,1,1,0,0,1,1,1,5,16.51,4.8,380.39,0.03,25,0.21,21.13,79.25,12,13,5,4,5,N
17920,0,1,0,0,1,1,1,0,7.86,2.5,49.13,0.01,7,0.4,2.73,19.65,2,5,2,5,0,N
21583,0,1,0,0,1,1,1,4,9.47,2.67,67.38,0.01,9,0.38,3.74,25.27,4,5,3,4,4,N
15653,0,1,0,0,1,1,1,0,5.33,1.5,12.0,0.0,4,0.67,0.67,8.0,1,3,1,3,0,N
18514,0,1,0,0,1,1,1,0,7.75,2.0,31.02,0.01,6,0.5,1.72,15.51,2,4,2,4,0,N
16279,0,1,0,0,1,1,1,0,0.0,0.0,0.0,0.0,1,0.0,0.0,0.0,0,1,0,1,0,N
19290,0,1,0,0,1,1,1,0,7.74,1.5,17.41,0.0,5,0.67,0.97,11.61,2,3,2,3,0,N
14830,1,1,0,0,1,1,1,2,7.74,1.5,17.41,0.0,5,0.67,0.97,11.61,2,3,2,3,2,N
16357,0,1,0,0,1,1,1,0,5.33,1.5,12.0,0.0,4,0.67,0.67,8.0,1,3,1,3,0,N
21356,1,1,0,0,1,1,1,7,24.54,6.75,1118.27,0.06,39,0.15,62.13,165.67,15,24,10,9,7,N
18555,1,3,0,2,2,2,1,12,14.73,8.94,1176.94,0.04,31,0.11,65.39,131.69,13,18,8,11,12,N
14880,1,1,0,0,1,1,1,2,7.74,1.5,17.41,0.0,5,0.67,0.97,11.61,2,3,2,3,2,N
19336,0,1,0,0,1,1,1,0,9.51,3.0,85.59,0.01,9,0.33,4.75,28.53,3,6,3,6,0,N
16029,0,1,0,0,1,1,1,0,5.33,1.5,12.0,0.0,4,0.67,0.67,8.0,1,3,1,3,0,N
16518,0,1,0,0,1,1,1,0,5.33,1.5,12.0,0.0,4,0.67,0.67,8.0,1,3,1,3,0,N
19287,0,3,0,0,2,2,1,4,10.88,5.6,341.29,0.02,17,0.18,18.96,60.94,8,9,5,7,4,N
21316,19,49,4,26,34,28,4,214,94.84,75.8,544985.68,2.4,946,0.01,30276.98,7189.52,414,532,142,52,218,N
21614,0,1,0,0,1,1,1,0,6.2,2.5,38.77,0.01,6,0.4,2.15,15.51,1,5,1,5,0,N
16475,0,1,0,0,1,1,1,2,7.74,1.5,17.41,0.0,5,0.67,0.97,11.61,2,3,2,3,2,N
15146,0,1,0,0,1,1,1,7,20.76,4.0,332.19,0.03,25,0.25,18.46,83.05,12,13,6,4,7,N
19894,0,1,0,0,1,1,1,0,9.31,2.5,58.16,0.01,9,0.4,3.23,23.26,1,8,1,5,0,N
22947,10,1,0,9,1,1,1,7,44.77,2.18,213.1,0.03,25,0.46,11.84,97.67,12,13,11,4,7,N
16164,0,1,0,0,1,1,1,0,7.86,2.5,49.13,0.01,7,0.4,2.73,19.65,2,5,2,5,0,N
20468,0,1,0,0,1,1,1,3,12.0,2.5,75.0,0.01,10,0.4,4.17,30.0,3,7,3,5,3,N
20149,0,1,0,0,1,1,1,0,7.75,2.0,31.02,0.01,6,0.5,1.72,15.51,2,4,2,4,0,N
20501,0,1,0,0,1,1,1,3,11.23,2.0,44.92,0.01,8,0.5,2.5,22.46,3,5,3,4,3,N
20656,0,1,0,0,1,1,1,0,5.8,2.0,23.22,0.0,5,0.5,1.29,11.61,1,4,1,4,0,N
18266,2,3,0,1,2,2,1,9,12.73,6.75,580.17,0.03,22,0.15,32.22,85.95,9,13,6,9,9,N
20143,0,1,0,0,1,1,1,0,0.0,0.0,0.0,0.0,1,0.0,0.0,0.0,0,1,0,1,0,N
15076,0,1,0,0,1,1,1,1,0.0,0.0,0.0,0.0,1,0.0,0.0,0.0,0,1,0,1,1,N
19899,0,3,0,0,2,2,1,4,11.18,5.63,353.85,0.02,17,0.18,19.66,62.91,5,12,4,9,4,N
18783,0,1,0,1,1,1,1,6,16.37,6.0,589.61,0.03,31,0.17,32.75,98.27,15,16,5,4,6,N
18789,0,3,0,0,2,1,1,4,11.52,3.75,161.94,0.01,13,0.27,9.0,43.19,5,8,4,6,4,N
15558,0,1,0,0,1,1,1,0,5.33,1.5,12.0,0.0,4,0.67,0.67,8.0,1,3,1,3,0,N
15484,0,1,0,0,1,1,1,0,7.74,1.5,17.41,0.0,5,0.67,0.97,11.61,2,3,2,3,0,N
22200,0,1,0,0,1,1,1,0,12.18,3.0,109.62,0.01,11,0.33,6.09,36.54,4,7,4,6,0,N
14782,1,1,0,0,1,1,1,2,7.74,1.5,17.41,0.0,5,0.67,0.97,11.61,2,3,2,3,2,N
21215,1,3,0,0,2,2,1,11,37.46,4.85,879.68,0.06,42,0.21,48.87,181.52,18,24,13,7,11,N
20734,0,1,1,0,1,1,1,1,7.75,2.0,31.02,0.01,6,0.5,1.72,15.51,2,4,2,4,2,N
17149,4,7,1,8,4,1,1,23,23.26,21.67,10918.18,0.17,113,0.05,606.57,503.92,52,61,12,10,24,N
19317,0,1,0,0,1,1,1,2,8.98,2.5,56.15,0.01,8,0.4,3.12,22.46,2,6,2,5,2,N
18174,2,1,0,3,1,1,1,12,17.29,18.0,5601.22,0.1,72,0.06,311.18,311.18,24,48,8,12,12,N
21887,0,1,0,0,1,1,1,0,0.0,0.0,0.0,0.0,0,0.0,0.0,0.0,0,0,0,0,0,N
16795,0,1,0,0,1,1,1,0,7.74,1.5,17.41,0.0,5,0.67,0.97,11.61,2,3,2,3,0,N
22931,1,5,4,1,3,2,1,6,20.54,4.38,393.13,0.03,23,0.23,21.84,89.86,10,13,8,7,10,N
15341,8,23,13,18,1,1,1,37,71.58,16.79,20169.3,0.4,206,0.06,1120.52,1201.58,94,112,42,15,50,Y
16535,0,1,0,0,1,1,1,0,5.33,1.5,12.0,0.0,4,0.67,0.67,8.0,1,3,1,3,0,N
23424,0,1,0,0,1,1,1,2,5.33,1.5,12.0,0.0,4,0.67,0.67,8.0,1,3,1,3,2,N
14341,0,1,0,0,1,1,1,0,7.75,2.0,31.02,0.01,6,0.5,1.72,15.51,2,4,2,4,0,N
17653,0,1,0,0,1,1,1,0,0.0,0.0,0.0,0.0,0,0.0,0.0,0.0,0,0,0,0,0,N
23000,0,1,0,0,1,1,1,0,8.6,7.5,483.97,0.02,18,0.13,26.89,64.53,5,13,3,9,0,N
19752,0,1,0,0,1,1,1,0,7.33,4.5,148.5,0.01,11,0.22,8.25,33.0,3,8,2,6,0,N
21590,0,3,0,0,2,2,1,0,9.32,5.0,233.02,0.02,13,0.2,12.95,46.6,5,8,4,8,0,N
16894,0,1,0,0,1,1,1,0,5.33,1.5,12.0,0.0,4,0.67,0.67,8.0,1,3,1,3,0,N
14662,5,5,1,0,3,3,1,20,23.97,11.57,3209.06,0.09,59,0.09,178.28,277.33,27,32,14,12,21,N
18733,25,31,0,30,16,14,15,77,39.82,60.83,147362.04,0.81,419,0.02,8186.78,2422.39,146,273,30,25,77,N
19989,0,1,0,0,1,1,1,2,5.8,2.0,23.22,0.0,5,0.5,1.29,11.61,1,4,1,4,2,N
20870,5,11,0,12,1,1,1,29,18.41,40.19,29742.31,0.25,148,0.02,1652.35,740.0,55,93,13,19,29,N
21029,4,3,3,2,2,2,1,14,36.62,12.93,6126.58,0.16,89,0.08,340.37,473.65,35,54,23,17,17,N
21597,0,1,0,0,1,1,1,2,13.5,2.0,54.0,0.01,9,0.5,3.0,27.0,4,5,4,4,2,N
16101,0,1,0,0,1,1,1,0,5.33,1.5,12.0,0.0,4,0.67,0.67,8.0,1,3,1,3,0,N
20126,0,1,0,0,1,1,1,0,7.86,2.5,49.13,0.01,7,0.4,2.73,19.65,2,5,2,5,0,N
14750,3,1,0,0,1,1,1,2,7.74,1.5,17.41,0.0,5,0.67,0.97,11.61,2,3,2,3,2,N
19187,0,1,0,0,1,1,1,0,7.75,2.0,31.02,0.01,6,0.5,1.72,15.51,2,4,2,4,0,N
22293,0,1,0,0,1,1,1,0,7.74,1.5,17.41,0.0,5,0.67,0.97,11.61,2,3,2,3,0,N
20384,1,5,0,0,3,3,1,13,16.4,7.07,820.29,0.04,29,0.14,45.57,116.0,11,18,7,9,13,N
23175,0,1,0,0,1,1,1,2,5.33,1.5,12.0,0.0,4,0.67,0.67,8.0,1,3,1,3,2,N
18916,0,1,0,0,1,1,1,0,7.75,2.0,31.02,0.01,6,0.5,1.72,15.51,2,4,2,4,0,N
16505,1,3,0,2,2,1,1,9,33.0,4.85,774.95,0.05,37,0.21,43.05,159.91,18,19,13,7,9,N
19682,0,1,0,0,1,1,1,0,5.33,1.5,12.0,0.0,4,0.67,0.67,8.0,1,3,1,3,0,N
20462,0,1,0,0,1,1,1,0,7.75,2.0,31.02,0.01,6,0.5,1.72,15.51,2,4,2,4,0,N
23322,0,3,0,0,2,2,1,0,6.69,7.5,376.42,0.02,14,0.13,20.91,50.19,5,9,3,9,0,N
14969,0,1,0,0,1,1,1,2,7.74,1.5,17.41,0.0,5,0.67,0.97,11.61,2,3,2,3,2,N
15684,0,1,0,0,1,1,1,0,7.74,1.5,17.41,0.0,5,0.67,0.97,11.61,2,3,2,3,0,N
20896,33,7,18,22,4,2,1,95,59.36,107.9,691137.63,2.14,1045,0.01,38396.53,6405.1,441,604,47,23,113,N
23140,0,1,0,0,1,1,1,0,5.33,1.5,12.0,0.0,4,0.67,0.67,8.0,1,3,1,3,0,N
17879,0,1,0,0,1,1,1,0,7.75,2.0,31.02,0.01,6,0.5,1.72,15.51,2,4,2,4,0,N
19623,0,1,0,0,1,1,1,0,5.33,1.5,12.0,0.0,4,0.67,0.67,8.0,1,3,1,3,0,N
18993,0,5,0,0,3,2,1,7,11.89,13.13,2048.55,0.05,35,0.08,113.81,156.08,15,20,8,14,7,N
18034,6,11,0,6,6,4,6,23,39.72,13.8,7564.59,0.18,103,0.07,420.25,548.16,46,57,25,15,23,N
22158,0,1,0,0,1,1,1,0,11.86,3.5,145.3,0.01,12,0.29,8.07,41.51,4,8,4,7,0,N
14963,0,1,0,0,1,1,1,2,7.74,1.5,17.41,0.0,5,0.67,0.97,11.61,2,3,2,3,2,N
22336,0,1,0,0,1,1,1,0,8.3,6.0,298.97,0.02,15,0.17,16.61,49.83,3,12,2,8,0,N
20732,10,9,2,7,5,3,1,23,28.49,33.47,31908.79,0.32,189,0.03,1772.71,953.39,63,126,16,17,25,N
20174,0,1,0,0,1,1,1,1,7.74,1.5,17.41,0.0,5,0.67,0.97,11.61,2,3,2,3,1,N
22231,0,1,0,0,1,1,1,0,12.68,2.5,79.25,0.01,10,0.4,4.4,31.7,4,6,4,5,0,N
20230,1,3,0,0,2,1,1,8,15.07,9.75,1432.72,0.05,34,0.1,79.6,146.95,13,21,8,12,8,N
20817,3,3,0,0,2,2,1,8,14.46,17.33,4344.21,0.08,59,0.06,241.35,250.63,16,43,6,13,8,N
16872,0,1,0,0,1,1,1,0,7.74,1.5,17.41,0.0,5,0.67,0.97,11.61,2,3,2,3,0,N
14657,3,5,6,0,3,1,1,10,14.41,12.0,2074.53,0.06,40,0.08,115.25,172.88,16,24,8,12,16,N
17341,0,1,0,0,1,1,1,0,7.75,2.0,31.02,0.01,6,0.5,1.72,15.51,2,4,2,4,0,N
18005,10,21,5,16,11,10,11,36,57.64,24.53,34688.44,0.47,259,0.04,1927.14,1413.99,117,142,31,13,41,N
15333,0,1,0,0,1,1,1,0,7.86,2.5,49.13,0.01,7,0.4,2.73,19.65,2,5,2,5,0,N
14383,0,1,0,0,1,1,1,0,0.0,0.0,0.0,0.0,3,0.0,0.0,4.75,0,3,0,3,0,N
20989,6,11,4,7,6,4,3,17,22.38,33.06,24464.81,0.25,140,0.03,1359.16,739.96,46,94,16,23,21,N
18458,0,1,0,0,1,1,1,1,7.74,1.5,17.41,0.0,5,0.67,0.97,11.61,2,3,2,3,1,N
22098,0,1,0,0,1,1,1,0,5.33,1.5,12.0,0.0,4,0.67,0.67,8.0,1,3,1,3,0,N
17856,0,1,0,0,1,1,1,0,5.33,1.5,12.0,0.0,4,0.67,0.67,8.0,1,3,1,3,0,N
23048,0,1,0,0,1,1,1,0,5.8,2.0,23.22,0.0,5,0.5,1.29,11.61,1,4,1,4,0,N
16258,0,3,0,0,2,2,1,4,13.67,6.0,492.27,0.03,21,0.17,27.35,82.04,6,15,5,10,4,N
21837,2,7,0,0,4,2,3,11,12.35,16.0,3162.47,0.07,45,0.06,175.69,197.65,16,29,7,14,11,N
20325,0,1,0,0,1,1,1,2,5.33,1.5,12.0,0.0,4,0.67,0.67,8.0,1,3,1,3,2,N
20392,0,3,0,0,2,2,1,0,7.75,2.0,31.02,0.01,6,0.5,1.72,15.51,2,4,2,4,0,N
23229,0,1,0,0,1,1,1,0,9.51,3.0,85.59,0.01,9,0.33,4.75,28.53,3,6,3,6,0,N
18994,0,3,0,0,2,2,1,5,17.22,4.08,287.09,0.02,19,0.24,15.95,70.31,7,12,6,7,5,N
23041,0,1,0,0,1,1,1,0,7.75,2.0,31.02,0.01,6,0.5,1.72,15.51,2,4,2,4,0,N
18575,0,1,0,0,1,1,1,0,7.74,1.5,17.41,0.0,5,0.67,0.97,11.61,2,3,2,3,0,N
14163,0,1,1,0,1,1,1,1,9.83,2.0,39.3,0.01,7,0.5,2.18,19.65,3,4,3,4,2,N
19379,0,1,0,0,1,1,1,0,7.75,2.0,31.02,0.01,6,0.5,1.72,15.51,2,4,2,4,0,N
19771,0,1,0,0,1,1,1,0,7.74,1.5,17.41,0.0,5,0.67,0.97,11.61,2,3,2,3,0,N
20783,8,7,0,5,4,3,1,22,19.25,27.0,14034.71,0.17,107,0.04,779.71,519.79,33,74,11,18,22,N
21093,0,5,0,0,3,2,3,7,12.73,6.75,580.17,0.03,22,0.15,32.22,85.95,9,13,6,9,7,N
16190,0,1,0,0,1,1,1,0,6.2,2.5,38.77,0.01,6,0.4,2.15,15.51,1,5,1,5,0,N
17010,0,1,0,0,1,1,1,0,5.33,1.5,12.0,0.0,4,0.67,0.67,8.0,1,3,1,3,0,N
19787,0,1,0,0,1,1,1,0,12.18,3.0,109.62,0.01,11,0.33,6.09,36.54,4,7,4,6,0,N
15056,6,11,13,0,6,4,5,8,45.97,7.64,2680.63,0.12,69,0.13,148.92,351.03,28,41,22,12,21,N
20253,0,1,0,0,1,1,1,0,6.86,3.5,84.0,0.01,8,0.29,4.67,24.0,1,7,1,7,0,N
19529,0,1,0,0,1,1,1,0,6.86,3.5,84.0,0.01,8,0.29,4.67,24.0,1,7,1,7,0,N
16998,0,1,0,0,1,1,1,0,7.74,1.5,17.41,0.0,5,0.67,0.97,11.61,2,3,2,3,0,N
18855,0,1,0,0,1,1,1,6,17.51,5.0,437.85,0.03,23,0.2,24.32,87.57,10,13,7,7,6,N
17287,0,1,0,0,1,1,1,0,6.55,3.0,58.95,0.01,7,0.33,3.28,19.65,1,6,1,6,0,N
19792,0,1,0,0,1,1,1,0,5.8,2.0,23.22,0.0,5,0.5,1.29,11.61,1,4,1,4,0,N
18953,0,1,0,0,1,1,1,0,5.33,1.5,12.0,0.0,4,0.67,0.67,8.0,1,3,1,3,0,N
20904,27,15,11,12,1,1,1,46,35.44,92.28,301801.36,1.09,571,0.01,16766.74,3270.64,223,348,29,24,57,N
18416,0,3,0,0,2,2,1,10,11.59,9.17,974.18,0.04,26,0.11,54.12,106.27,10,16,6,11,10,N
14700,3,1,1,0,1,1,1,2,16.84,1.5,37.9,0.01,9,0.67,2.11,25.27,4,5,4,3,3,N
21183,0,1,0,0,1,1,1,0,5.33,1.5,12.0,0.0,4,0.67,0.67,8.0,1,3,1,3,0,N
20211,0,1,0,0,1,1,1,0,0.0,0.0,0.0,0.0,0,0.0,0.0,0.0,0,0,0,0,0,N
21298,1,1,0,0,1,1,1,4,20.35,5.63,643.78,0.04,28,0.18,35.77,114.45,10,18,8,9,4,N
23155,0,3,0,0,2,1,1,0,7.75,2.0,31.02,0.01,6,0.5,1.72,15.51,2,4,2,4,0,N
21843,0,1,0,0,1,1,1,2,13.5,2.0,54.0,0.01,9,0.5,3.0,27.0,4,5,4,4,2,N
21686,1,5,0,3,3,3,1,19,19.07,10.91,2270.01,0.07,46,0.09,126.11,208.08,20,26,11,12,19,N
23185,0,1,0,0,1,1,1,0,7.86,2.5,49.13,0.01,7,0.4,2.73,19.65,2,5,2,5,0,N
15784,0,1,0,0,1,1,1,0,5.33,1.5,12.0,0.0,4,0.67,0.67,8.0,1,3,1,3,0,N
21056,5,5,0,3,3,2,1,21,51.37,9.46,4597.3,0.16,94,0.11,255.41,485.97,43,51,25,11,21,N
18308,17,21,0,36,11,10,1,59,28.52,66.04,124369.51,0.63,332,0.02,6909.42,1883.25,127,205,25,26,59,N
16471,0,5,0,0,3,2,1,9,8.55,13.0,1444.74,0.04,31,0.08,80.26,111.13,13,18,4,8,9,N
18901,0,1,0,0,1,1,1,0,8.3,6.0,298.97,0.02,15,0.17,16.61,49.83,3,12,2,8,0,N
19452,0,1,0,0,1,1,1,3,12.0,2.5,75.0,0.01,10,0.4,4.17,30.0,3,7,3,5,3,N
15259,3,3,0,3,2,2,1,6,16.61,3.0,149.49,0.02,15,0.33,8.3,49.83,6,9,5,5,6,N
19413,0,1,0,0,1,1,1,1,0.0,0.0,0.0,0.0,1,0.0,0.0,0.0,0,1,0,1,1,N
23343,2,1,0,1,1,1,1,1,0.0,0.0,0.0,0.0,1,0.0,0.0,0.0,0,1,0,1,1,N
19409,0,1,0,0,1,1,1,0,7.75,2.0,31.02,0.01,6,0.5,1.72,15.51,2,4,2,4,0,N
21876,0,1,0,0,1,1,1,0,6.2,2.5,38.77,0.01,6,0.4,2.15,15.51,1,5,1,5,0,N
23432,0,1,0,0,1,1,1,2,8.98,2.5,56.15,0.01,8,0.4,3.12,22.46,2,6,2,5,2,N
18320,4,3,0,0,2,2,1,12,12.63,11.0,1528.71,0.05,34,0.09,84.93,138.97,12,22,6,11,12,N
21683,0,1,0,0,1,1,1,0,8.3,6.67,369.01,0.02,16,0.15,20.5,55.35,5,11,3,8,0,N
14988,1,1,0,0,1,1,1,2,7.74,1.5,17.41,0.0,5,0.67,0.97,11.61,2,3,2,3,2,N
15378,0,1,0,0,1,1,1,0,5.33,1.5,12.0,0.0,4,0.67,0.67,8.0,1,3,1,3,0,N
23032,0,3,0,0,2,2,1,3,14.28,4.0,228.44,0.02,15,0.25,12.69,57.11,6,9,6,8,3,N
17122,0,1,0,0,1,1,1,0,5.33,1.5,12.0,0.0,4,0.67,0.67,8.0,1,3,1,3,0,N
23086,0,1,0,0,1,1,1,0,0.0,0.0,0.0,0.0,0,0.0,0.0,0.0,0,0,0,0,0,N
21858,2,1,0,1,1,1,1,1,0.0,0.0,0.0,0.0,1,0.0,0.0,0.0,0,1,0,1,1,N
23231,0,1,0,0,1,1,1,0,9.51,3.0,85.59,0.01,9,0.33,4.75,28.53,3,6,3,6,0,N
16869,0,1,0,0,1,1,1,3,16.84,1.5,37.9,0.01,9,0.67,2.11,25.27,4,5,4,3,3,N
15471,3,1,8,4,1,1,1,27,112.99,8.79,8721.35,0.33,175,0.11,484.52,992.67,82,93,42,9,35,N
17431,3,1,0,0,1,1,1,2,7.75,2.0,31.02,0.01,6,0.5,1.72,15.51,2,4,2,4,2,N
14256,2,5,0,1,3,2,1,23,19.78,20.04,7940.87,0.13,80,0.05,441.16,396.34,33,47,14,17,23,N
19072,0,1,0,0,1,1,1,2,7.35,8.0,470.48,0.02,17,0.13,26.14,58.81,6,11,3,8,2,N
19509,0,1,0,0,1,1,1,0,7.75,2.0,31.02,0.01,6,0.5,1.72,15.51,2,4,2,4,0,N
18791,1,3,1,0,2,1,1,8,21.22,9.17,1783.04,0.06,43,0.11,99.06,194.51,20,23,12,11,9,N
21681,0,3,0,0,2,2,1,8,23.46,10.29,2485.24,0.08,52,0.1,138.07,241.48,19,33,12,13,8,N
20280,0,1,0,0,1,1,1,0,5.8,2.0,23.22,0.0,5,0.5,1.29,11.61,1,4,1,4,0,N
22363,0,1,0,0,1,1,1,0,5.33,1.5,12.0,0.0,4,0.67,0.67,8.0,1,3,1,3,0,N
16729,0,1,0,0,1,1,1,0,5.33,1.5,12.0,0.0,4,0.67,0.67,8.0,1,3,1,3,0,N
21576,2,13,1,8,7,6,6,54,25.11,40.0,40181.42,0.33,184,0.03,2232.3,1004.54,80,104,22,22,55,N
21670,0,1,0,0,1,1,1,0,5.33,1.5,12.0,0.0,4,0.67,0.67,8.0,1,3,1,3,0,N
16034,0,1,0,0,1,1,1,0,7.74,1.5,17.41,0.0,5,0.67,0.97,11.61,2,3,2,3,0,N
20226,0,3,0,0,2,2,1,0,0.0,0.0,0.0,0.0,0,0.0,0.0,0.0,0,0,0,0,0,N
22239,0,1,0,0,1,1,1,0,8.3,6.0,298.97,0.02,15,0.17,16.61,49.83,3,12,2,8,0,N
23512,1,1,0,4,1,1,1,4,21.67,1.8,70.2,0.01,13,0.56,3.9,39.0,6,7,5,3,4,N
15324,0,1,0,0,1,1,1,0,5.33,1.5,12.0,0.0,4,0.67,0.67,8.0,1,3,1,3,0,N
17249,0,1,0,0,1,1,1,0,7.74,1.5,17.41,0.0,5,0.67,0.97,11.61,2,3,2,3,0,N
20963,3,1,0,3,1,1,1,1,0.0,0.0,0.0,0.0,1,0.0,0.0,0.0,0,1,0,1,1,N
21507,0,1,0,0,1,1,1,0,7.75,2.0,31.02,0.01,6,0.5,1.72,15.51,2,4,2,4,0,N
20585,0,1,0,0,1,1,1,0,0.0,0.0,0.0,0.0,0,0.0,0.0,0.0,0,0,0,0,0,N
19877,0,3,0,0,2,2,1,0,9.32,5.0,233.02,0.02,13,0.2,12.95,46.6,5,8,4,8,0,N
17362,0,1,0,0,1,1,1,2,5.33,1.5,12.0,0.0,4,0.67,0.67,8.0,1,3,1,3,2,N
19793,0,1,0,0,1,1,1,0,7.75,2.0,31.02,0.01,6,0.5,1.72,15.51,2,4,2,4,0,N
20832,0,1,0,1,1,1,1,1,0.0,0.0,0.0,0.0,1,0.0,0.0,0.0,0,1,0,1,1,N
19088,0,1,0,0,1,1,1,0,7.74,1.5,17.41,0.0,5,0.67,0.97,11.61,2,3,2,3,0,N
20190,0,5,0,0,3,2,1,7,11.89,13.13,2048.55,0.05,35,0.08,113.81,156.08,15,20,8,14,7,N
15124,4,5,6,1,3,3,1,6,14.85,6.67,659.94,0.03,26,0.15,36.66,98.99,10,16,6,8,12,N
18142,0,1,0,0,1,1,1,2,5.33,1.5,12.0,0.0,4,0.67,0.67,8.0,1,3,1,3,2,N
19956,0,1,0,0,1,1,1,2,5.33,1.5,12.0,0.0,4,0.67,0.67,8.0,1,3,1,3,2,N
20009,0,1,0,0,1,1,1,0,5.33,1.5,12.0,0.0,4,0.67,0.67,8.0,1,3,1,3,0,N
14345,0,1,0,0,1,1,1,0,7.75,2.0,31.02,0.01,6,0.5,1.72,15.51,2,4,2,4,0,N
16115,0,1,0,0,1,1,1,6,25.32,3.14,250.07,0.03,23,0.32,13.89,79.57,11,12,7,4,6,N
19009,0,1,0,0,1,1,1,0,7.75,2.0,31.02,0.01,6,0.5,1.72,15.51,2,4,2,4,0,N
18687,0,1,0,0,1,1,1,0,0.0,0.0,0.0,0.0,0,0.0,0.0,0.0,0,0,0,0,0,N
18760,0,9,0,0,5,5,5,27,20.47,20.19,8348.16,0.14,86,0.05,463.79,413.43,35,51,13,15,27,N
15159,0,1,0,0,1,1,1,0,5.33,1.5,12.0,0.0,4,0.67,0.67,8.0,1,3,1,3,0,N
19217,0,1,1,0,1,1,1,1,4.75,1.0,4.75,0.0,3,1.0,0.26,4.75,1,2,1,2,2,N
21200,2,1,0,0,1,1,1,7,20.84,7.88,1292.2,0.05,42,0.13,71.79,164.09,18,24,8,7,7,N
21673,0,1,0,0,1,1,1,0,8.3,6.0,298.97,0.02,15,0.17,16.61,49.83,3,12,2,8,0,N
20002,1,5,1,1,3,3,3,10,31.45,4.77,716.47,0.05,36,0.21,39.8,150.12,15,21,11,7,11,N
18395,11,16,17,15,12,7,3,44,34.55,65.19,146834.36,0.75,374,0.02,8157.46,2252.37,143,231,34,31,61,Y
20242,4,7,0,5,4,4,4,12,25.22,9.45,2254.13,0.08,52,0.11,125.23,238.42,16,36,11,13,12,N
20952,0,7,1,1,4,4,1,7,28.43,11.45,3730.7,0.11,72,0.09,207.26,325.7,21,51,11,12,8,N
18973,0,3,0,0,2,2,1,0,9.32,5.0,233.02,0.02,13,0.2,12.95,46.6,5,8,4,8,0,N
23149,0,1,0,0,1,1,1,0,7.75,2.0,31.02,0.01,6,0.5,1.72,15.51,2,4,2,4,0,N
19558,0,1,0,0,1,1,1,0,5.33,1.5,12.0,0.0,4,0.67,0.67,8.0,1,3,1,3,0,N
20095,0,3,0,0,2,2,1,4,21.5,7.15,1099.18,0.05,35,0.14,61.07,153.73,13,22,10,11,4,N
17551,13,5,0,0,3,2,1,11,14.85,6.67,659.94,0.03,26,0.15,36.66,98.99,10,16,6,8,11,N
22577,1,9,0,0,5,3,3,12,17.46,16.55,4779.2,0.1,63,0.06,265.51,288.85,28,35,11,13,12,N
17997,5,11,3,5,6,6,1,21,52.79,15.18,12164.32,0.27,155,0.07,675.8,801.34,69,86,25,11,24,N
15821,0,1,0,0,1,1,1,0,0.0,0.0,0.0,0.0,0,0.0,0.0,0.0,0,0,0,0,0,N
14805,0,1,0,0,1,1,1,2,7.74,1.5,17.41,0.0,5,0.67,0.97,11.61,2,3,2,3,2,N
16626,14,1,2,4,1,1,1,36,96.51,10.29,10209.86,0.33,192,0.1,567.21,992.63,72,120,28,8,38,N
22999,2,5,0,1,3,2,1,23,19.78,20.04,7940.87,0.13,80,0.05,441.16,396.34,33,47,14,17,23,N
18459,0,1,0,0,1,1,1,0,5.8,2.0,23.22,0.0,5,0.5,1.29,11.61,1,4,1,4,0,N
16735,0,1,0,0,1,1,1,0,5.33,1.5,12.0,0.0,4,0.67,0.67,8.0,1,3,1,3,0,N
18902,0,1,0,0,1,1,1,3,9.51,3.0,85.59,0.01,9,0.33,4.75,28.53,3,6,3,6,3,N
20623,0,3,0,0,2,2,1,4,8.54,5.83,290.67,0.02,15,0.17,16.14,49.83,5,10,3,7,4,N
17186,3,5,6,7,3,1,1,7,18.89,8.44,1345.03,0.05,39,0.12,74.72,159.41,15,24,8,9,13,N
17376,0,1,0,0,1,1,1,0,9.0,3.0,81.0,0.01,9,0.33,4.5,27.0,2,7,2,6,0,N
15417,0,1,0,0,1,1,1,0,5.33,1.5,12.0,0.0,4,0.67,0.67,8.0,1,3,1,3,0,N
22211,0,1,0,0,1,1,1,3,12.0,2.5,75.0,0.01,10,0.4,4.17,30.0,3,7,3,5,3,N
21657,0,1,0,0,1,1,1,0,5.33,1.5,12.0,0.0,4,0.67,0.67,8.0,1,3,1,3,0,N
21617,0,1,0,0,1,1,1,0,0.0,0.0,0.0,0.0,0,0.0,0.0,0.0,0,0,0,0,0,N
17381,0,1,0,0,1,1,1,0,9.51,3.0,85.59,0.01,9,0.33,4.75,28.53,3,6,3,6,0,N
15577,0,1,0,0,1,1,1,0,7.74,1.5,17.41,0.0,5,0.67,0.97,11.61,2,3,2,3,0,N
15879,0,1,0,0,1,1,1,0,5.8,2.0,23.22,0.0,5,0.5,1.29,11.61,1,4,1,4,0,N
21064,7,11,0,2,1,1,1,31,73.7,9.74,6995.99,0.24,130,0.1,388.67,718.06,62,68,35,11,31,N
18840,2,13,1,8,7,6,6,54,25.11,40.0,40181.42,0.33,184,0.03,2232.3,1004.54,80,104,22,22,55,N
17864,0,1,0,0,1,1,1,3,15.5,3.0,139.52,0.02,14,0.33,7.75,46.51,6,8,5,5,3,N
23085,0,1,0,0,1,1,1,0,0.0,0.0,0.0,0.0,0,0.0,0.0,0.0,0,0,0,0,0,N
20576,0,1,0,0,1,1,1,0,5.33,1.5,12.0,0.0,4,0.67,0.67,8.0,1,3,1,3,0,N
19319,0,1,0,0,1,1,1,0,5.33,1.5,12.0,0.0,4,0.67,0.67,8.0,1,3,1,3,0,N
19067,0,1,0,0,1,1,1,0,7.86,2.5,49.13,0.01,7,0.4,2.73,19.65,2,5,2,5,0,N
20525,1,9,0,0,5,3,3,12,17.46,16.55,4779.2,0.1,63,0.06,265.51,288.85,28,35,11,13,12,N
15921,0,1,0,0,1,1,1,0,7.74,1.5,17.41,0.0,5,0.67,0.97,11.61,2,3,2,3,0,N
16504,1,3,0,2,2,1,1,9,33.0,4.85,774.95,0.05,37,0.21,43.05,159.91,18,19,13,7,9,N
23089,0,1,0,0,1,1,1,0,0.0,0.0,0.0,0.0,0,0.0,0.0,0.0,0,0,0,0,0,N
19033,0,1,0,0,1,1,1,0,7.75,2.0,31.02,0.01,6,0.5,1.72,15.51,2,4,2,4,0,N
14215,3,5,5,0,3,1,1,6,13.67,11.43,1786.01,0.05,40,0.09,99.22,156.28,20,20,7,8,11,N
22359,0,1,0,0,1,1,1,0,5.8,2.0,23.22,0.0,5,0.5,1.29,11.61,1,4,1,4,0,N
18986,0,1,0,0,1,1,1,0,5.8,2.0,23.22,0.0,5,0.5,1.29,11.61,1,4,1,4,0,N
20137,0,1,0,0,1,1,1,6,11.81,6.75,538.15,0.03,24,0.15,29.9,79.73,9,15,4,6,6,N
17482,0,1,0,0,1,1,1,0,7.75,2.0,31.02,0.01,6,0.5,1.72,15.51,2,4,2,4,0,N
15190,12,1,13,9,1,1,1,6,69.36,8.0,4439.07,0.18,110,0.13,246.61,554.88,50,60,25,8,19,N
15829,0,1,0,0,1,1,1,0,5.33,1.5,12.0,0.0,4,0.67,0.67,8.0,1,3,1,3,0,N
14570,0,1,0,0,1,1,1,0,9.29,1.5,20.9,0.0,6,0.67,1.16,13.93,2,4,2,3,0,N
23042,0,1,0,0,1,1,1,0,7.75,2.0,31.02,0.01,6,0.5,1.72,15.51,2,4,2,4,0,N
14943,1,3,2,0,2,1,1,8,16.71,5.14,442.04,0.03,22,0.19,24.56,85.95,9,13,7,8,10,N
17430,2,1,0,1,1,1,1,1,0.0,0.0,0.0,0.0,1,0.0,0.0,0.0,0,1,0,1,1,N
14985,0,1,0,0,1,1,1,2,7.74,1.5,17.41,0.0,5,0.67,0.97,11.61,2,3,2,3,2,N
14794,4,24,13,3,19,17,1,52,50.06,23.8,28355.67,0.4,189,0.04,1575.31,1191.41,63,126,45,34,65,N
16878,0,1,0,0,1,1,1,0,0.0,0.0,0.0,0.0,3,0.0,0.0,4.75,0,3,0,3,0,N
23484,0,1,0,0,1,1,1,0,5.33,1.5,12.0,0.0,4,0.67,0.67,8.0,1,3,1,3,0,N
21967,0,1,0,0,1,1,1,0,5.33,1.5,12.0,0.0,4,0.67,0.67,8.0,1,3,1,3,0,N
23153,0,1,0,0,1,1,1,0,5.33,1.5,12.0,0.0,4,0.67,0.67,8.0,1,3,1,3,0,N
19921,0,1,0,0,1,1,1,0,7.75,2.0,31.02,0.01,6,0.5,1.72,15.51,2,4,2,4,0,N
20446,0,1,0,0,1,1,1,0,12.68,2.5,79.25,0.01,10,0.4,4.4,31.7,4,6,4,5,0,N
15593,0,1,0,0,1,1,1,0,5.33,1.5,12.0,0.0,4,0.67,0.67,8.0,1,3,1,3,0,N
16819,0,1,0,0,1,1,1,0,5.33,1.5,12.0,0.0,4,0.67,0.67,8.0,1,3,1,3,0,N
19107,0,1,0,0,1,1,1,6,17.51,5.0,437.85,0.03,23,0.2,24.32,87.57,10,13,7,7,6,N
19196,0,1,0,0,1,1,1,0,18.0,1.5,40.5,0.01,9,0.67,2.25,27.0,5,4,5,3,0,N
14387,0,1,0,0,1,1,1,0,0.0,0.0,0.0,0.0,0,0.0,0.0,0.0,0,0,0,0,0,N
21684,2,5,0,1,3,2,1,23,19.78,20.04,7940.87,0.13,80,0.05,441.16,396.34,33,47,14,17,23,N
14400,0,1,0,0,1,1,1,0,0.0,0.0,0.0,0.0,0,0.0,0.0,0.0,0,0,0,0,0,N
19084,0,1,0,0,1,1,1,0,5.33,1.5,12.0,0.0,4,0.67,0.67,8.0,1,3,1,3,0,N
18277,17,7,0,21,4,4,1,44,33.53,50.43,85301.8,0.56,320,0.02,4738.99,1691.33,145,175,23,16,44,N
17202,20,23,3,48,12,5,6,50,20.4,43.71,38982.45,0.3,180,0.02,2165.69,891.76,72,108,14,17,53,N
20165,0,1,0,0,1,1,1,0,0.0,0.0,0.0,0.0,1,0.0,0.0,0.0,0,1,0,1,0,N
20053,3,3,6,0,2,1,1,3,20.56,7.56,1173.56,0.05,38,0.13,65.2,155.32,17,21,9,8,9,N
18041,2,5,1,1,3,2,1,7,19.46,7.5,1094.61,0.05,35,0.13,60.81,145.95,15,20,9,9,8,N
21311,0,1,0,0,1,1,1,7,24.54,6.75,1118.27,0.06,39,0.15,62.13,165.67,15,24,10,9,7,N
16046,0,1,0,0,1,1,1,0,5.33,1.5,12.0,0.0,4,0.67,0.67,8.0,1,3,1,3,0,N
14409,0,1,0,0,1,1,1,0,0.0,0.0,0.0,0.0,0,0.0,0.0,0.0,0,0,0,0,0,N
16837,0,1,0,0,1,1,1,0,16.84,1.5,37.9,0.01,9,0.67,2.11,25.27,4,5,4,3,0,N
23033,0,3,0,0,2,2,1,3,14.28,4.0,228.44,0.02,15,0.25,12.69,57.11,6,9,6,8,3,N
21719,0,1,0,0,1,1,1,0,0.0,0.0,0.0,0.0,0,0.0,0.0,0.0,0,0,0,0,0,N
17058,0,1,0,0,1,1,1,0,5.33,1.5,12.0,0.0,4,0.67,0.67,8.0,1,3,1,3,0,N
19087,0,1,0,0,1,1,1,0,5.33,1.5,12.0,0.0,4,0.67,0.67,8.0,1,3,1,3,0,N
17550,13,5,0,0,3,2,1,11,14.85,6.67,659.94,0.03,26,0.15,36.66,98.99,10,16,6,8,11,N
17631,0,1,0,0,1,1,1,0,0.0,0.0,0.0,0.0,1,0.0,0.0,0.0,0,1,0,1,0,N
16882,0,1,0,0,1,1,1,0,0.0,0.0,0.0,0.0,1,0.0,0.0,0.0,0,1,0,1,0,N
19920,0,1,0,0,1,1,1,0,7.75,2.0,31.02,0.01,6,0.5,1.72,15.51,2,4,2,4,0,N
21508,0,3,0,0,2,1,1,0,7.75,2.0,31.02,0.01,6,0.5,1.72,15.51,2,4,2,4,0,N
14380,0,1,0,0,1,1,1,0,0.0,0.0,0.0,0.0,0,0.0,0.0,0.0,0,0,0,0,0,N
17981,5,7,1,4,4,4,1,26,72.57,10.48,7975.84,0.25,142,0.1,443.1,760.77,65,77,31,10,27,N
14421,8,5,0,4,3,3,1,18,64.17,6.0,2310.0,0.13,77,0.17,128.33,385.0,36,41,24,8,18,N
14899,0,1,0,0,1,1,1,2,7.74,1.5,17.41,0.0,5,0.67,0.97,11.61,2,3,2,3,2,N
23066,0,3,0,0,2,2,1,4,11.18,5.63,353.85,0.02,17,0.18,19.66,62.91,5,12,4,9,4,N
19911,1,3,0,0,2,1,1,8,15.07,9.75,1432.72,0.05,34,0.1,79.6,146.95,13,21,8,12,8,N
17755,0,1,0,0,1,1,1,0,7.75,2.0,31.02,0.01,6,0.5,1.72,15.51,2,4,2,4,0,N
19288,0,1,0,0,1,1,1,0,7.74,1.5,17.41,0.0,5,0.67,0.97,11.61,2,3,2,3,0,N
21722,0,1,0,0,1,1,1,0,0.0,0.0,0.0,0.0,0,0.0,0.0,0.0,0,0,0,0,0,N
16126,0,1,0,0,1,1,1,0,7.74,1.5,17.41,0.0,5,0.67,0.97,11.61,2,3,2,3,0,N
14144,2,1,0,3,1,1,1,7,20.08,5.5,607.27,0.04,29,0.18,33.74,110.41,11,18,7,7,7,N
18963,1,5,0,3,3,3,1,19,19.07,10.91,2270.01,0.07,46,0.09,126.11,208.08,20,26,11,12,19,N
20304,0,3,0,0,2,1,1,0,7.75,2.0,31.02,0.01,6,0.5,1.72,15.51,2,4,2,4,0,N
19780,0,1,0,0,1,1,1,0,7.75,2.0,31.02,0.01,6,0.5,1.72,15.51,2,4,2,4,0,N
21606,3,1,0,0,1,1,1,2,7.75,2.0,31.02,0.01,6,0.5,1.72,15.51,2,4,2,4,2,N
15739,0,1,0,0,1,1,1,0,5.33,1.5,12.0,0.0,4,0.67,0.67,8.0,1,3,1,3,0,N
22449,0,1,0,0,1,1,1,0,8.6,7.5,483.97,0.02,18,0.13,26.89,64.53,5,13,3,9,0,N
19812,0,1,0,0,1,1,1,0,8.3,6.0,298.97,0.02,15,0.17,16.61,49.83,3,12,2,8,0,N
18838,0,3,0,0,2,2,1,4,21.5,7.15,1099.18,0.05,35,0.14,61.07,153.73,13,22,10,11,4,N
15518,0,1,0,0,1,1,1,0,7.74,1.5,17.41,0.0,5,0.67,0.97,11.61,2,3,2,3,0,N
18708,0,1,0,0,1,1,1,0,5.33,1.5,12.0,0.0,4,0.67,0.67,8.0,1,3,1,3,0,N
19062,0,1,0,0,1,1,1,0,5.33,1.5,12.0,0.0,4,0.67,0.67,8.0,1,3,1,3,0,N
15768,0,1,0,0,1,1,1,0,12.68,2.5,79.25,0.01,10,0.4,4.4,31.7,4,6,4,5,0,N
16965,0,1,0,0,1,1,1,0,5.33,1.5,12.0,0.0,4,0.67,0.67,8.0,1,3,1,3,0,N
22786,0,3,0,0,2,2,1,3,14.28,4.0,228.44,0.02,15,0.25,12.69,57.11,6,9,6,8,3,N
17276,2,13,1,8,7,6,6,54,25.11,40.0,40181.42,0.33,184,0.03,2232.3,1004.54,80,104,22,22,55,N
18478,0,1,0,0,1,1,1,0,0.0,0.0,0.0,0.0,0,0.0,0.0,0.0,0,0,0,0,0,N
15703,0,3,0,0,2,2,1,0,9.32,5.0,233.02,0.02,13,0.2,12.95,46.6,5,8,4,8,0,N
20703,3,7,0,4,1,1,1,27,34.35,13.68,6431.58,0.16,94,0.07,357.31,470.0,40,54,19,13,27,N
15954,0,1,0,0,1,1,1,0,7.74,1.5,17.41,0.0,5,0.67,0.97,11.61,2,3,2,3,0,N
23111,0,1,0,0,1,1,1,0,7.74,1.5,17.41,0.0,5,0.67,0.97,11.61,2,3,2,3,0,N
19034,0,1,0,0,1,1,1,0,7.75,2.0,31.02,0.01,6,0.5,1.72,15.51,2,4,2,4,0,N
14921,0,1,0,0,1,1,1,2,7.74,1.5,17.41,0.0,5,0.67,0.97,11.61,2,3,2,3,2,N
19397,0,1,0,0,1,1,1,0,0.0,0.0,0.0,0.0,0,0.0,0.0,0.0,0,0,0,0,0,N
19565,0,1,0,0,1,1,1,0,7.75,2.0,31.02,0.01,6,0.5,1.72,15.51,2,4,2,4,0,N
22351,0,1,0,0,1,1,1,0,7.75,2.0,31.02,0.01,6,0.5,1.72,15.51,2,4,2,4,0,N
16950,0,1,0,0,1,1,1,0,7.74,1.5,17.41,0.0,5,0.67,0.97,11.61,2,3,2,3,0,N
14259,1,5,0,3,3,3,1,19,20.96,10.5,2310.82,0.07,48,0.1,128.38,220.08,21,27,12,12,19,N
17852,0,1,0,0,1,1,1,0,5.33,1.5,12.0,0.0,4,0.67,0.67,8.0,1,3,1,3,0,N
15903,0,1,0,0,1,1,1,0,6.89,3.0,62.04,0.01,8,0.33,3.45,20.68,3,5,2,4,0,N
21338,0,1,0,0,1,1,1,6,23.69,4.5,479.73,0.04,28,0.22,26.65,106.61,12,16,8,6,6,N
22815,1,3,0,0,2,1,1,8,15.07,9.75,1432.72,0.05,34,0.1,79.6,146.95,13,21,8,12,8,N
19740,0,3,0,0,2,2,1,4,11.18,5.63,353.85,0.02,17,0.18,19.66,62.91,5,12,4,9,4,N
15307,0,1,0,0,1,1,1,0,5.33,1.5,12.0,0.0,4,0.67,0.67,8.0,1,3,1,3,0,N
19376,0,3,0,0,2,2,1,3,14.28,4.0,228.44,0.02,15,0.25,12.69,57.11,6,9,6,8,3,N
17988,5,7,0,2,4,4,1,15,29.17,9.62,2696.74,0.09,62,0.1,149.82,280.46,25,37,13,10,15,N
14519,6,11,2,4,6,5,1,35,84.05,13.03,14262.1,0.36,195,0.08,792.34,1094.87,90,105,38,11,37,N
14917,3,5,4,0,3,2,1,6,17.51,9.55,1595.8,0.06,36,0.1,88.66,167.18,15,21,11,14,10,N
19194,0,3,0,0,2,2,1,4,13.67,6.0,492.27,0.03,21,0.17,27.35,82.04,6,15,5,10,4,N
19275,0,1,0,0,1,1,1,0,7.33,4.5,148.5,0.01,11,0.22,8.25,33.0,3,8,2,6,0,N
16513,0,1,0,0,1,1,1,0,7.74,1.5,17.41,0.0,5,0.67,0.97,11.61,2,3,2,3,0,N
17176,3,5,6,7,3,1,1,7,18.89,8.44,1345.03,0.05,39,0.12,74.72,159.41,15,24,8,9,13,N
22113,0,3,0,0,2,2,1,4,21.5,7.15,1099.18,0.05,35,0.14,61.07,153.73,13,22,10,11,4,N
19091,0,3,0,0,2,2,1,8,23.46,10.29,2485.24,0.08,52,0.1,138.07,241.48,19,33,12,13,8,N
15367,0,1,0,0,1,1,1,0,0.0,0.0,0.0,0.0,3,0.0,0.0,4.75,0,3,0,3,0,N
18958,0,3,0,0,2,2,1,8,23.46,10.29,2485.24,0.08,52,0.1,138.07,241.48,19,33,12,13,8,N
17515,0,1,0,0,1,1,1,2,5.33,1.5,12.0,0.0,4,0.67,0.67,8.0,1,3,1,3,2,N
21838,0,3,0,0,2,2,1,3,14.28,4.0,228.44,0.02,15,0.25,12.69,57.11,6,9,6,8,3,N
20533,0,3,0,0,2,2,1,0,9.32,5.0,233.02,0.02,13,0.2,12.95,46.6,5,8,4,8,0,N
19495,0,3,0,0,2,2,1,3,14.28,4.0,228.44,0.02,15,0.25,12.69,57.11,6,9,6,8,3,N
14849,1,1,0,0,1,1,1,2,7.74,1.5,17.41,0.0,5,0.67,0.97,11.61,2,3,2,3,2,N
23270,0,1,0,0,1,1,1,0,0.0,0.0,0.0,0.0,2,0.0,0.0,2.0,0,2,0,2,0,N
16226,0,1,0,0,1,1,1,0,5.8,2.0,23.22,0.0,5,0.5,1.29,11.61,1,4,1,4,0,N
20943,0,7,1,1,4,4,1,7,28.43,11.45,3730.7,0.11,72,0.09,207.26,325.7,21,51,11,12,8,N
23057,0,1,0,0,1,1,1,0,9.31,2.5,58.16,0.01,9,0.4,3.23,23.26,1,8,1,5,0,N
22434,0,3,0,0,2,2,1,0,8.1,3.33,90.0,0.01,9,0.3,5.0,27.0,4,5,3,5,0,N
20315,0,1,0,0,1,1,1,0,7.75,2.0,31.02,0.01,6,0.5,1.72,15.51,2,4,2,4,0,N
22866,0,1,0,0,1,1,1,0,7.75,2.0,31.02,0.01,6,0.5,1.72,15.51,2,4,2,4,0,N
17256,0,1,0,0,1,1,1,0,7.74,1.5,17.41,0.0,5,0.67,0.97,11.61,2,3,2,3,0,N
22649,0,1,0,0,1,1,1,0,6.55,3.0,58.95,0.01,7,0.33,3.28,19.65,1,6,1,6,0,N
17272,0,1,0,0,1,1,1,0,5.33,1.5,12.0,0.0,4,0.67,0.67,8.0,1,3,1,3,0,N
20312,0,1,0,0,1,1,1,0,7.75,2.0,31.02,0.01,6,0.5,1.72,15.51,2,4,2,4,0,N
15362,0,1,0,0,1,1,1,0,5.33,1.5,12.0,0.0,4,0.67,0.67,8.0,1,3,1,3,0,N
19569,0,3,0,0,2,1,1,0,7.75,2.0,31.02,0.01,6,0.5,1.72,15.51,2,4,2,4,0,N
22524,0,1,0,0,1,1,1,2,5.33,1.5,12.0,0.0,4,0.67,0.67,8.0,1,3,1,3,2,N
20423,0,1,0,0,1,1,1,0,7.33,4.5,148.5,0.01,11,0.22,8.25,33.0,3,8,2,6,0,N
20087,2,18,16,0,17,1,1,40,30.49,25.0,19056.29,0.25,138,0.04,1058.68,762.25,50,88,23,23,56,N
18179,3,1,7,0,1,1,1,1,48.37,5.36,1388.16,0.09,61,0.19,77.12,259.12,30,31,14,5,8,N
18199,6,5,0,7,3,2,1,20,22.92,21.71,10799.55,0.17,97,0.05,599.98,497.54,41,56,17,18,20,N
21380,0,1,0,0,1,1,1,8,29.93,6.75,1363.81,0.07,46,0.15,75.77,202.05,18,28,12,9,8,N
18039,4,11,0,6,6,4,6,23,39.72,13.8,7564.59,0.18,103,0.07,420.25,548.16,46,57,25,15,23,N
15952,0,1,0,0,1,1,1,0,7.74,1.5,17.41,0.0,5,0.67,0.97,11.61,2,3,2,3,0,N
21940,0,1,0,0,1,1,1,0,5.8,2.0,23.22,0.0,5,0.5,1.29,11.61,1,4,1,4,0,N
22872,9,11,0,0,6,3,4,16,24.08,20.42,10035.66,0.16,93,0.05,557.54,491.54,35,58,18,21,16,N
18641,0,1,0,0,1,1,1,0,5.8,2.0,23.22,0.0,5,0.5,1.29,11.61,1,4,1,4,0,N
17660,0,1,0,0,1,1,1,0,8.0,1.0,8.0,0.0,4,1.0,0.44,8.0,2,2,2,2,0,N
21543,0,1,0,0,1,1,1,0,7.86,2.5,49.13,0.01,7,0.4,2.73,19.65,2,5,2,5,0,N
21578,2,5,0,1,3,2,1,23,19.78,20.04,7940.87,0.13,80,0.05,441.16,396.34,33,47,14,17,23,N
22727,0,1,0,0,1,1,1,0,5.33,1.5,12.0,0.0,4,0.67,0.67,8.0,1,3,1,3,0,N
21396,0,1,0,0,1,1,1,11,29.28,11.78,4063.55,0.11,71,0.08,225.75,344.92,29,42,16,13,11,N
15109,10,40,40,12,28,16,13,74,61.8,40.48,101245.81,0.83,379,0.02,5624.77,2501.37,150,229,63,34,114,N
14709,3,1,0,0,1,1,1,2,7.74,1.5,17.41,0.0,5,0.67,0.97,11.61,2,3,2,3,2,N
22864,0,1,0,0,1,1,1,0,12.68,2.5,79.25,0.01,10,0.4,4.4,31.7,4,6,4,5,0,N
18207,12,25,6,6,13,9,3,88,40.25,78.0,244910.47,1.05,536,0.01,13606.14,3139.88,221,315,34,24,94,N
18811,1,3,0,0,2,1,1,4,5.43,7.0,266.27,0.01,12,0.14,14.79,38.04,4,8,2,7,4,N
15156,0,1,0,0,1,1,1,0,5.33,1.5,12.0,0.0,4,0.67,0.67,8.0,1,3,1,3,0,N
14934,0,1,0,0,1,1,1,2,7.74,1.5,17.41,0.0,5,0.67,0.97,11.61,2,3,2,3,2,N
14976,0,1,0,0,1,1,1,2,7.74,1.5,17.41,0.0,5,0.67,0.97,11.61,2,3,2,3,2,N
14264,1,9,0,0,5,3,3,12,17.46,16.55,4779.2,0.1,63,0.06,265.51,288.85,28,35,11,13,12,N
14182,2,3,4,0,2,1,1,4,8.76,10.0,875.69,0.03,23,0.1,48.65,87.57,8,15,4,10,8,N
22207,0,1,0,0,1,1,1,2,5.33,1.5,12.0,0.0,4,0.67,0.67,8.0,1,3,1,3,2,N
16015,0,1,0,0,1,1,1,2,7.35,8.0,470.48,0.02,17,0.13,26.14,58.81,6,11,3,8,2,N
23264,0,1,0,0,1,1,1,0,7.75,2.0,31.02,0.01,6,0.5,1.72,15.51,2,4,2,4,0,N
18404,22,7,3,69,4,4,1,29,51.63,17.0,14919.63,0.29,158,0.06,828.87,877.63,60,98,30,17,32,N
22033,26,11,3,1,6,2,6,18,23.47,24.5,14087.5,0.19,115,0.04,782.64,575.0,49,66,16,16,21,N
21800,2,13,1,8,7,6,6,54,25.11,40.0,40181.42,0.33,184,0.03,2232.3,1004.54,80,104,22,22,55,N
20578,0,1,0,0,1,1,1,0,11.86,3.5,145.3,0.01,12,0.29,8.07,41.51,4,8,4,7,0,N
20157,0,1,0,0,1,1,1,0,7.75,2.0,31.02,0.01,6,0.5,1.72,15.51,2,4,2,4,0,N
16848,0,1,0,0,1,1,1,0,5.33,1.5,12.0,0.0,4,0.67,0.67,8.0,1,3,1,3,0,N
21456,0,1,0,0,1,1,1,0,6.55,3.0,58.95,0.01,7,0.33,3.28,19.65,1,6,1,6,0,N
16396,0,1,0,0,1,1,1,0,0.0,0.0,0.0,0.0,2,0.0,0.0,2.0,0,2,0,2,0,N
22156,0,1,0,0,1,1,1,0,5.33,1.5,12.0,0.0,4,0.67,0.67,8.0,1,3,1,3,0,N
16690,3,11,0,3,7,1,3,31,27.23,23.81,15434.85,0.22,121,0.04,857.49,648.26,50,71,21,20,31,N
21555,0,1,0,0,1,1,1,0,9.0,3.0,81.0,0.01,9,0.33,4.5,27.0,2,7,2,6,0,N
15167,0,1,0,0,1,1,1,0,7.74,1.5,17.41,0.0,5,0.67,0.97,11.61,2,3,2,3,0,N
19552,0,1,0,0,1,1,1,0,5.33,1.5,12.0,0.0,4,0.67,0.67,8.0,1,3,1,3,0,N
19036,0,1,0,0,1,1,1,0,5.8,2.0,23.22,0.0,5,0.5,1.29,11.61,1,4,1,4,0,N
17208,20,23,3,48,12,5,6,50,20.4,43.71,38982.45,0.3,180,0.02,2165.69,891.76,72,108,14,17,53,N
19119,0,1,0,0,1,1,1,0,5.8,2.0,23.22,0.0,5,0.5,1.29,11.61,1,4,1,4,0,N
17878,0,1,0,0,1,1,1,0,7.75,2.0,31.02,0.01,6,0.5,1.72,15.51,2,4,2,4,0,N
14957,1,1,0,0,1,1,1,2,7.74,1.5,17.41,0.0,5,0.67,0.97,11.61,2,3,2,3,2,N
16727,0,1,0,0,1,1,1,0,7.74,1.5,17.41,0.0,5,0.67,0.97,11.61,2,3,2,3,0,N
19138,0,1,0,0,1,1,1,0,0.0,0.0,0.0,0.0,0,0.0,0.0,0.0,0,0,0,0,0,N
19564,0,1,0,0,1,1,1,0,7.75,2.0,31.02,0.01,6,0.5,1.72,15.51,2,4,2,4,0,N
21121,23,1,10,12,1,1,1,14,134.27,3.82,1957.52,0.17,97,0.26,108.75,512.67,42,55,33,6,24,N
20058,2,1,2,0,1,1,1,2,8.43,5.33,239.85,0.01,13,0.19,13.33,44.97,4,9,3,8,4,N
21572,2,3,0,2,2,1,1,8,20.31,5.25,559.68,0.04,28,0.19,31.09,106.61,14,14,8,6,8,N
19113,0,1,0,0,1,1,1,2,13.5,2.0,54.0,0.01,9,0.5,3.0,27.0,4,5,4,4,2,N
20299,0,1,0,0,1,1,1,0,7.75,2.0,31.02,0.01,6,0.5,1.72,15.51,2,4,2,4,0,N
23242,0,1,0,0,1,1,1,0,5.33,1.5,12.0,0.0,4,0.67,0.67,8.0,1,3,1,3,0,N
16275,1,3,0,0,2,1,1,7,14.16,8.0,906.4,0.04,29,0.13,50.36,113.3,14,15,7,8,7,N
23166,0,1,0,0,1,1,1,0,7.75,2.0,31.02,0.01,6,0.5,1.72,15.51,2,4,2,4,0,N
15335,0,1,0,0,1,1,1,0,7.86,2.5,49.13,0.01,7,0.4,2.73,19.65,2,5,2,5,0,N
18815,4,3,0,0,1,1,1,3,13.29,3.0,119.59,0.01,12,0.33,6.64,39.86,4,8,4,6,3,N
15048,0,1,1,0,1,1,1,1,7.74,1.5,17.41,0.0,5,0.67,0.97,11.61,2,3,2,3,2,N
20863,1,5,1,0,3,2,1,20,24.4,15.79,6079.8,0.13,81,0.06,337.77,385.15,34,47,14,13,21,N
15014,2,3,4,0,2,2,1,2,15.07,4.67,328.11,0.02,19,0.21,18.23,70.31,8,11,6,7,6,N
16460,0,1,0,0,1,1,1,0,7.74,1.5,17.41,0.0,5,0.67,0.97,11.61,2,3,2,3,0,N
18464,0,1,0,0,1,1,1,0,7.75,2.0,31.02,0.01,6,0.5,1.72,15.51,2,4,2,4,0,N
17294,2,7,0,0,4,2,3,11,12.35,16.0,3162.47,0.07,45,0.06,175.69,197.65,16,29,7,14,11,N
17955,0,1,0,0,1,1,1,0,8.3,6.0,298.97,0.02,15,0.17,16.61,49.83,3,12,2,8,0,N
23006,1,9,0,0,5,3,3,12,17.46,16.55,4779.2,0.1,63,0.06,265.51,288.85,28,35,11,13,12,N
19955,0,1,0,0,1,1,1,2,8.98,2.5,56.15,0.01,8,0.4,3.12,22.46,2,6,2,5,2,N
19328,0,1,0,0,1,1,1,0,5.33,1.5,12.0,0.0,4,0.67,0.67,8.0,1,3,1,3,0,N
16862,0,1,0,0,1,1,1,0,5.33,1.5,12.0,0.0,4,0.67,0.67,8.0,1,3,1,3,0,N
15017,0,1,1,0,1,1,1,1,7.74,1.5,17.41,0.0,5,0.67,0.97,11.61,2,3,2,3,2,N
22498,0,1,0,0,1,1,1,0,7.75,2.0,31.02,0.01,6,0.5,1.72,15.51,2,4,2,4,0,N
15930,0,1,0,0,1,1,1,0,7.74,1.5,17.41,0.0,5,0.67,0.97,11.61,2,3,2,3,0,N
22318,0,1,0,0,1,1,1,0,6.2,2.5,38.77,0.01,6,0.4,2.15,15.51,1,5,1,5,0,N
18181,2,3,7,2,2,2,1,8,26.22,13.6,4849.99,0.12,75,0.07,269.44,356.62,34,41,15,12,15,N
21973,0,1,0,0,1,1,1,0,5.33,1.5,12.0,0.0,4,0.67,0.67,8.0,1,3,1,3,0,N
17328,0,3,0,0,2,2,1,5,15.36,3.5,188.21,0.02,15,0.29,10.46,53.77,5,10,5,7,5,N
16763,0,1,0,0,1,1,1,0,7.74,1.5,17.41,0.0,5,0.67,0.97,11.61,2,3,2,3,0,N
20105,0,1,0,0,1,1,1,0,8.6,7.5,483.97,0.02,18,0.13,26.89,64.53,5,13,3,9,0,N
15392,0,1,0,0,1,1,1,0,5.33,1.5,12.0,0.0,4,0.67,0.67,8.0,1,3,1,3,0,N
23425,0,1,0,0,1,1,1,2,5.33,1.5,12.0,0.0,4,0.67,0.67,8.0,1,3,1,3,2,N
19243,0,1,0,0,1,1,1,6,17.51,5.0,437.85,0.03,23,0.2,24.32,87.57,10,13,7,7,6,N
20102,0,1,0,0,1,1,1,0,8.3,6.67,369.01,0.02,16,0.15,20.5,55.35,5,11,3,8,0,N
21363,0,1,0,0,1,1,1,10,23.44,11.0,2836.27,0.09,57,0.09,157.57,257.83,24,33,12,11,10,N
19610,0,1,0,0,1,1,1,0,5.33,1.5,12.0,0.0,4,0.67,0.67,8.0,1,3,1,3,0,N
17548,1,3,0,0,2,2,1,9,18.89,5.63,597.79,0.04,26,0.18,33.21,106.27,10,16,8,9,9,N
17578,6,3,0,0,2,2,1,4,9.08,5.33,258.3,0.02,14,0.19,14.35,48.43,4,10,3,8,4,N
16550,0,1,0,0,1,1,1,0,5.33,1.5,12.0,0.0,4,0.67,0.67,8.0,1,3,1,3,0,N
18944,0,1,0,0,1,1,1,0,9.0,3.0,81.0,0.01,9,0.33,4.5,27.0,2,7,2,6,0,N
19946,0,3,0,0,2,1,1,0,7.75,2.0,31.02,0.01,6,0.5,1.72,15.51,2,4,2,4,0,N
20589,1,3,0,0,2,1,1,8,15.07,9.75,1432.72,0.05,34,0.1,79.6,146.95,13,21,8,12,8,N
20808,0,1,1,0,1,1,1,1,7.75,2.0,31.02,0.01,6,0.5,1.72,15.51,2,4,2,4,2,N
19882,0,3,0,0,2,2,1,3,14.28,4.0,228.44,0.02,15,0.25,12.69,57.11,6,9,6,8,3,N
23408,0,3,0,0,2,1,1,0,7.75,2.0,31.02,0.01,6,0.5,1.72,15.51,2,4,2,4,0,N
15947,0,1,0,0,1,1,1,1,0.0,0.0,0.0,0.0,1,0.0,0.0,0.0,0,1,0,1,1,N
21978,0,3,0,0,2,2,1,5,15.36,3.5,188.21,0.02,15,0.29,10.46,53.77,5,10,5,7,5,N
19547,0,1,0,0,1,1,1,0,5.33,1.5,12.0,0.0,4,0.67,0.67,8.0,1,3,1,3,0,N
16977,0,1,0,0,1,1,1,0,5.33,1.5,12.0,0.0,4,0.67,0.67,8.0,1,3,1,3,0,N
14643,7,9,12,1,5,2,1,21,40.72,17.43,12369.51,0.24,130,0.06,687.2,709.73,61,69,28,16,33,N
15521,0,1,0,0,1,1,1,0,7.74,1.5,17.41,0.0,5,0.67,0.97,11.61,2,3,2,3,0,N
22255,0,1,0,0,1,1,1,4,10.24,7.0,501.89,0.02,20,0.14,27.88,71.7,7,13,4,8,4,N
23106,0,1,0,0,1,1,1,0,7.75,2.0,31.02,0.01,6,0.5,1.72,15.51,2,4,2,4,0,N
19710,0,3,0,0,2,2,1,0,7.86,2.5,49.13,0.01,7,0.4,2.73,19.65,2,5,2,5,0,N
20130,0,1,0,0,1,1,1,6,17.51,5.0,437.85,0.03,23,0.2,24.32,87.57,10,13,7,7,6,N
19866,0,1,0,0,1,1,1,0,8.6,7.5,483.97,0.02,18,0.13,26.89,64.53,5,13,3,9,0,N
17299,0,1,0,0,1,1,1,0,7.75,2.0,31.02,0.01,6,0.5,1.72,15.51,2,4,2,4,0,N
23296,0,1,0,0,1,1,1,0,7.74,1.5,17.41,0.0,5,0.67,0.97,11.61,2,3,2,3,0,N
18051,2,5,0,1,3,2,1,23,19.78,20.04,7940.87,0.13,80,0.05,441.16,396.34,33,47,14,17,23,N
18456,0,3,0,0,2,1,1,3,5.07,8.75,388.32,0.01,14,0.11,21.57,44.38,5,9,2,7,3,N
21390,1,1,0,0,1,1,1,7,24.54,6.75,1118.27,0.06,39,0.15,62.13,165.67,15,24,10,9,7,N
17612,0,3,0,0,2,2,1,0,9.32,5.0,233.02,0.02,13,0.2,12.95,46.6,5,8,4,8,0,N
19442,0,1,0,0,1,1,1,0,7.75,2.0,31.02,0.01,6,0.5,1.72,15.51,2,4,2,4,0,N
16900,0,1,0,0,1,1,1,0,5.33,1.5,12.0,0.0,4,0.67,0.67,8.0,1,3,1,3,0,N
22681,11,1,0,10,1,1,1,9,86.0,1.6,220.17,0.05,33,0.63,12.23,137.61,16,17,15,3,9,N
15411,0,1,0,0,1,1,1,0,5.33,1.5,12.0,0.0,4,0.67,0.67,8.0,1,3,1,3,0,N
17335,0,1,0,0,1,1,1,0,7.75,2.0,31.02,0.01,6,0.5,1.72,15.51,2,4,2,4,0,N
19745,0,1,0,0,1,1,1,0,0.0,0.0,0.0,0.0,0,0.0,0.0,0.0,0,0,0,0,0,N
14723,5,5,6,5,1,1,1,13,26.83,11.08,3292.14,0.1,64,0.09,182.9,297.21,24,40,13,12,19,N
16975,0,1,0,0,1,1,1,0,5.33,1.5,12.0,0.0,4,0.67,0.67,8.0,1,3,1,3,0,N
16331,0,1,0,0,1,1,1,0,5.33,1.5,12.0,0.0,4,0.67,0.67,8.0,1,3,1,3,0,N
20640,0,1,0,0,1,1,1,0,7.75,2.0,31.02,0.01,6,0.5,1.72,15.51,2,4,2,4,0,N
17594,0,1,0,0,1,1,1,0,5.33,1.5,12.0,0.0,4,0.67,0.67,8.0,1,3,1,3,0,N
16803,0,5,0,0,3,2,1,5,11.52,3.75,161.94,0.01,13,0.27,9.0,43.19,5,8,4,6,5,N
18952,0,1,0,0,1,1,1,0,0.0,0.0,0.0,0.0,1,0.0,0.0,0.0,0,1,0,1,0,N
18551,0,1,0,0,1,1,1,0,8.3,6.67,369.01,0.02,16,0.15,20.5,55.35,5,11,3,8,0,N
15669,0,1,0,0,1,1,1,0,5.33,1.5,12.0,0.0,4,0.67,0.67,8.0,1,3,1,3,0,N
20350,0,1,0,0,1,1,1,2,5.33,1.5,12.0,0.0,4,0.67,0.67,8.0,1,3,1,3,2,N
16657,8,17,32,3,13,10,4,48,49.82,25.34,31983.69,0.42,212,0.04,1776.87,1262.29,75,137,37,25,80,N
22136,0,1,0,0,1,1,1,2,13.5,2.0,54.0,0.01,9,0.5,3.0,27.0,4,5,4,4,2,N
17269,0,1,0,0,1,1,1,1,0.0,0.0,0.0,0.0,1,0.0,0.0,0.0,0,1,0,1,1,N
20894,33,5,20,21,1,1,1,66,57.98,97.74,553920.61,1.89,1026,0.01,30773.37,5667.17,404,622,31,15,86,N
18846,1,9,0,0,5,3,3,12,17.46,16.55,4779.2,0.1,63,0.06,265.51,288.85,28,35,11,13,12,N
15331,0,1,0,0,1,1,1,0,5.33,1.5,12.0,0.0,4,0.67,0.67,8.0,1,3,1,3,0,N
18755,4,5,0,2,3,1,3,8,13.78,10.08,1401.32,0.05,34,0.1,77.85,138.97,11,23,6,11,8,N
15064,0,1,0,0,1,1,1,1,0.0,0.0,0.0,0.0,1,0.0,0.0,0.0,0,1,0,1,1,N
17577,0,3,0,0,2,2,1,4,9.25,4.67,201.53,0.01,13,0.21,11.2,43.19,4,9,3,7,4,N
14186,2,3,1,0,2,1,1,7,7.32,8.17,488.32,0.02,18,0.12,27.13,59.79,7,11,3,7,8,N
14992,0,1,0,0,1,1,1,2,7.74,1.5,17.41,0.0,5,0.67,0.97,11.61,2,3,2,3,2,N
16582,2,3,2,0,2,1,1,9,12.13,11.0,1467.81,0.04,32,0.09,81.55,133.44,11,21,6,12,11,N
23391,0,1,0,0,1,1,1,0,5.33,1.5,12.0,0.0,4,0.67,0.67,8.0,1,3,1,3,0,N
22019,0,1,0,0,1,1,1,2,7.86,2.5,49.13,0.01,7,0.4,2.73,19.65,2,5,2,5,2,N
18741,0,3,0,1,2,1,1,8,8.88,9.0,719.59,0.03,21,0.11,39.98,79.95,10,11,5,9,8,N
18676,0,1,0,0,1,1,1,0,5.33,1.5,12.0,0.0,4,0.67,0.67,8.0,1,3,1,3,0,N
15022,0,1,1,0,1,1,1,1,7.74,1.5,17.41,0.0,5,0.67,0.97,11.61,2,3,2,3,2,N
18667,0,1,0,0,1,1,1,0,0.0,0.0,0.0,0.0,1,0.0,0.0,0.0,0,1,0,1,0,N
19155,0,1,0,0,1,1,1,0,7.75,2.0,31.02,0.01,6,0.5,1.72,15.51,2,4,2,4,0,N
17843,0,1,0,0,1,1,1,0,7.75,2.0,31.02,0.01,6,0.5,1.72,15.51,2,4,2,4,0,N
22142,0,1,0,0,1,1,1,0,5.8,2.0,23.22,0.0,5,0.5,1.29,11.61,1,4,1,4,0,N
16923,0,1,0,0,1,1,1,0,5.33,1.5,12.0,0.0,4,0.67,0.67,8.0,1,3,1,3,0,N
19827,0,1,0,0,1,1,1,6,13.45,5.4,392.3,0.02,21,0.19,21.79,72.65,9,12,5,6,6,N
19725,0,9,0,0,5,1,1,18,6.16,28.5,5006.4,0.06,49,0.04,278.13,175.66,19,30,3,9,18,N
20674,0,1,0,0,1,1,1,0,5.33,1.5,12.0,0.0,4,0.67,0.67,8.0,1,3,1,3,0,N
18519,0,1,0,0,1,1,1,0,7.75,2.0,31.02,0.01,6,0.5,1.72,15.51,2,4,2,4,0,N
18533,0,1,0,0,1,1,1,2,5.33,1.5,12.0,0.0,4,0.67,0.67,8.0,1,3,1,3,2,N
20114,0,1,0,0,1,1,1,4,9.47,2.67,67.38,0.01,9,0.38,3.74,25.27,4,5,3,4,4,N
16578,2,3,2,0,2,1,1,9,12.13,11.0,1467.81,0.04,32,0.09,81.55,133.44,11,21,6,12,11,N
15187,12,1,13,9,1,1,1,6,76.17,7.41,4179.42,0.19,110,0.14,232.19,564.22,50,60,27,8,19,N
21743,0,1,0,0,1,1,1,0,5.8,2.0,23.22,0.0,5,0.5,1.29,11.61,1,4,1,4,0,N
14371,11,23,4,18,12,10,11,46,62.33,27.16,45986.37,0.56,297,0.04,2554.8,1693.03,134,163,37,15,50,N
15748,0,1,0,0,1,1,1,0,5.33,1.5,12.0,0.0,4,0.67,0.67,8.0,1,3,1,3,0,N
17420,0,3,0,0,2,2,1,3,14.28,4.0,228.44,0.02,15,0.25,12.69,57.11,6,9,6,8,3,N
16808,0,1,0,0,1,1,1,0,5.33,1.5,12.0,0.0,4,0.67,0.67,8.0,1,3,1,3,0,N
21655,0,1,0,0,1,1,1,2,8.98,2.5,56.15,0.01,8,0.4,3.12,22.46,2,6,2,5,2,N
22582,0,1,0,0,1,1,1,0,6.55,3.0,58.95,0.01,7,0.33,3.28,19.65,1,6,1,6,0,N
19232,1,5,0,3,3,3,1,19,19.07,10.91,2270.01,0.07,46,0.09,126.11,208.08,20,26,11,12,19,N
18398,3,3,0,0,2,2,1,16,30.45,4.62,648.71,0.05,32,0.22,36.04,140.55,15,17,13,8,16,N
20040,0,7,0,0,6,1,1,30,44.38,11.05,5420.93,0.16,99,0.09,301.16,490.47,35,64,19,12,30,N
19323,0,1,0,0,1,1,1,0,7.86,2.5,49.13,0.01,7,0.4,2.73,19.65,2,5,2,5,0,N
18623,0,1,0,0,1,1,1,0,7.75,2.0,31.02,0.01,6,0.5,1.72,15.51,2,4,2,4,0,N
22923,1,5,4,1,3,2,1,6,20.54,4.38,393.13,0.03,23,0.23,21.84,89.86,10,13,8,7,10,N
22925,1,5,4,1,3,2,1,6,20.54,4.38,393.13,0.03,23,0.23,21.84,89.86,10,13,8,7,10,N
16176,0,1,0,0,1,1,1,0,7.74,1.5,17.41,0.0,5,0.67,0.97,11.61,2,3,2,3,0,N
19228,2,13,1,8,7,6,6,54,25.11,40.0,40181.42,0.33,184,0.03,2232.3,1004.54,80,104,22,22,55,N
20074,0,1,0,0,1,1,1,0,7.74,1.5,17.41,0.0,5,0.67,0.97,11.61,2,3,2,3,0,N
21066,5,5,3,4,3,1,1,14,21.23,13.64,3947.84,0.1,64,0.07,219.32,289.51,25,39,11,12,17,N
15910,0,1,0,0,1,1,1,0,7.74,1.5,17.41,0.0,5,0.67,0.97,11.61,2,3,2,3,0,N
21089,0,1,0,0,1,1,1,0,0.0,0.0,0.0,0.0,0,0.0,0.0,0.0,0,0,0,0,0,N
21955,0,1,0,0,1,1,1,3,12.0,2.5,75.0,0.01,10,0.4,4.17,30.0,3,7,3,5,3,N
21325,0,1,0,0,1,1,1,6,22.64,7.0,1109.2,0.05,38,0.14,61.62,158.46,14,24,9,9,6,N
14680,0,1,0,0,1,1,1,2,11.86,3.5,145.3,0.01,12,0.29,8.07,41.51,4,8,4,7,2,N
19432,0,1,0,0,1,1,1,0,7.75,2.0,31.02,0.01,6,0.5,1.72,15.51,2,4,2,4,0,N
15166,0,1,0,0,1,1,1,0,7.74,1.5,17.41,0.0,5,0.67,0.97,11.61,2,3,2,3,0,N
18890,0,1,0,0,1,1,1,0,7.33,4.5,148.5,0.01,11,0.22,8.25,33.0,3,8,2,6,0,N
19690,0,1,0,0,1,1,1,4,10.24,7.0,501.89,0.02,20,0.14,27.88,71.7,7,13,4,8,4,N
22552,0,3,0,0,2,2,1,4,10.88,5.6,341.29,0.02,17,0.18,18.96,60.94,8,9,5,7,4,N
18560,0,3,0,0,2,2,1,4,11.99,6.67,533.03,0.03,21,0.15,29.61,79.95,10,11,6,8,4,N
14233,3,5,5,0,3,1,1,6,13.67,11.43,1786.01,0.05,40,0.09,99.22,156.28,20,20,7,8,11,N
14276,0,3,0,0,2,2,1,0,9.32,5.0,233.02,0.02,13,0.2,12.95,46.6,5,8,4,8,0,N
20326,0,1,0,0,1,1,1,2,5.33,1.5,12.0,0.0,4,0.67,0.67,8.0,1,3,1,3,2,N
20681,0,1,0,0,1,1,1,0,6.55,3.0,58.95,0.01,7,0.33,3.28,19.65,1,6,1,6,0,N
17007,0,1,0,0,1,1,1,0,5.33,1.5,12.0,0.0,4,0.67,0.67,8.0,1,3,1,3,0,N
20571,0,1,0,0,1,1,1,0,6.2,2.5,38.77,0.01,6,0.4,2.15,15.51,1,5,1,5,0,N
16508,0,1,0,0,1,1,1,0,5.33,1.5,12.0,0.0,4,0.67,0.67,8.0,1,3,1,3,0,N
15303,0,1,0,0,1,1,1,0,5.33,1.5,12.0,0.0,4,0.67,0.67,8.0,1,3,1,3,0,N
22280,0,1,0,0,1,1,1,0,7.86,2.5,49.13,0.01,7,0.4,2.73,19.65,2,5,2,5,0,N
21666,0,1,0,0,1,1,1,0,5.33,1.5,12.0,0.0,4,0.67,0.67,8.0,1,3,1,3,0,N
23210,0,1,0,0,1,1,1,0,7.75,2.0,31.02,0.01,6,0.5,1.72,15.51,2,4,2,4,0,N
21469,0,1,0,0,1,1,1,0,7.75,2.0,31.02,0.01,6,0.5,1.72,15.51,2,4,2,4,0,N
23078,0,1,0,0,1,1,1,0,5.33,1.5,12.0,0.0,4,0.67,0.67,8.0,1,3,1,3,0,N
19762,0,1,0,0,1,1,1,0,8.3,6.0,298.97,0.02,15,0.17,16.61,49.83,3,12,2,8,0,N
18324,4,3,0,0,2,2,1,12,14.7,10.21,1533.34,0.05,36,0.1,85.19,150.12,13,23,7,11,12,N
17366,0,1,0,0,1,1,1,0,6.55,3.0,58.95,0.01,7,0.33,3.28,19.65,1,6,1,6,0,N
18107,0,1,0,0,1,1,1,0,7.75,2.0,31.02,0.01,6,0.5,1.72,15.51,2,4,2,4,0,N
21272,0,1,0,0,1,1,1,0,5.33,1.5,12.0,0.0,4,0.67,0.67,8.0,1,3,1,3,0,N
18363,2,5,0,3,3,2,1,10,14.31,15.11,3267.33,0.07,46,0.07,181.52,216.22,16,30,9,17,10,N
18407,2,26,0,1,21,20,1,85,58.9,39.38,91316.89,0.77,353,0.03,5073.16,2319.16,135,218,60,35,85,N
19338,0,1,0,0,1,1,1,0,9.51,3.0,85.59,0.01,9,0.33,4.75,28.53,3,6,3,6,0,N
17950,0,1,0,0,1,1,1,0,11.23,2.0,44.92,0.01,8,0.5,2.5,22.46,3,5,3,4,0,N
18895,0,1,0,0,1,1,1,0,7.75,2.0,31.02,0.01,6,0.5,1.72,15.51,2,4,2,4,0,N
14930,0,1,0,0,1,1,1,2,7.74,1.5,17.41,0.0,5,0.67,0.97,11.61,2,3,2,3,2,N
20655,0,3,0,0,2,1,1,0,7.75,2.0,31.02,0.01,6,0.5,1.72,15.51,2,4,2,4,0,N
21999,0,1,0,0,1,1,1,2,6.2,2.5,38.77,0.01,6,0.4,2.15,15.51,1,5,1,5,2,N
16634,1,1,3,0,1,1,1,2,10.75,6.0,387.18,0.02,18,0.17,21.51,64.53,6,12,4,8,5,N
17874,0,1,0,0,1,1,1,3,15.5,3.0,139.52,0.02,14,0.33,7.75,46.51,6,8,5,5,3,N
16713,0,3,0,0,2,1,1,5,10.41,6.4,426.29,0.02,18,0.16,23.68,66.61,8,10,5,8,5,N
20888,4,1,4,1,1,1,1,11,33.7,8.91,2674.82,0.1,72,0.11,148.6,300.23,28,44,11,7,15,N
18563,0,1,0,0,1,1,1,0,7.86,2.5,49.13,0.01,7,0.4,2.73,19.65,2,5,2,5,0,N
16420,0,1,0,0,1,1,1,0,5.33,1.5,12.0,0.0,4,0.67,0.67,8.0,1,3,1,3,0,N
21427,2,1,6,3,1,1,1,6,60.1,3.63,792.63,0.07,47,0.28,44.04,218.26,23,24,19,6,12,N
16854,0,1,0,0,1,1,1,0,5.33,1.5,12.0,0.0,4,0.67,0.67,8.0,1,3,1,3,0,N
19093,0,1,0,0,1,1,1,0,8.3,6.67,369.01,0.02,16,0.15,20.5,55.35,5,11,3,8,0,N
22035,33,9,0,0,5,1,5,22,20.3,25.14,12830.82,0.17,104,0.04,712.82,510.32,44,60,14,16,22,N
22282,0,1,0,0,1,1,1,3,16.5,2.0,66.0,0.01,11,0.5,3.67,33.0,4,7,4,4,3,N
14688,3,1,1,0,1,1,1,2,16.84,1.5,37.9,0.01,9,0.67,2.11,25.27,4,5,4,3,3,N
21832,0,3,0,0,2,2,1,0,7.75,2.0,31.02,0.01,6,0.5,1.72,15.51,2,4,2,4,0,N
16648,8,17,32,3,13,10,4,48,49.82,25.34,31983.69,0.42,212,0.04,1776.87,1262.29,75,137,37,25,80,N
14126,2,1,0,3,1,1,1,7,20.08,5.5,607.27,0.04,29,0.18,33.74,110.41,11,18,7,7,7,N
17413,0,3,0,0,2,2,1,0,6.69,7.5,376.42,0.02,14,0.13,20.91,50.19,5,9,3,9,0,N
20323,0,1,0,0,1,1,1,2,8.98,2.5,56.15,0.01,8,0.4,3.12,22.46,2,6,2,5,2,N
15778,0,1,0,0,1,1,1,0,0.0,0.0,0.0,0.0,0,0.0,0.0,0.0,0,0,0,0,0,N
21776,0,1,0,0,1,1,1,2,5.33,1.5,12.0,0.0,4,0.67,0.67,8.0,1,3,1,3,2,N
23007,1,9,0,0,5,3,3,12,17.46,16.55,4779.2,0.1,63,0.06,265.51,288.85,28,35,11,13,12,N
15566,0,1,0,0,1,1,1,0,5.33,1.5,12.0,0.0,4,0.67,0.67,8.0,1,3,1,3,0,N
23502,1,1,0,4,1,1,1,4,21.67,1.8,70.2,0.01,13,0.56,3.9,39.0,6,7,5,3,4,N
20758,1,5,0,1,1,1,1,22,32.46,17.2,9603.65,0.19,108,0.06,533.54,558.35,43,65,20,16,22,N
14876,1,1,0,0,1,1,1,2,7.74,1.5,17.41,0.0,5,0.67,0.97,11.61,2,3,2,3,2,N
20231,0,1,0,0,1,1,1,3,9.9,3.33,110.0,0.01,11,0.3,6.11,33.0,4,7,3,5,3,N
20385,1,5,0,0,3,3,1,13,17.24,7.5,969.51,0.04,31,0.13,53.86,129.27,12,19,8,10,13,N
15063,19,37,4,1,19,1,1,51,73.7,8.1,4835.34,0.2,127,0.12,268.63,596.96,54,73,20,6,55,N
23260,0,1,0,0,1,1,1,0,7.75,2.0,31.02,0.01,6,0.5,1.72,15.51,2,4,2,4,0,N
20700,3,7,0,4,1,1,1,27,34.35,13.68,6431.58,0.16,94,0.07,357.31,470.0,40,54,19,13,27,N
21223,2,11,2,0,6,1,3,32,19.66,21.25,8877.96,0.14,86,0.05,493.22,417.79,30,56,12,17,34,N
17586,0,1,0,0,1,1,1,4,13.45,3.6,174.36,0.02,14,0.28,9.69,48.43,6,8,5,6,4,N
18937,0,1,0,0,1,1,1,2,5.33,1.5,12.0,0.0,4,0.67,0.67,8.0,1,3,1,3,2,N
22791,0,1,0,0,1,1,1,0,7.75,2.0,31.02,0.01,6,0.5,1.72,15.51,2,4,2,4,0,N
14292,0,1,0,0,1,1,1,0,7.75,2.0,31.02,0.01,6,0.5,1.72,15.51,2,4,2,4,0,N
18995,0,3,0,0,2,2,1,4,11.18,5.63,353.85,0.02,17,0.18,19.66,62.91,5,12,4,9,4,N
15361,0,1,0,0,1,1,1,0,5.33,1.5,12.0,0.0,4,0.67,0.67,8.0,1,3,1,3,0,N
17236,0,1,0,0,1,1,1,0,5.33,1.5,12.0,0.0,4,0.67,0.67,8.0,1,3,1,3,0,N
18751,7,7,0,24,4,3,4,21,21.18,20.9,9250.53,0.15,87,0.05,513.91,442.61,33,54,15,19,21,N
16691,0,1,0,0,1,1,1,0,0.0,0.0,0.0,0.0,3,0.0,0.0,4.75,0,3,0,3,0,N
17685,0,1,0,0,1,1,1,0,7.75,2.0,31.02,0.01,6,0.5,1.72,15.51,2,4,2,4,0,N
14116,8,11,14,4,6,3,1,20,26.76,22.02,12978.67,0.2,110,0.05,721.04,589.33,51,59,22,19,34,N
19865,2,5,0,1,3,2,1,23,19.78,20.04,7940.87,0.13,80,0.05,441.16,396.34,33,47,14,17,23,N
17865,3,9,3,1,5,4,1,24,51.6,10.12,5284.28,0.17,101,0.1,293.57,522.15,46,55,25,11,27,N
17644,0,5,0,0,3,2,1,7,11.89,13.13,2048.55,0.05,35,0.08,113.81,156.08,15,20,8,14,7,N
23043,0,1,0,0,1,1,1,0,7.75,2.0,31.02,0.01,6,0.5,1.72,15.51,2,4,2,4,0,N
15576,0,1,0,0,1,1,1,0,7.74,1.5,17.41,0.0,5,0.67,0.97,11.61,2,3,2,3,0,N
19246,2,7,0,0,4,2,3,11,12.35,16.0,3162.47,0.07,45,0.06,175.69,197.65,16,29,7,14,11,N
23379,0,1,0,0,1,1,1,0,8.3,6.0,298.97,0.02,15,0.17,16.61,49.83,3,12,2,8,0,N
17512,0,1,0,0,1,1,1,0,6.55,3.0,58.95,0.01,7,0.33,3.28,19.65,1,6,1,6,0,N
15965,0,1,0,0,1,1,1,0,6.2,2.5,38.77,0.01,6,0.4,2.15,15.51,1,5,1,5,0,N
22895,0,3,0,0,2,2,1,5,23.23,6.05,850.35,0.05,32,0.17,47.24,140.55,11,21,10,11,5,N
16028,0,1,0,0,1,1,1,0,5.33,1.5,12.0,0.0,4,0.67,0.67,8.0,1,3,1,3,0,N
21352,1,1,0,0,1,1,1,9,34.17,7.96,2165.74,0.09,61,0.13,120.32,272.03,23,38,13,9,9,N
15578,0,1,0,0,1,1,1,0,7.74,1.5,17.41,0.0,5,0.67,0.97,11.61,2,3,2,3,0,N
14743,0,1,2,0,1,1,1,1,13.5,2.0,54.0,0.01,9,0.5,3.0,27.0,4,5,4,4,3,N
22497,0,1,0,0,1,1,1,0,6.86,3.5,84.0,0.01,8,0.29,4.67,24.0,1,7,1,7,0,N
22636,0,1,0,0,1,1,1,0,7.75,2.0,31.02,0.01,6,0.5,1.72,15.51,2,4,2,4,0,N
14970,1,1,0,0,1,1,1,2,7.74,1.5,17.41,0.0,5,0.67,0.97,11.61,2,3,2,3,2,N
19557,0,1,0,0,1,1,1,0,9.51,3.0,85.59,0.01,9,0.33,4.75,28.53,3,6,3,6,0,N
16739,0,1,0,0,1,1,1,0,5.33,1.5,12.0,0.0,4,0.67,0.67,8.0,1,3,1,3,0,N
17266,0,1,0,0,1,1,1,0,5.33,1.5,12.0,0.0,4,0.67,0.67,8.0,1,3,1,3,0,N
16963,0,1,0,0,1,1,1,0,5.33,1.5,12.0,0.0,4,0.67,0.67,8.0,1,3,1,3,0,N
23119,0,1,0,0,1,1,1,0,8.3,6.0,298.97,0.02,15,0.17,16.61,49.83,3,12,2,8,0,N
16694,0,1,0,0,1,1,1,0,5.33,1.5,12.0,0.0,4,0.67,0.67,8.0,1,3,1,3,0,N
21541,0,1,0,0,1,1,1,2,5.33,1.5,12.0,0.0,4,0.67,0.67,8.0,1,3,1,3,2,N
19363,1,9,0,0,5,3,3,12,17.46,16.55,4779.2,0.1,63,0.06,265.51,288.85,28,35,11,13,12,N
14075,0,1,0,0,1,1,1,0,0.0,0.0,0.0,0.0,0,0.0,0.0,0.0,0,0,0,0,0,N
16443,0,1,0,0,1,1,1,0,5.8,2.0,23.22,0.0,5,0.5,1.29,11.61,1,4,1,4,0,N
21101,0,1,0,0,1,1,1,2,7.74,1.5,17.41,0.0,5,0.67,0.97,11.61,2,3,2,3,2,N
15842,0,1,0,0,1,1,1,0,5.33,1.5,12.0,0.0,4,0.67,0.67,8.0,1,3,1,3,0,N
21960,0,1,0,0,1,1,1,0,6.55,3.0,58.95,0.01,7,0.33,3.28,19.65,1,6,1,6,0,N
19423,0,1,0,0,1,1,1,3,9.51,3.0,85.59,0.01,9,0.33,4.75,28.53,3,6,3,6,3,N
14604,0,1,0,0,1,1,1,0,9.51,3.0,85.59,0.01,9,0.33,4.75,28.53,3,6,3,6,0,N
21852,0,1,0,0,1,1,1,1,7.74,1.5,17.41,0.0,5,0.67,0.97,11.61,2,3,2,3,1,N
22916,6,5,0,0,3,2,1,13,21.0,22.4,10536.98,0.16,89,0.04,585.39,470.4,28,61,15,24,13,N
19942,0,1,0,0,1,1,1,0,7.75,2.0,31.02,0.01,6,0.5,1.72,15.51,2,4,2,4,0,N
23499,1,1,0,4,1,1,1,4,21.67,1.8,70.2,0.01,13,0.56,3.9,39.0,6,7,5,3,4,N
17193,20,23,3,48,12,5,6,50,22.06,40.8,36720.0,0.3,180,0.02,2040.0,900.0,72,108,15,17,53,N
22604,0,1,0,0,1,1,1,0,7.75,2.0,31.02,0.01,6,0.5,1.72,15.51,2,4,2,4,0,N
14804,0,1,0,0,1,1,1,2,7.74,1.5,17.41,0.0,5,0.67,0.97,11.61,2,3,2,3,2,N
17479,0,1,0,0,1,1,1,0,7.74,1.5,17.41,0.0,5,0.67,0.97,11.61,2,3,2,3,0,N
16412,0,1,0,0,1,1,1,0,5.33,1.5,12.0,0.0,4,0.67,0.67,8.0,1,3,1,3,0,N
19373,0,3,0,0,2,2,1,0,7.75,2.0,31.02,0.01,6,0.5,1.72,15.51,2,4,2,4,0,N
19259,0,1,0,0,1,1,1,0,9.31,2.5,58.16,0.01,9,0.4,3.23,23.26,1,8,1,5,0,N
16638,1,1,3,0,1,1,1,2,10.75,6.0,387.18,0.02,18,0.17,21.51,64.53,6,12,4,8,5,N
20934,1,1,0,1,1,1,1,6,22.84,10.0,2284.01,0.08,52,0.1,126.89,228.4,15,37,9,12,6,N
21018,0,1,0,0,1,1,1,3,7.12,7.0,348.8,0.02,15,0.14,19.38,49.83,6,9,3,7,3,N
21290,1,1,0,0,1,1,1,10,40.82,7.75,2451.81,0.11,69,0.13,136.21,316.36,31,38,16,8,10,N
20288,0,1,0,0,1,1,1,0,7.74,1.5,17.41,0.0,5,0.67,0.97,11.61,2,3,2,3,0,N
18940,0,1,0,0,1,1,1,2,5.33,1.5,12.0,0.0,4,0.67,0.67,8.0,1,3,1,3,2,N
19381,0,1,0,0,1,1,1,0,7.75,2.0,31.02,0.01,6,0.5,1.72,15.51,2,4,2,4,0,N
22562,0,1,0,0,1,1,1,0,9.51,3.0,85.59,0.01,9,0.33,4.75,28.53,3,6,3,6,0,N
15328,0,1,0,0,1,1,1,0,5.33,1.5,12.0,0.0,4,0.67,0.67,8.0,1,3,1,3,0,N
16177,0,1,0,0,1,1,1,1,7.74,1.5,17.41,0.0,5,0.67,0.97,11.61,2,3,2,3,1,N
23348,0,5,0,0,3,2,1,7,11.89,13.13,2048.55,0.05,35,0.08,113.81,156.08,15,20,8,14,7,N
22418,2,5,0,0,3,1,3,12,21.83,7.2,1131.65,0.05,37,0.14,62.87,157.17,16,21,10,9,12,N
22471,0,1,0,0,1,1,1,0,7.74,1.5,17.41,0.0,5,0.67,0.97,11.61,2,3,2,3,0,N
22728,0,1,0,0,1,1,1,0,7.74,1.5,17.41,0.0,5,0.67,0.97,11.61,2,3,2,3,0,N
22557,0,1,0,0,1,1,1,0,7.75,2.0,31.02,0.01,6,0.5,1.72,15.51,2,4,2,4,0,N
20146,0,1,0,0,1,1,1,2,13.5,2.0,54.0,0.01,9,0.5,3.0,27.0,4,5,4,4,2,N
19595,0,1,0,0,1,1,1,0,8.3,6.0,298.97,0.02,15,0.17,16.61,49.83,3,12,2,8,0,N
18507,0,1,0,0,1,1,1,0,7.75,2.0,31.02,0.01,6,0.5,1.72,15.51,2,4,2,4,0,N
17557,9,3,0,0,2,2,1,9,13.71,6.67,609.18,0.03,24,0.15,33.84,91.38,10,14,6,8,9,N
23058,0,1,0,0,1,1,1,0,7.75,2.0,31.02,0.01,6,0.5,1.72,15.51,2,4,2,4,0,N
17889,0,3,0,0,2,1,1,0,7.75,2.0,31.02,0.01,6,0.5,1.72,15.51,2,4,2,4,0,N
22184,0,1,0,0,1,1,1,0,5.33,1.5,12.0,0.0,4,0.67,0.67,8.0,1,3,1,3,0,N
21869,0,5,0,0,3,2,1,7,11.89,13.13,2048.55,0.05,35,0.08,113.81,156.08,15,20,8,14,7,N
21037,6,3,3,3,2,2,1,14,36.93,12.36,5644.86,0.15,87,0.08,313.6,456.57,34,53,22,16,17,N
19000,0,1,0,0,1,1,1,0,0.0,0.0,0.0,0.0,0,0.0,0.0,0.0,0,0,0,0,0,N
15694,1,3,0,2,2,2,1,12,14.73,8.94,1176.94,0.04,31,0.11,65.39,131.69,13,18,8,11,12,N
22993,0,3,0,0,2,2,1,8,23.46,10.29,2485.24,0.08,52,0.1,138.07,241.48,19,33,12,13,8,N
19670,0,1,0,0,1,1,1,0,5.33,1.5,12.0,0.0,4,0.67,0.67,8.0,1,3,1,3,0,N
21189,3,7,0,4,4,4,1,8,21.25,8.73,1618.61,0.06,41,0.11,89.92,185.47,16,25,11,12,8,N
22492,0,1,0,0,1,1,1,0,0.0,0.0,0.0,0.0,0,0.0,0.0,0.0,0,0,0,0,0,N
15169,0,1,0,0,1,1,1,0,7.74,1.5,17.41,0.0,5,0.67,0.97,11.61,2,3,2,3,0,N
19724,0,11,0,0,6,1,3,21,8.36,27.0,6094.62,0.08,61,0.04,338.59,225.73,24,37,4,9,21,N
23046,0,1,0,0,1,1,1,1,7.74,1.5,17.41,0.0,5,0.67,0.97,11.61,2,3,2,3,1,N
16536,0,1,0,0,1,1,1,0,7.74,1.5,17.41,0.0,5,0.67,0.97,11.61,2,3,2,3,0,N
20425,0,1,0,0,1,1,1,0,9.6,2.5,60.0,0.01,8,0.4,3.33,24.0,3,5,3,5,0,N
15861,0,1,0,0,1,1,1,0,5.33,1.5,12.0,0.0,4,0.67,0.67,8.0,1,3,1,3,0,N
21941,0,1,0,0,1,1,1,0,5.8,2.0,23.22,0.0,5,0.5,1.29,11.61,1,4,1,4,0,N
20634,0,1,0,0,1,1,1,2,7.35,8.0,470.48,0.02,17,0.13,26.14,58.81,6,11,3,8,2,N
21485,0,1,0,0,1,1,1,0,0.0,0.0,0.0,0.0,0,0.0,0.0,0.0,0,0,0,0,0,N
19580,0,1,0,0,1,1,1,2,5.33,1.5,12.0,0.0,4,0.67,0.67,8.0,1,3,1,3,2,N
14265,0,1,0,0,1,1,1,4,9.47,2.67,67.38,0.01,9,0.38,3.74,25.27,4,5,3,4,4,N
14893,1,1,0,0,1,1,1,2,7.74,1.5,17.41,0.0,5,0.67,0.97,11.61,2,3,2,3,2,N
19144,0,1,0,0,1,1,1,0,7.75,2.0,31.02,0.01,6,0.5,1.72,15.51,2,4,2,4,0,N
21595,0,3,0,0,2,2,1,3,14.28,4.0,228.44,0.02,15,0.25,12.69,57.11,6,9,6,8,3,N
20793,1,1,0,5,1,1,1,25,188.48,4.9,4519.03,0.31,155,0.2,251.06,922.9,142,13,58,4,25,N
18239,13,13,3,11,7,3,3,52,48.19,31.87,48957.02,0.51,259,0.03,2719.83,1536.06,113,146,39,22,55,N
16760,0,1,0,0,1,1,1,0,16.5,2.0,66.0,0.01,11,0.5,3.67,33.0,4,7,4,4,0,N
21848,0,1,0,0,1,1,1,0,7.75,2.0,31.02,0.01,6,0.5,1.72,15.51,2,4,2,4,0,N
19272,0,3,0,0,2,1,1,0,0.0,0.0,0.0,0.0,0,0.0,0.0,0.0,0,0,0,0,0,N
19383,0,1,0,0,1,1,1,1,7.74,1.5,17.41,0.0,5,0.67,0.97,11.61,2,3,2,3,1,N
21946,0,1,0,0,1,1,1,2,5.33,1.5,12.0,0.0,4,0.67,0.67,8.0,1,3,1,3,2,N
16680,13,5,2,4,3,2,3,39,55.48,19.5,21096.95,0.36,197,0.05,1172.05,1081.9,96,101,32,13,41,Y
20696,0,1,0,0,1,1,1,3,11.23,2.0,44.92,0.01,8,0.5,2.5,22.46,3,5,3,4,3,N
14311,3,1,0,0,1,1,1,2,7.75,2.0,31.02,0.01,6,0.5,1.72,15.51,2,4,2,4,2,N
18088,0,1,0,0,1,1,1,0,6.2,2.5,38.77,0.01,6,0.4,2.15,15.51,1,5,1,5,0,N
22836,0,1,0,0,1,1,1,2,8.98,2.5,56.15,0.01,8,0.4,3.12,22.46,2,6,2,5,2,N
17050,0,1,0,0,1,1,1,2,7.35,8.0,470.48,0.02,17,0.13,26.14,58.81,6,11,3,8,2,N
22119,1,5,0,3,3,3,1,19,19.07,10.91,2270.01,0.07,46,0.09,126.11,208.08,20,26,11,12,19,N
22811,0,3,0,0,2,1,1,0,0.0,0.0,0.0,0.0,0,0.0,0.0,0.0,0,0,0,0,0,N
15018,0,1,1,0,1,1,1,1,7.74,1.5,17.41,0.0,5,0.67,0.97,11.61,2,3,2,3,2,N
19770,0,3,0,0,2,2,1,4,10.88,5.6,341.29,0.02,17,0.18,18.96,60.94,8,9,5,7,4,N
20893,33,5,20,21,1,1,1,66,57.98,97.74,553920.61,1.89,1026,0.01,30773.37,5667.17,404,622,31,15,86,N
20431,0,1,0,0,1,1,1,0,8.3,6.0,298.97,0.02,15,0.17,16.61,49.83,3,12,2,8,0,N
19219,0,1,0,0,1,1,1,0,5.33,1.5,12.0,0.0,4,0.67,0.67,8.0,1,3,1,3,0,N
17625,0,1,0,0,1,1,1,0,6.2,2.5,38.77,0.01,6,0.4,2.15,15.51,1,5,1,5,0,N
23508,1,1,0,4,1,1,1,4,21.67,1.8,70.2,0.01,13,0.56,3.9,39.0,6,7,5,3,4,N
17433,0,1,0,0,1,1,1,0,7.75,2.0,31.02,0.01,6,0.5,1.72,15.51,2,4,2,4,0,N
19005,0,1,0,0,1,1,1,0,0.0,0.0,0.0,0.0,0,0.0,0.0,0.0,0,0,0,0,0,N
16483,0,1,0,0,1,1,1,2,7.81,9.0,632.78,0.02,19,0.11,35.15,70.31,8,11,4,9,2,N
18580,3,1,0,0,1,1,1,2,7.75,2.0,31.02,0.01,6,0.5,1.72,15.51,2,4,2,4,2,N
21868,0,5,0,0,3,2,1,7,11.89,13.13,2048.55,0.05,35,0.08,113.81,156.08,15,20,8,14,7,N
18055,1,9,0,0,5,3,3,12,17.46,16.55,4779.2,0.1,63,0.06,265.51,288.85,28,35,11,13,12,N
14219,3,5,5,0,3,1,1,6,13.67,11.43,1786.01,0.05,40,0.09,99.22,156.28,20,20,7,8,11,N
19978,0,1,0,0,1,1,1,0,9.51,3.0,85.59,0.01,9,0.33,4.75,28.53,3,6,3,6,0,N
16367,0,1,0,0,1,1,1,0,7.86,2.5,49.13,0.01,7,0.4,2.73,19.65,2,5,2,5,0,N
22050,5,5,6,0,3,3,1,8,30.59,3.75,430.18,0.04,31,0.27,23.9,114.71,12,19,8,5,14,N
17684,0,1,0,0,1,1,1,0,7.75,2.0,31.02,0.01,6,0.5,1.72,15.51,2,4,2,4,0,N
15809,0,1,0,0,1,1,1,0,7.75,2.0,31.02,0.01,6,0.5,1.72,15.51,2,4,2,4,0,N
20180,2,1,0,1,1,1,1,1,0.0,0.0,0.0,0.0,1,0.0,0.0,0.0,0,1,0,1,1,N
20873,4,35,3,14,1,1,1,57,36.94,52.98,103685.35,0.65,345,0.02,5760.3,1956.99,129,216,28,23,60,N
14187,2,3,1,0,2,1,1,7,7.32,8.17,488.32,0.02,18,0.12,27.13,59.79,7,11,3,7,8,N
22454,1,5,0,0,3,3,1,13,16.4,7.07,820.29,0.04,29,0.14,45.57,116.0,11,18,7,9,13,N
23404,0,3,0,0,2,1,1,0,7.75,2.0,31.02,0.01,6,0.5,1.72,15.51,2,4,2,4,0,N
23039,0,1,0,0,1,1,1,0,7.75,2.0,31.02,0.01,6,0.5,1.72,15.51,2,4,2,4,0,N
14571,0,1,0,0,1,1,1,0,9.29,1.5,20.9,0.0,6,0.67,1.16,13.93,2,4,2,3,0,N
20730,0,1,1,0,1,1,1,1,7.75,2.0,31.02,0.01,6,0.5,1.72,15.51,2,4,2,4,2,N
14793,4,24,13,3,19,17,1,52,48.8,24.34,28915.56,0.4,189,0.04,1606.42,1187.94,63,126,44,34,65,N
20945,4,5,1,3,3,3,1,18,31.92,18.79,11268.26,0.2,116,0.05,626.01,599.71,42,74,19,17,19,N
22438,3,3,6,3,1,1,1,7,24.67,10.08,2508.69,0.08,55,0.1,139.37,248.8,22,33,12,11,13,N
19562,0,1,0,0,1,1,1,0,5.33,1.5,12.0,0.0,4,0.67,0.67,8.0,1,3,1,3,0,N
17162,4,7,1,8,4,1,1,23,23.26,21.67,10918.18,0.17,113,0.05,606.57,503.92,52,61,12,10,24,N
20492,3,7,3,0,4,4,1,14,19.45,12.25,2919.42,0.08,61,0.08,162.19,238.32,28,33,8,7,17,N
23138,0,1,0,0,1,1,1,0,5.33,1.5,12.0,0.0,4,0.67,0.67,8.0,1,3,1,3,0,N
20594,0,1,0,0,1,1,1,0,9.6,2.5,60.0,0.01,8,0.4,3.33,24.0,3,5,3,5,0,N
14669,4,3,6,0,2,1,1,9,30.88,8.07,2009.59,0.08,53,0.12,111.64,249.12,22,31,15,11,15,N
22672,0,1,0,0,1,1,1,0,9.51,3.0,85.59,0.01,9,0.33,4.75,28.53,3,6,3,6,0,N
19485,1,5,0,0,3,3,1,13,17.24,7.5,969.51,0.04,31,0.13,53.86,129.27,12,19,8,10,13,N
15720,0,1,0,0,1,1,1,0,9.31,2.5,58.16,0.01,9,0.4,3.23,23.26,1,8,1,5,0,N
19517,0,1,0,0,1,1,1,0,0.0,0.0,0.0,0.0,0,0.0,0.0,0.0,0,0,0,0,0,N
20219,0,3,0,0,2,1,1,0,0.0,0.0,0.0,0.0,0,0.0,0.0,0.0,0,0,0,0,0,N
16773,0,1,0,0,1,1,1,0,5.33,1.5,12.0,0.0,4,0.67,0.67,8.0,1,3,1,3,0,N
20659,0,3,0,0,2,1,1,0,7.75,2.0,31.02,0.01,6,0.5,1.72,15.51,2,4,2,4,0,N
15773,0,1,0,0,1,1,1,0,7.75,2.0,31.02,0.01,6,0.5,1.72,15.51,2,4,2,4,0,N
22532,0,1,0,0,1,1,1,0,5.33,1.5,12.0,0.0,4,0.67,0.67,8.0,1,3,1,3,0,N
20485,0,1,0,0,1,1,1,0,9.51,3.0,85.59,0.01,9,0.33,4.75,28.53,3,6,3,6,0,N
19339,0,1,0,0,1,1,1,0,9.51,3.0,85.59,0.01,9,0.33,4.75,28.53,3,6,3,6,0,N
17015,0,1,0,0,1,1,1,0,5.33,1.5,12.0,0.0,4,0.67,0.67,8.0,1,3,1,3,0,N
21410,7,11,0,8,1,1,1,39,62.91,15.83,15770.0,0.33,166,0.06,876.11,996.0,75,91,45,19,39,N
14159,0,1,1,0,1,1,1,1,9.83,2.0,39.3,0.01,7,0.5,2.18,19.65,3,4,3,4,2,N
16381,0,1,0,0,1,1,1,0,7.74,1.5,17.41,0.0,5,0.67,0.97,11.61,2,3,2,3,0,N
16750,0,1,0,0,1,1,1,0,0.0,0.0,0.0,0.0,1,0.0,0.0,0.0,0,1,0,1,0,N
21386,0,1,0,0,1,1,1,9,22.08,10.5,2434.85,0.08,52,0.1,135.27,231.89,21,31,11,11,9,N
20937,1,3,0,1,2,1,1,6,14.38,4.5,291.26,0.02,17,0.22,16.18,64.73,5,12,5,9,6,N
16667,13,5,2,4,3,2,3,39,55.48,19.5,21096.95,0.36,197,0.05,1172.05,1081.9,96,101,32,13,41,Y
19617,0,1,0,0,1,1,1,0,7.74,1.5,17.41,0.0,5,0.67,0.97,11.61,2,3,2,3,0,N
15102,0,1,0,0,1,1,1,2,7.74,1.5,17.41,0.0,5,0.67,0.97,11.61,2,3,2,3,2,N
14209,7,1,5,6,1,1,1,14,46.18,8.5,3336.69,0.13,80,0.12,185.37,392.55,34,46,20,10,19,N
20138,0,1,0,0,1,1,1,6,11.81,6.75,538.15,0.03,24,0.15,29.9,79.73,9,15,4,6,6,N
19527,0,1,0,0,1,1,1,0,9.6,2.5,60.0,0.01,8,0.4,3.33,24.0,3,5,3,5,0,N
16927,0,1,0,0,1,1,1,2,7.35,8.0,470.48,0.02,17,0.13,26.14,58.81,6,11,3,8,2,N
18482,1,3,0,0,2,1,1,8,15.07,9.75,1432.72,0.05,34,0.1,79.6,146.95,13,21,8,12,8,N
15273,4,1,0,5,1,1,1,12,55.25,3.83,811.8,0.07,49,0.26,45.1,211.77,23,26,15,5,12,N
18790,0,1,0,0,1,1,1,2,7.74,1.5,17.41,0.0,5,0.67,0.97,11.61,2,3,2,3,2,N
23082,0,1,0,0,1,1,1,0,0.0,0.0,0.0,0.0,0,0.0,0.0,0.0,0,0,0,0,0,N
20510,0,1,4,0,1,1,1,2,21.13,9.0,1711.48,0.06,44,0.11,95.08,190.16,18,26,10,10,6,N
14639,0,1,0,0,1,1,1,0,5.33,1.5,12.0,0.0,4,0.67,0.67,8.0,1,3,1,3,0,N
20526,0,1,0,0,1,1,1,4,9.47,2.67,67.38,0.01,9,0.38,3.74,25.27,4,5,3,4,4,N
18000,11,21,6,17,11,10,11,36,57.5,25.16,36402.08,0.48,265,0.04,2022.34,1446.75,120,145,31,13,42,N
19451,0,1,0,0,1,1,1,2,5.33,1.5,12.0,0.0,4,0.67,0.67,8.0,1,3,1,3,2,N
22767,2,13,1,8,7,6,6,54,25.11,40.0,40181.42,0.33,184,0.03,2232.3,1004.54,80,104,22,22,55,N
19101,1,5,0,0,3,3,1,13,17.24,7.5,969.51,0.04,31,0.13,53.86,129.27,12,19,8,10,13,N
19908,0,1,0,0,1,1,1,0,0.0,0.0,0.0,0.0,0,0.0,0.0,0.0,0,0,0,0,0,N
20637,0,1,0,0,1,1,1,0,7.74,1.5,17.41,0.0,5,0.67,0.97,11.61,2,3,2,3,0,N
22503,6,15,12,13,8,5,1,39,29.24,37.5,41111.89,0.37,206,0.03,2283.99,1096.32,75,131,20,20,51,N
21498,0,1,0,0,1,1,1,2,6.2,2.5,38.77,0.01,6,0.4,2.15,15.51,1,5,1,5,2,N
16403,0,1,0,0,1,1,1,2,7.35,8.0,470.48,0.02,17,0.13,26.14,58.81,6,11,3,8,2,N
17588,0,1,0,0,1,1,1,4,13.45,3.6,174.36,0.02,14,0.28,9.69,48.43,6,8,5,6,4,N
16260,0,1,0,0,1,1,1,2,5.33,1.5,12.0,0.0,4,0.67,0.67,8.0,1,3,1,3,2,N
14268,1,5,0,0,3,3,1,13,16.4,7.07,820.29,0.04,29,0.14,45.57,116.0,11,18,7,9,13,N
19105,0,1,0,0,1,1,1,0,7.86,2.5,49.13,0.01,7,0.4,2.73,19.65,2,5,2,5,0,N
14875,1,1,0,0,1,1,1,2,7.74,1.5,17.41,0.0,5,0.67,0.97,11.61,2,3,2,3,2,N
19719,0,1,0,0,1,1,1,0,6.2,2.5,38.77,0.01,6,0.4,2.15,15.51,1,5,1,5,0,N
21081,2,5,0,0,3,1,3,14,13.88,10.21,1448.16,0.05,34,0.1,80.45,141.78,13,21,7,11,14,N
16141,0,1,0,0,1,1,1,0,5.33,1.5,12.0,0.0,4,0.67,0.67,8.0,1,3,1,3,0,N
19206,0,1,0,0,1,1,1,0,5.8,2.0,23.22,0.0,5,0.5,1.29,11.61,1,4,1,4,0,N
22345,0,1,0,0,1,1,1,0,7.75,2.0,31.02,0.01,6,0.5,1.72,15.51,2,4,2,4,0,N
14717,0,1,1,0,1,1,1,1,8.54,4.67,186.03,0.01,12,0.21,10.33,39.86,4,8,3,7,2,Y
22945,10,1,0,9,1,1,1,7,44.77,2.18,213.1,0.03,25,0.46,11.84,97.67,12,13,11,4,7,N
21622,0,1,0,0,1,1,1,0,0.0,0.0,0.0,0.0,0,0.0,0.0,0.0,0,0,0,0,0,N
14193,2,3,1,0,2,1,1,7,7.32,8.17,488.32,0.02,18,0.12,27.13,59.79,7,11,3,7,8,N
17054,0,1,0,0,1,1,1,0,5.33,1.5,12.0,0.0,4,0.67,0.67,8.0,1,3,1,3,0,N
17147,0,3,0,0,2,1,1,0,0.0,0.0,0.0,0.0,0,0.0,0.0,0.0,0,0,0,0,0,N
22516,0,1,0,0,1,1,1,0,7.75,2.0,31.02,0.01,6,0.5,1.72,15.51,2,4,2,4,0,N
17351,0,1,0,0,1,1,1,0,5.8,2.0,23.22,0.0,5,0.5,1.29,11.61,1,4,1,4,0,N
16208,0,1,0,0,1,1,1,0,5.33,1.5,12.0,0.0,4,0.67,0.67,8.0,1,3,1,3,0,N
19707,0,3,0,0,2,2,1,0,9.32,5.0,233.02,0.02,13,0.2,12.95,46.6,5,8,4,8,0,N
19043,0,1,0,0,1,1,1,3,12.0,2.5,75.0,0.01,10,0.4,4.17,30.0,3,7,3,5,3,N
20025,3,3,0,4,2,2,1,14,53.95,7.04,2676.52,0.13,76,0.14,148.7,380.0,36,40,23,9,14,N
14207,7,1,5,6,1,1,1,14,46.18,8.5,3336.69,0.13,80,0.12,185.37,392.55,34,46,20,10,19,N
20939,4,7,2,4,4,4,1,18,32.35,20.43,13494.29,0.22,125,0.05,749.68,660.68,43,82,20,19,20,N
23198,0,1,0,0,1,1,1,2,5.33,1.5,12.0,0.0,4,0.67,0.67,8.0,1,3,1,3,2,N
16632,1,1,3,0,1,1,1,2,10.75,6.0,387.18,0.02,18,0.17,21.51,64.53,6,12,4,8,5,N
14135,2,1,0,3,1,1,1,7,20.08,5.5,607.27,0.04,29,0.18,33.74,110.41,11,18,7,7,7,N
15431,0,1,0,0,1,1,1,0,5.33,1.5,12.0,0.0,4,0.67,0.67,8.0,1,3,1,3,0,N
19241,0,1,0,0,1,1,1,0,7.86,2.5,49.13,0.01,7,0.4,2.73,19.65,2,5,2,5,0,N
16540,3,5,0,3,1,1,1,17,30.3,8.07,1971.68,0.08,52,0.12,109.54,244.42,22,30,15,11,17,N
14752,3,1,1,0,1,1,1,2,16.84,1.5,37.9,0.01,9,0.67,2.11,25.27,4,5,4,3,3,N
20106,0,1,0,0,1,1,1,0,8.6,7.5,483.97,0.02,18,0.13,26.89,64.53,5,13,3,9,0,N
14814,0,1,0,0,1,1,1,2,7.74,1.5,17.41,0.0,5,0.67,0.97,11.61,2,3,2,3,2,N
22495,0,1,0,0,1,1,1,0,9.6,2.5,60.0,0.01,8,0.4,3.33,24.0,3,5,3,5,0,N
17714,0,1,0,0,1,1,1,0,5.33,1.5,12.0,0.0,4,0.67,0.67,8.0,1,3,1,3,0,N
21496,0,1,0,0,1,1,1,0,6.86,3.5,84.0,0.01,8,0.29,4.67,24.0,1,7,1,7,0,N
21295,0,1,0,0,1,1,1,4,21.8,4.4,422.0,0.03,23,0.23,23.44,95.91,11,12,10,8,4,N
17331,0,1,0,0,1,1,1,0,12.68,2.5,79.25,0.01,10,0.4,4.4,31.7,4,6,4,5,0,N
18736,1,3,0,2,2,2,1,7,12.26,7.33,659.44,0.03,22,0.14,36.64,89.92,8,14,6,11,7,N
15946,0,1,0,0,1,1,1,0,7.74,1.5,17.41,0.0,5,0.67,0.97,11.61,2,3,2,3,0,N
22059,5,5,6,0,3,3,1,8,30.59,3.75,430.18,0.04,31,0.27,23.9,114.71,12,19,8,5,14,N
16669,13,5,2,4,3,2,3,39,55.48,19.5,21096.95,0.36,197,0.05,1172.05,1081.9,96,101,32,13,41,Y
15790,1,3,0,0,2,1,1,8,15.07,9.75,1432.72,0.05,34,0.1,79.6,146.95,13,21,8,12,8,N
16985,0,1,0,0,1,1,1,0,0.0,0.0,0.0,0.0,3,0.0,0.0,4.75,0,3,0,3,0,N
16916,0,1,0,0,1,1,1,0,7.74,1.5,17.41,0.0,5,0.67,0.97,11.61,2,3,2,3,0,N
18100,0,1,0,0,1,1,1,3,9.51,3.0,85.59,0.01,9,0.33,4.75,28.53,3,6,3,6,3,N
22216,0,1,0,0,1,1,1,2,5.33,1.5,12.0,0.0,4,0.67,0.67,8.0,1,3,1,3,2,N
21226,0,1,0,0,1,1,1,4,12.34,3.5,151.15,0.01,13,0.29,8.4,43.19,3,10,3,7,4,N
21304,0,1,0,0,1,1,1,8,33.01,8.25,2246.67,0.09,62,0.12,124.82,272.32,22,40,12,9,8,N
14562,3,7,0,4,1,1,1,28,38.35,13.0,6481.43,0.17,98,0.08,360.08,498.57,42,56,21,13,28,N
14566,3,7,0,4,1,1,1,28,38.35,13.0,6481.43,0.17,98,0.08,360.08,498.57,42,56,21,13,28,N
14763,4,1,3,3,1,1,1,14,45.8,8.0,2931.27,0.12,81,0.13,162.85,366.41,30,51,15,8,17,N
17894,0,1,0,0,1,1,1,0,7.75,2.0,31.02,0.01,6,0.5,1.72,15.51,2,4,2,4,0,N
14675,1,3,3,0,2,2,1,3,11.56,6.4,473.66,0.02,20,0.16,26.31,74.01,8,12,5,8,6,N
15984,0,1,0,0,1,1,1,0,5.33,1.5,12.0,0.0,4,0.67,0.67,8.0,1,3,1,3,0,N
21548,0,1,0,0,1,1,1,0,5.33,1.5,12.0,0.0,4,0.67,0.67,8.0,1,3,1,3,0,N
19539,0,3,0,0,2,2,1,4,10.88,5.6,341.29,0.02,17,0.18,18.96,60.94,8,9,5,7,4,N
21779,0,1,0,0,1,1,1,0,5.33,1.5,12.0,0.0,4,0.67,0.67,8.0,1,3,1,3,0,N
19191,0,1,0,0,1,1,1,0,9.51,3.0,85.59,0.01,9,0.33,4.75,28.53,3,6,3,6,0,N
17830,0,1,0,0,1,1,1,0,7.75,2.0,31.02,0.01,6,0.5,1.72,15.51,2,4,2,4,0,N
16439,0,3,1,0,2,1,1,5,5.2,7.5,292.5,0.01,13,0.13,16.25,39.0,5,8,2,6,6,N
18443,0,1,0,0,1,1,1,0,0.0,0.0,0.0,0.0,1,0.0,0.0,0.0,0,1,0,1,0,N
20186,0,1,0,0,1,1,1,0,7.75,2.0,31.02,0.01,6,0.5,1.72,15.51,2,4,2,4,0,N
21062,5,5,0,2,3,2,1,20,49.38,8.48,3549.72,0.14,83,0.12,197.21,418.68,39,44,23,10,20,N
15434,0,1,0,0,1,1,1,0,5.33,1.5,12.0,0.0,4,0.67,0.67,8.0,1,3,1,3,0,N
19386,2,1,0,1,1,1,1,1,0.0,0.0,0.0,0.0,1,0.0,0.0,0.0,0,1,0,1,1,N
15599,2,3,4,0,2,1,1,7,23.44,6.33,940.26,0.05,38,0.16,52.24,148.46,19,19,9,6,11,N
22963,3,1,1,1,1,1,1,8,40.45,3.09,386.43,0.04,32,0.32,21.47,125.02,17,15,11,4,9,N
19473,0,1,0,0,1,1,1,4,10.24,7.0,501.89,0.02,20,0.14,27.88,71.7,7,13,4,8,4,N
20463,0,1,0,0,1,1,1,2,8.98,2.5,56.15,0.01,8,0.4,3.12,22.46,2,6,2,5,2,N
15624,0,1,0,0,1,1,1,0,5.33,1.5,12.0,0.0,4,0.67,0.67,8.0,1,3,1,3,0,N
19637,0,1,0,0,1,1,1,0,5.33,1.5,12.0,0.0,4,0.67,0.67,8.0,1,3,1,3,0,N
23243,30,55,0,6,28,15,8,136,84.51,60.03,304502.05,1.69,751,0.02,16916.78,5072.92,343,408,80,28,136,N
15410,0,1,0,0,1,1,1,0,5.33,1.5,12.0,0.0,4,0.67,0.67,8.0,1,3,1,3,0,N
17974,0,1,0,0,1,1,1,0,9.51,3.0,85.59,0.01,9,0.33,4.75,28.53,3,6,3,6,0,N
17083,0,1,0,0,1,1,1,0,5.33,1.5,12.0,0.0,4,0.67,0.67,8.0,1,3,1,3,0,N
22420,1,3,0,0,2,1,1,10,20.19,5.06,517.32,0.03,25,0.2,28.74,102.19,9,16,8,9,10,N
16323,0,1,0,0,1,1,1,0,5.33,1.5,12.0,0.0,4,0.67,0.67,8.0,1,3,1,3,0,N
19871,1,5,0,0,3,3,1,13,16.4,7.07,820.29,0.04,29,0.14,45.57,116.0,11,18,7,9,13,N
16419,0,1,0,0,1,1,1,0,5.33,1.5,12.0,0.0,4,0.67,0.67,8.0,1,3,1,3,0,N
22855,0,1,0,0,1,1,1,0,9.51,3.0,85.59,0.01,9,0.33,4.75,28.53,3,6,3,6,0,N
16857,0,1,0,0,1,1,1,0,5.33,1.5,12.0,0.0,4,0.67,0.67,8.0,1,3,1,3,0,N
20003,1,5,1,1,3,3,3,10,31.45,4.77,716.47,0.05,36,0.21,39.8,150.12,15,21,11,7,11,N
14223,3,5,5,0,3,1,1,6,13.67,11.43,1786.01,0.05,40,0.09,99.22,156.28,20,20,7,8,11,N
16877,0,1,0,0,1,1,1,2,5.33,1.5,12.0,0.0,4,0.67,0.67,8.0,1,3,1,3,2,N
19286,0,3,0,0,2,2,1,5,15.36,3.5,188.21,0.02,15,0.29,10.46,53.77,5,10,5,7,5,N
16159,1,5,0,0,3,3,1,13,16.4,7.07,820.29,0.04,29,0.14,45.57,116.0,11,18,7,9,13,N
17824,0,1,0,0,1,1,1,0,7.74,1.5,17.41,0.0,5,0.67,0.97,11.61,2,3,2,3,0,N
16332,0,1,0,0,1,1,1,0,5.33,1.5,12.0,0.0,4,0.67,0.67,8.0,1,3,1,3,0,N
18090,0,1,0,0,1,1,1,0,0.0,0.0,0.0,0.0,0,0.0,0.0,0.0,0,0,0,0,0,N
19501,0,1,0,0,1,1,1,0,7.74,1.5,17.41,0.0,5,0.67,0.97,11.61,2,3,2,3,0,N
22252,0,1,0,0,1,1,1,0,7.74,1.5,17.41,0.0,5,0.67,0.97,11.61,2,3,2,3,0,N
16497,0,1,0,0,1,1,1,0,7.74,1.5,17.41,0.0,5,0.67,0.97,11.61,2,3,2,3,0,N
21207,0,3,0,0,2,1,1,4,11.52,3.75,161.94,0.01,13,0.27,9.0,43.19,5,8,4,6,4,N
17929,0,1,0,0,1,1,1,2,5.33,1.5,12.0,0.0,4,0.67,0.67,8.0,1,3,1,3,2,N
14932,0,1,0,0,1,1,1,2,7.74,1.5,17.41,0.0,5,0.67,0.97,11.61,2,3,2,3,2,N
20813,0,7,0,0,4,2,4,7,11.7,22.5,5922.55,0.09,56,0.04,329.03,263.22,20,36,8,18,7,N
22554,0,1,0,0,1,1,1,0,12.68,2.5,79.25,0.01,10,0.4,4.4,31.7,4,6,4,5,0,N
20570,0,1,0,0,1,1,1,0,0.0,0.0,0.0,0.0,0,0.0,0.0,0.0,0,0,0,0,0,N
22073,2,3,5,0,2,2,1,5,13.96,6.0,502.57,0.03,22,0.17,27.92,83.76,9,13,6,8,10,N
18812,0,1,0,0,1,1,1,0,5.33,1.5,12.0,0.0,4,0.67,0.67,8.0,1,3,1,3,0,N
22128,0,1,0,0,1,1,1,0,7.86,2.5,49.13,0.01,7,0.4,2.73,19.65,2,5,2,5,0,N
18535,0,1,0,0,1,1,1,0,5.33,1.5,12.0,0.0,4,0.67,0.67,8.0,1,3,1,3,0,N
21687,1,3,0,2,2,2,1,12,14.73,8.94,1176.94,0.04,31,0.11,65.39,131.69,13,18,8,11,12,N
15852,0,1,0,0,1,1,1,0,5.33,1.5,12.0,0.0,4,0.67,0.67,8.0,1,3,1,3,0,N
19604,0,1,0,0,1,1,1,0,5.33,1.5,12.0,0.0,4,0.67,0.67,8.0,1,3,1,3,0,N
18858,2,7,0,0,4,2,3,11,12.35,16.0,3162.47,0.07,45,0.06,175.69,197.65,16,29,7,14,11,N
21591,0,1,0,0,1,1,1,6,17.51,5.0,437.85,0.03,23,0.2,24.32,87.57,10,13,7,7,6,N
15891,0,1,0,0,1,1,1,2,5.33,1.5,12.0,0.0,4,0.67,0.67,8.0,1,3,1,3,2,N
20999,4,3,4,2,2,2,1,12,23.17,19.08,8433.46,0.15,91,0.05,468.53,442.08,31,60,13,16,16,N
19010,0,1,0,0,1,1,1,0,6.86,3.5,84.0,0.01,8,0.29,4.67,24.0,1,7,1,7,0,N
16777,0,1,0,0,1,1,1,0,5.33,1.5,12.0,0.0,4,0.67,0.67,8.0,1,3,1,3,0,N
14248,0,3,0,0,2,2,1,4,21.5,7.15,1099.18,0.05,35,0.14,61.07,153.73,13,22,10,11,4,N
21705,0,1,0,0,1,1,1,0,7.75,2.0,31.02,0.01,6,0.5,1.72,15.51,2,4,2,4,0,N
16166,0,1,0,0,1,1,1,6,17.51,5.0,437.85,0.03,23,0.2,24.32,87.57,10,13,7,7,6,N
21956,0,1,0,0,1,1,1,0,7.86,2.5,49.13,0.01,7,0.4,2.73,19.65,2,5,2,5,0,N
17564,0,1,0,0,1,1,1,0,5.33,1.5,12.0,0.0,4,0.67,0.67,8.0,1,3,1,3,0,N
15993,0,1,0,0,1,1,1,0,5.33,1.5,12.0,0.0,4,0.67,0.67,8.0,1,3,1,3,0,N
14155,0,1,1,0,1,1,1,1,9.83,2.0,39.3,0.01,7,0.5,2.18,19.65,3,4,3,4,2,N
14889,1,1,0,0,1,1,1,2,7.74,1.5,17.41,0.0,5,0.67,0.97,11.61,2,3,2,3,2,N
21195,1,1,0,0,1,1,1,3,7.74,1.5,17.41,0.0,5,0.67,0.97,11.61,2,3,2,3,3,N
21789,0,1,0,0,1,1,1,0,0.0,0.0,0.0,0.0,1,0.0,0.0,0.0,0,1,0,1,0,N
20079,0,1,0,0,1,1,1,0,5.33,1.5,12.0,0.0,4,0.67,0.67,8.0,1,3,1,3,0,N
14356,0,1,0,0,1,1,1,0,10.68,4.67,232.53,0.02,15,0.21,12.92,49.83,4,11,3,7,0,N
18193,3,5,0,3,3,3,1,19,18.24,22.91,9574.79,0.14,90,0.04,531.93,417.95,36,54,11,14,19,N
20710,0,1,0,0,1,1,1,0,9.0,3.0,81.0,0.01,9,0.33,4.5,27.0,2,7,2,6,0,N
14682,3,7,3,1,4,2,3,7,14.33,7.86,884.62,0.04,27,0.13,49.15,112.59,10,17,7,11,10,N
16988,0,1,0,0,1,1,1,0,5.33,1.5,12.0,0.0,4,0.67,0.67,8.0,1,3,1,3,0,N
15886,0,1,0,0,1,1,1,3,12.0,2.5,75.0,0.01,10,0.4,4.17,30.0,3,7,3,5,3,N
15344,0,1,0,0,1,1,1,0,7.74,1.5,17.41,0.0,5,0.67,0.97,11.61,2,3,2,3,0,N
19333,0,1,0,0,1,1,1,0,7.75,2.0,31.02,0.01,6,0.5,1.72,15.51,2,4,2,4,0,N
23156,0,3,0,0,2,1,1,0,7.75,2.0,31.02,0.01,6,0.5,1.72,15.51,2,4,2,4,0,N
22587,0,3,0,0,2,2,1,0,7.75,2.0,31.02,0.01,6,0.5,1.72,15.51,2,4,2,4,0,N
22737,0,1,0,0,1,1,1,0,5.33,1.5,12.0,0.0,4,0.67,0.67,8.0,1,3,1,3,0,N
20026,4,5,0,2,3,2,1,23,53.0,9.73,5018.51,0.17,99,0.1,278.81,515.74,46,53,26,11,23,N
21697,0,1,0,0,1,1,1,6,17.51,5.0,437.85,0.03,23,0.2,24.32,87.57,10,13,7,7,6,N
16715,0,3,0,0,2,1,1,5,10.41,6.4,426.29,0.02,18,0.16,23.68,66.61,8,10,5,8,5,N
19890,0,1,0,0,1,1,1,0,5.8,2.0,23.22,0.0,5,0.5,1.29,11.61,1,4,1,4,0,N
18581,0,1,0,0,1,1,1,0,9.31,2.5,58.16,0.01,9,0.4,3.23,23.26,1,8,1,5,0,N
16378,0,1,0,0,1,1,1,0,7.74,1.5,17.41,0.0,5,0.67,0.97,11.61,2,3,2,3,0,N
19843,13,25,0,9,1,1,1,50,29.29,39.74,46258.22,0.39,194,0.03,2569.9,1164.0,58,136,27,37,50,N
18268,11,1,4,12,1,1,1,12,41.56,18.41,14082.95,0.26,153,0.05,782.39,765.0,81,72,22,10,16,N
18913,0,1,0,0,1,1,1,2,7.81,9.0,632.78,0.02,19,0.11,35.15,70.31,8,11,4,9,2,N
18728,9,29,0,3,15,7,3,22,14.84,49.11,35780.79,0.24,155,0.02,1987.82,728.57,52,103,9,17,22,N
21302,0,1,0,0,1,1,1,11,48.97,8.74,3736.43,0.14,91,0.11,207.58,427.74,33,58,17,9,11,N
18241,4,5,0,6,3,3,1,10,27.97,8.25,1903.71,0.08,48,0.12,105.76,230.75,22,26,16,12,10,N
17922,0,1,0,0,1,1,1,0,6.55,3.0,58.95,0.01,7,0.33,3.28,19.65,1,6,1,6,0,N
23395,0,1,0,0,1,1,1,0,7.75,2.0,31.02,0.01,6,0.5,1.72,15.51,2,4,2,4,0,N
22431,6,7,3,6,4,3,1,20,24.65,12.54,3874.38,0.1,65,0.08,215.24,309.07,27,38,14,13,23,N
21074,5,9,0,1,5,2,1,22,15.64,22.56,7958.45,0.12,78,0.04,442.14,352.84,29,49,9,14,22,N
16487,6,11,0,8,1,1,1,40,64.51,16.04,16601.02,0.34,170,0.06,922.28,1034.86,77,93,48,20,40,N
17627,0,1,0,0,1,1,1,0,7.75,2.0,31.02,0.01,6,0.5,1.72,15.51,2,4,2,4,0,N
18764,0,1,0,0,1,1,1,2,10.44,3.5,127.89,0.01,11,0.29,7.11,36.54,3,8,3,7,2,N
18571,0,1,0,0,1,1,1,2,13.5,2.0,54.0,0.01,9,0.5,3.0,27.0,4,5,4,4,2,N
16268,0,1,0,0,1,1,1,0,5.33,1.5,12.0,0.0,4,0.67,0.67,8.0,1,3,1,3,0,N
19118,0,1,0,0,1,1,1,1,7.74,1.5,17.41,0.0,5,0.67,0.97,11.61,2,3,2,3,1,N
16673,13,5,2,4,3,2,3,39,55.48,19.5,21096.95,0.36,197,0.05,1172.05,1081.9,96,101,32,13,41,N
21679,0,1,0,0,1,1,1,4,10.24,7.0,501.89,0.02,20,0.14,27.88,71.7,7,13,4,8,4,N
18837,0,1,0,0,1,1,1,4,10.24,7.0,501.89,0.02,20,0.14,27.88,71.7,7,13,4,8,4,N
18387,11,16,17,15,12,7,3,44,40.53,57.35,133316.06,0.77,378,0.02,7406.45,2324.6,148,230,40,31,61,Y
17439,0,1,0,0,1,1,1,3,10.34,2.0,41.36,0.01,8,0.5,2.3,20.68,2,6,2,4,3,N
19457,0,1,0,0,1,1,1,2,5.33,1.5,12.0,0.0,4,0.67,0.67,8.0,1,3,1,3,2,N
19916,0,1,0,0,1,1,1,2,6.2,2.5,38.77,0.01,6,0.4,2.15,15.51,1,5,1,5,2,N
16706,0,1,0,0,1,1,1,11,51.18,4.08,853.31,0.07,45,0.24,47.41,208.97,21,24,18,7,11,N
21344,1,1,0,0,1,1,1,7,24.54,6.75,1118.27,0.06,39,0.15,62.13,165.67,15,24,10,9,7,N
22387,0,1,0,0,1,1,1,0,8.3,6.0,298.97,0.02,15,0.17,16.61,49.83,3,12,2,8,0,N
16507,0,1,0,0,1,1,1,2,7.81,9.0,632.78,0.02,19,0.11,35.15,70.31,8,11,4,9,2,N
21500,0,1,0,0,1,1,1,0,8.3,6.0,298.97,0.02,15,0.17,16.61,49.83,3,12,2,8,0,N
20071,0,3,0,0,2,1,1,4,11.52,3.75,161.94,0.01,13,0.27,9.0,43.19,5,8,4,6,4,N
22795,3,1,0,0,1,1,1,2,7.75,2.0,31.02,0.01,6,0.5,1.72,15.51,2,4,2,4,2,N
18593,0,1,0,0,1,1,1,0,0.0,0.0,0.0,0.0,0,0.0,0.0,0.0,0,0,0,0,0,N
17618,0,3,0,0,2,2,1,10,13.4,7.0,656.36,0.03,24,0.14,36.46,93.77,7,17,5,10,10,N
19371,0,3,0,0,2,2,1,0,9.32,5.0,233.02,0.02,13,0.2,12.95,46.6,5,8,4,8,0,N
22393,0,1,0,0,1,1,1,0,12.68,2.5,79.25,0.01,10,0.4,4.4,31.7,4,6,4,5,0,N
22401,0,1,0,0,1,1,1,0,9.51,3.0,85.59,0.01,9,0.33,4.75,28.53,3,6,3,6,0,N
14590,0,1,0,0,1,1,1,0,7.74,1.5,17.41,0.0,5,0.67,0.97,11.61,2,3,2,3,0,N
19499,0,1,0,0,1,1,1,0,7.75,2.0,31.02,0.01,6,0.5,1.72,15.51,2,4,2,4,0,N
22133,2,7,0,0,4,2,3,11,12.35,16.0,3162.47,0.07,45,0.06,175.69,197.65,16,29,7,14,11,N
15488,0,1,0,0,1,1,1,0,5.33,1.5,12.0,0.0,4,0.67,0.67,8.0,1,3,1,3,0,N
18737,1,3,0,2,2,2,1,5,12.33,4.8,284.19,0.02,16,0.21,15.79,59.21,6,10,5,8,5,N
18529,0,1,0,0,1,1,1,2,8.98,2.5,56.15,0.01,8,0.4,3.12,22.46,2,6,2,5,2,N
16834,0,1,0,0,1,1,1,0,7.74,1.5,17.41,0.0,5,0.67,0.97,11.61,2,3,2,3,0,N
18928,0,1,0,0,1,1,1,2,5.33,1.5,12.0,0.0,4,0.67,0.67,8.0,1,3,1,3,2,N
14200,7,1,5,6,1,1,1,14,46.18,8.5,3336.69,0.13,80,0.12,185.37,392.55,34,46,20,10,19,N
17547,9,3,0,0,2,2,1,9,18.89,5.63,597.79,0.04,26,0.18,33.21,106.27,10,16,8,9,9,N
21150,4,1,4,2,1,1,1,3,30.91,4.36,588.59,0.04,33,0.23,32.7,134.89,16,17,11,6,7,N
18383,7,13,9,7,9,5,3,33,22.48,40.3,36506.33,0.3,164,0.02,2028.13,905.86,62,102,20,26,42,Y
16511,0,1,0,0,1,1,1,0,7.86,2.5,49.13,0.01,7,0.4,2.73,19.65,2,5,2,5,0,N
17838,0,1,0,0,1,1,1,0,7.75,2.0,31.02,0.01,6,0.5,1.72,15.51,2,4,2,4,0,N
19254,0,1,0,0,1,1,1,1,7.74,1.5,17.41,0.0,5,0.67,0.97,11.61,2,3,2,3,1,N
20875,0,19,0,7,10,5,6,24,17.9,36.67,24063.7,0.22,129,0.03,1336.87,656.28,40,89,12,22,24,N
23321,0,1,0,0,1,1,1,0,6.55,3.0,58.95,0.01,7,0.33,3.28,19.65,1,6,1,6,0,N
15546,0,1,0,0,1,1,1,0,7.74,1.5,17.41,0.0,5,0.67,0.97,11.61,2,3,2,3,0,N
18894,0,1,0,0,1,1,1,0,6.86,3.5,84.0,0.01,8,0.29,4.67,24.0,1,7,1,7,0,N
20214,0,1,0,0,1,1,1,0,0.0,0.0,0.0,0.0,0,0.0,0.0,0.0,0,0,0,0,0,N
17633,0,3,0,0,2,1,1,3,5.07,8.75,388.32,0.01,14,0.11,21.57,44.38,5,9,2,7,3,N
18024,3,5,0,2,3,3,1,12,21.89,8.0,1401.09,0.06,42,0.13,77.84,175.14,16,26,9,9,12,N
14122,8,11,14,4,6,3,1,20,26.76,22.02,12978.67,0.2,110,0.05,721.04,589.33,51,59,22,19,34,N
22148,0,1,0,0,1,1,1,0,10.68,4.67,232.53,0.02,15,0.21,12.92,49.83,4,11,3,7,0,N
14960,0,1,0,0,1,1,1,2,7.74,1.5,17.41,0.0,5,0.67,0.97,11.61,2,3,2,3,2,N
16689,3,11,0,3,7,1,3,31,27.23,23.81,15434.85,0.22,121,0.04,857.49,648.26,50,71,21,20,31,N
14589,0,1,0,0,1,1,1,0,7.74,1.5,17.41,0.0,5,0.67,0.97,11.61,2,3,2,3,0,N
17241,0,1,0,0,1,1,1,0,5.33,1.5,12.0,0.0,4,0.67,0.67,8.0,1,3,1,3,0,N
17022,0,1,0,0,1,1,1,0,5.33,1.5,12.0,0.0,4,0.67,0.67,8.0,1,3,1,3,0,N
15497,0,1,0,0,1,1,1,0,5.33,1.5,12.0,0.0,4,0.67,0.67,8.0,1,3,1,3,0,N
14212,7,1,5,6,1,1,1,14,46.18,8.5,3336.69,0.13,80,0.12,185.37,392.55,34,46,20,10,19,N
15997,0,1,0,0,1,1,1,0,7.74,1.5,17.41,0.0,5,0.67,0.97,11.61,2,3,2,3,0,N
16451,0,1,0,0,1,1,1,5,24.33,1.5,54.74,0.01,13,0.67,3.04,36.5,4,9,4,3,5,N
17270,0,1,0,0,1,1,1,0,5.33,1.5,12.0,0.0,4,0.67,0.67,8.0,1,3,1,3,0,N
19204,0,3,0,0,2,1,1,4,11.52,3.75,161.94,0.01,13,0.27,9.0,43.19,5,8,4,6,4,N
14185,2,3,1,0,2,1,1,7,7.32,8.17,488.32,0.02,18,0.12,27.13,59.79,7,11,3,7,8,N
18632,0,1,0,0,1,1,1,0,7.75,2.0,31.02,0.01,6,0.5,1.72,15.51,2,4,2,4,0,N
18668,0,1,0,0,1,1,1,0,7.86,2.5,49.13,0.01,7,0.4,2.73,19.65,2,5,2,5,0,N
17323,0,1,0,0,1,1,1,0,0.0,0.0,0.0,0.0,0,0.0,0.0,0.0,0,0,0,0,0,N
18763,0,1,0,0,1,1,1,2,10.44,3.5,127.89,0.01,11,0.29,7.11,36.54,3,8,3,7,2,N
20644,0,1,0,0,1,1,1,0,7.75,2.0,31.02,0.01,6,0.5,1.72,15.51,2,4,2,4,0,N
20970,0,5,0,0,3,3,1,6,30.72,9.0,2488.36,0.09,62,0.11,138.24,276.48,18,44,11,11,6,N
18619,0,1,0,0,1,1,1,0,7.74,1.5,17.41,0.0,5,0.67,0.97,11.61,2,3,2,3,0,N
20124,0,3,0,0,2,2,1,0,6.69,7.5,376.42,0.02,14,0.13,20.91,50.19,5,9,3,9,0,N
17350,0,3,0,0,2,1,1,0,7.75,2.0,31.02,0.01,6,0.5,1.72,15.51,2,4,2,4,0,N
19819,0,1,0,0,1,1,1,2,10.57,3.0,95.1,0.01,10,0.33,5.28,31.7,3,7,3,6,2,N
19926,0,1,0,0,1,1,1,2,5.33,1.5,12.0,0.0,4,0.67,0.67,8.0,1,3,1,3,2,N
18141,0,1,0,0,1,1,1,0,5.33,1.5,12.0,0.0,4,0.67,0.67,8.0,1,3,1,3,0,N
18481,0,1,0,0,1,1,1,0,7.33,4.5,148.5,0.01,11,0.22,8.25,33.0,3,8,2,6,0,N
19534,0,1,0,0,1,1,1,0,9.83,2.0,39.3,0.01,7,0.5,2.18,19.65,3,4,3,4,0,N
22389,0,1,0,0,1,1,1,3,9.51,3.0,85.59,0.01,9,0.33,4.75,28.53,3,6,3,6,3,N
20625,1,5,0,0,3,3,1,8,14.4,10.0,1440.0,0.05,36,0.1,80.0,144.0,12,24,6,10,8,N
17295,0,3,0,0,2,2,1,3,14.28,4.0,228.44,0.02,15,0.25,12.69,57.11,6,9,6,8,3,N
21377,0,5,0,0,3,2,1,12,21.54,19.27,7995.67,0.14,83,0.05,444.2,415.0,34,49,15,17,12,N
14524,0,1,0,0,1,1,1,0,5.33,1.5,12.0,0.0,4,0.67,0.67,8.0,1,3,1,3,0,N
17804,2,5,1,0,3,3,1,23,66.6,8.84,5203.41,0.2,113,0.11,289.08,588.67,55,58,28,9,24,N
22541,4,9,0,8,5,2,4,16,31.28,10.0,3127.52,0.1,62,0.1,173.75,312.75,24,38,18,15,16,Y
21554,0,1,0,0,1,1,1,2,6.2,2.5,38.77,0.01,6,0.4,2.15,15.51,1,5,1,5,2,N
17736,1,9,0,0,5,3,3,12,17.46,16.55,4779.2,0.1,63,0.06,265.51,288.85,28,35,11,13,12,N
16836,0,1,0,0,1,1,1,0,7.74,1.5,17.41,0.0,5,0.67,0.97,11.61,2,3,2,3,0,N
14731,10,38,3,0,29,21,1,152,134.77,40.25,218335.39,1.81,728,0.02,12129.74,5424.48,322,406,140,35,155,N
20889,24,5,24,8,3,1,1,50,62.73,51.81,168419.65,1.08,582,0.02,9356.65,3250.45,279,303,35,13,74,N
18693,0,1,0,0,1,1,1,0,9.51,3.0,85.59,0.01,9,0.33,4.75,28.53,3,6,3,6,0,N
15072,15,29,6,1,15,2,1,41,47.28,10.12,4839.44,0.16,103,0.1,268.86,478.32,43,60,17,8,47,N
14462,0,1,0,0,1,1,1,0,5.33,1.5,12.0,0.0,4,0.67,0.67,8.0,1,3,1,3,0,N
17480,0,1,0,0,1,1,1,0,7.75,2.0,31.02,0.01,6,0.5,1.72,15.51,2,4,2,4,0,N
15549,0,1,0,0,1,1,1,0,7.74,1.5,17.41,0.0,5,0.67,0.97,11.61,2,3,2,3,0,N
16313,0,1,0,0,1,1,1,0,16.84,1.5,37.9,0.01,9,0.67,2.11,25.27,4,5,4,3,0,N
16459,0,1,0,0,1,1,1,0,7.74,1.5,17.41,0.0,5,0.67,0.97,11.61,2,3,2,3,0,N
15065,1,5,5,0,3,2,1,5,15.65,4.2,276.06,0.02,19,0.24,15.34,65.73,7,12,5,6,10,N
19070,0,1,0,0,1,1,1,0,5.33,1.5,12.0,0.0,4,0.67,0.67,8.0,1,3,1,3,0,N
17995,19,41,13,26,21,19,19,78,86.27,47.4,193827.5,1.36,679,0.02,10768.19,4089.19,316,363,50,15,91,N
17045,0,1,0,0,1,1,1,0,5.33,1.5,12.0,0.0,4,0.67,0.67,8.0,1,3,1,3,0,N
17459,0,1,0,0,1,1,1,2,7.71,3.5,94.5,0.01,9,0.29,5.25,27.0,1,8,1,7,2,N
21255,5,27,2,9,14,11,9,70,28.64,36.53,38223.42,0.35,204,0.03,2123.52,1046.36,69,135,17,18,72,N
22266,1,5,0,0,3,3,1,13,16.4,7.07,820.29,0.04,29,0.14,45.57,116.0,11,18,7,9,13,N
18842,2,5,0,1,3,2,1,23,19.78,20.04,7940.87,0.13,80,0.05,441.16,396.34,33,47,14,17,23,N
15366,0,1,0,0,1,1,1,0,0.0,0.0,0.0,0.0,0,0.0,0.0,0.0,0,0,0,0,0,N
15897,0,1,0,0,1,1,1,0,7.86,2.5,49.13,0.01,7,0.4,2.73,19.65,2,5,2,5,0,N
16946,0,1,0,0,1,1,1,0,5.33,1.5,12.0,0.0,4,0.67,0.67,8.0,1,3,1,3,0,N
18246,14,11,1,18,6,6,1,37,38.12,38.25,55776.93,0.49,264,0.03,3098.72,1458.22,119,145,28,18,38,N
16608,14,1,2,4,1,1,1,36,96.51,10.29,10209.86,0.33,192,0.1,567.21,992.63,72,120,28,8,38,N
22711,4,3,0,4,2,1,1,9,11.63,6.0,418.56,0.02,21,0.17,23.25,69.76,8,13,4,6,9,N
15980,0,1,0,0,1,1,1,0,7.74,1.5,17.41,0.0,5,0.67,0.97,11.61,2,3,2,3,0,N
21560,0,1,0,0,1,1,1,0,9.51,3.0,85.59,0.01,9,0.33,4.75,28.53,3,6,3,6,0,N
23056,0,1,0,0,1,1,1,0,9.31,2.5,58.16,0.01,9,0.4,3.23,23.26,1,8,1,5,0,N
14441,0,1,0,0,1,1,1,0,6.86,3.5,84.0,0.01,8,0.29,4.67,24.0,1,7,1,7,0,N
15224,42,1,38,75,1,1,1,5,142.01,9.77,13558.89,0.46,259,0.1,753.27,1387.61,114,145,35,6,43,N
20957,0,1,0,0,1,1,1,2,7.86,2.5,49.13,0.01,7,0.4,2.73,19.65,2,5,2,5,2,N
21986,0,1,0,0,1,1,1,0,7.74,1.5,17.41,0.0,5,0.67,0.97,11.61,2,3,2,3,0,N
21365,1,3,0,0,2,2,1,10,28.45,14.0,5576.96,0.13,82,0.07,309.83,398.35,30,52,15,14,10,N
20428,0,1,0,0,1,1,1,0,7.75,2.0,31.02,0.01,6,0.5,1.72,15.51,2,4,2,4,0,N
21454,1,5,0,0,3,3,1,13,17.24,7.5,969.51,0.04,31,0.13,53.86,129.27,12,19,8,10,13,N
18233,4,3,7,4,2,2,1,6,40.82,10.25,4288.91,0.14,88,0.1,238.27,418.43,41,47,18,9,13,N
18360,4,5,0,19,3,3,1,16,19.62,17.73,6166.12,0.12,74,0.06,342.56,347.83,26,48,11,15,16,N
21293,0,1,0,0,1,1,1,4,21.8,4.4,422.0,0.03,23,0.23,23.44,95.91,11,12,10,8,4,N
20036,0,1,0,0,1,1,1,0,5.33,1.5,12.0,0.0,4,0.67,0.67,8.0,1,3,1,3,0,N
14247,0,3,0,0,2,2,1,4,21.5,7.15,1099.18,0.05,35,0.14,61.07,153.73,13,22,10,11,4,N
15976,0,1,0,0,1,1,1,0,0.0,0.0,0.0,0.0,1,0.0,0.0,0.0,0,1,0,1,0,N
15172,0,1,0,0,1,1,1,4,14.4,2.5,90.0,0.01,12,0.4,5.0,36.0,5,7,4,4,4,N
21274,0,1,0,0,1,1,1,0,5.33,1.5,12.0,0.0,4,0.67,0.67,8.0,1,3,1,3,0,N
17481,0,1,0,0,1,1,1,0,7.75,2.0,31.02,0.01,6,0.5,1.72,15.51,2,4,2,4,0,N
15611,0,1,0,0,1,1,1,0,0.0,0.0,0.0,0.0,1,0.0,0.0,0.0,0,1,0,1,0,N
16365,0,1,0,0,1,1,1,0,5.33,1.5,12.0,0.0,4,0.67,0.67,8.0,1,3,1,3,0,N
23345,0,1,0,0,1,1,1,0,9.31,2.5,58.16,0.01,9,0.4,3.23,23.26,1,8,1,5,0,N
15436,0,1,0,0,1,1,1,0,5.33,1.5,12.0,0.0,4,0.67,0.67,8.0,1,3,1,3,0,N
20274,0,1,0,0,1,1,1,0,6.55,3.0,58.95,0.01,7,0.33,3.28,19.65,1,6,1,6,0,N
19958,0,1,0,0,1,1,1,2,5.33,1.5,12.0,0.0,4,0.67,0.67,8.0,1,3,1,3,2,N
20123,0,3,0,0,2,2,1,0,6.69,7.5,376.42,0.02,14,0.13,20.91,50.19,5,9,3,9,0,N
20341,0,1,0,0,1,1,1,2,8.98,2.5,56.15,0.01,8,0.4,3.12,22.46,2,6,2,5,2,N
14753,3,1,1,0,1,1,1,2,16.84,1.5,37.9,0.01,9,0.67,2.11,25.27,4,5,4,3,3,N
23318,1,5,0,0,3,3,1,13,16.4,7.07,820.29,0.04,29,0.14,45.57,116.0,11,18,7,9,13,N
20862,8,9,2,5,5,1,1,29,35.48,36.0,45981.46,0.43,240,0.03,2554.53,1277.26,88,152,22,18,31,N
17737,0,1,0,0,1,1,1,4,9.47,2.67,67.38,0.01,9,0.38,3.74,25.27,4,5,3,4,4,N
15734,0,1,0,0,1,1,1,0,0.0,0.0,0.0,0.0,0,0.0,0.0,0.0,0,0,0,0,0,N
14581,0,1,0,0,1,1,1,0,9.0,3.0,81.0,0.01,9,0.33,4.5,27.0,2,7,2,6,0,N
14239,6,1,0,9,1,1,1,3,16.84,1.5,37.9,0.01,9,0.67,2.11,25.27,4,5,4,3,3,N
21550,0,1,0,0,1,1,1,2,5.33,1.5,12.0,0.0,4,0.67,0.67,8.0,1,3,1,3,2,N
15079,15,19,9,6,10,1,1,72,71.51,12.75,11624.49,0.3,167,0.08,645.81,911.73,68,99,32,12,81,N
21654,0,1,0,0,1,1,1,0,7.75,2.0,31.02,0.01,6,0.5,1.72,15.51,2,4,2,4,0,N
21388,0,1,0,0,1,1,1,9,22.08,10.5,2434.85,0.08,52,0.1,135.27,231.89,21,31,11,11,9,N
17567,0,1,0,0,1,1,1,0,5.33,1.5,12.0,0.0,4,0.67,0.67,8.0,1,3,1,3,0,N
21538,0,1,0,0,1,1,1,2,5.33,1.5,12.0,0.0,4,0.67,0.67,8.0,1,3,1,3,2,N
23302,0,1,0,0,1,1,1,0,7.74,1.5,17.41,0.0,5,0.67,0.97,11.61,2,3,2,3,0,N
20505,2,3,0,0,2,2,1,10,24.0,4.67,522.66,0.04,28,0.21,29.04,112.0,12,16,9,7,10,N
19063,0,1,0,0,1,1,1,0,5.33,1.5,12.0,0.0,4,0.67,0.67,8.0,1,3,1,3,0,N
16609,14,1,2,4,1,1,1,36,96.51,10.29,10209.86,0.33,192,0.1,567.21,992.63,72,120,28,8,38,N
15177,12,1,13,9,1,1,1,6,69.36,8.0,4439.07,0.18,110,0.13,246.61,554.88,50,60,25,8,19,N
17948,3,7,0,4,1,1,1,27,34.35,13.68,6431.58,0.16,94,0.07,357.31,470.0,40,54,19,13,27,N
20745,6,13,0,10,7,6,1,23,22.04,34.83,26748.53,0.26,155,0.03,1486.03,767.9,44,111,12,19,23,N
15825,0,1,0,0,1,1,1,0,5.33,1.5,12.0,0.0,4,0.67,0.67,8.0,1,3,1,3,0,N
20265,0,1,0,0,1,1,1,0,7.75,2.0,31.02,0.01,6,0.5,1.72,15.51,2,4,2,4,0,N
16989,0,1,0,0,1,1,1,0,5.33,1.5,12.0,0.0,4,0.67,0.67,8.0,1,3,1,3,0,N
21227,0,1,0,0,1,1,1,5,15.11,6.3,599.66,0.03,25,0.16,33.31,95.18,7,18,5,9,5,N
14225,3,5,5,0,3,1,1,6,13.67,11.43,1786.01,0.05,40,0.09,99.22,156.28,20,20,7,8,11,N
20901,3,1,0,3,1,1,1,8,31.35,9.97,3114.36,0.1,65,0.1,173.02,312.48,23,42,15,13,8,N
17980,5,7,1,4,4,4,1,26,72.57,10.48,7975.84,0.25,142,0.1,443.1,760.77,65,77,31,10,27,N
22714,4,7,5,1,4,2,1,12,20.6,10.54,2288.92,0.07,48,0.09,127.16,217.13,23,25,12,11,17,Y
16625,14,1,2,4,1,1,1,36,96.51,10.29,10209.86,0.33,192,0.1,567.21,992.63,72,120,28,8,38,N
16846,0,1,0,0,1,1,1,0,5.33,1.5,12.0,0.0,4,0.67,0.67,8.0,1,3,1,3,0,N
22445,0,3,0,0,2,2,1,8,23.46,10.29,2485.24,0.08,52,0.1,138.07,241.48,19,33,12,13,8,N
17624,0,1,0,0,1,1,1,0,6.2,2.5,38.77,0.01,6,0.4,2.15,15.51,1,5,1,5,0,N
17795,0,1,0,0,1,1,1,0,0.0,0.0,0.0,0.0,0,0.0,0.0,0.0,0,0,0,0,0,N
19971,0,1,0,0,1,1,1,0,7.75,2.0,31.02,0.01,6,0.5,1.72,15.51,2,4,2,4,0,N
22417,3,5,0,0,3,2,1,13,14.97,9.29,1290.47,0.05,34,0.11,71.69,138.97,13,21,7,10,13,N
21206,0,1,0,0,1,1,1,0,5.33,1.5,12.0,0.0,4,0.67,0.67,8.0,1,3,1,3,0,N
18611,0,1,0,0,1,1,1,2,5.33,1.5,12.0,0.0,4,0.67,0.67,8.0,1,3,1,3,2,N
22840,0,1,0,0,1,1,1,2,5.33,1.5,12.0,0.0,4,0.67,0.67,8.0,1,3,1,3,2,N
15895,0,1,0,0,1,1,1,0,5.33,1.5,12.0,0.0,4,0.67,0.67,8.0,1,3,1,3,0,N
18159,1,3,0,0,2,2,1,7,12.44,4.9,298.63,0.02,17,0.2,16.59,60.94,7,10,5,7,7,N
19532,0,1,0,0,1,1,1,0,8.3,6.0,298.97,0.02,15,0.17,16.61,49.83,3,12,2,8,0,N
22344,0,1,0,0,1,1,1,0,7.75,2.0,31.02,0.01,6,0.5,1.72,15.51,2,4,2,4,0,N
20577,0,1,0,0,1,1,1,0,5.33,1.5,12.0,0.0,4,0.67,0.67,8.0,1,3,1,3,0,N
20948,1,15,5,6,8,3,1,16,28.89,17.89,9251.44,0.17,100,0.06,513.97,516.99,40,60,19,17,21,N
14382,0,1,0,0,1,1,1,0,0.0,0.0,0.0,0.0,3,0.0,0.0,4.75,0,3,0,3,0,N
20929,1,1,0,1,1,1,1,6,20.58,10.5,2269.01,0.07,50,0.1,126.06,216.1,14,36,8,12,6,N
23323,0,1,0,0,1,1,1,0,7.86,2.5,49.13,0.01,7,0.4,2.73,19.65,2,5,2,5,0,N
20565,0,1,0,0,1,1,1,0,10.68,4.67,232.53,0.02,15,0.21,12.92,49.83,4,11,3,7,0,N
17672,0,1,0,0,1,1,1,0,7.75,2.0,31.02,0.01,6,0.5,1.72,15.51,2,4,2,4,0,N
17695,0,1,0,0,1,1,1,0,10.0,1.0,10.0,0.0,5,1.0,0.56,10.0,2,3,2,2,0,N
21854,0,1,0,0,1,1,1,0,5.8,2.0,23.22,0.0,5,0.5,1.29,11.61,1,4,1,4,0,N
17523,0,1,0,0,1,1,1,0,8.3,6.0,298.97,0.02,15,0.17,16.61,49.83,3,12,2,8,0,N
18664,0,1,0,0,1,1,1,0,9.51,3.0,85.59,0.01,9,0.33,4.75,28.53,3,6,3,6,0,N
14278,0,3,0,0,2,2,1,0,6.69,7.5,376.42,0.02,14,0.13,20.91,50.19,5,9,3,9,0,N
15208,0,1,0,1,1,1,1,2,7.74,1.5,17.41,0.0,5,0.67,0.97,11.61,2,3,2,3,2,N
22105,0,1,0,0,1,1,1,0,5.33,1.5,12.0,0.0,4,0.67,0.67,8.0,1,3,1,3,0,N
16822,0,1,0,0,1,1,1,0,7.74,1.5,17.41,0.0,5,0.67,0.97,11.61,2,3,2,3,0,N
17686,1,3,0,0,2,2,1,7,5.23,11.25,661.62,0.02,17,0.09,36.76,58.81,5,12,2,9,7,N
14378,0,1,0,0,1,1,1,0,0.0,0.0,0.0,0.0,1,0.0,0.0,0.0,0,1,0,1,0,N
15922,0,1,0,0,1,1,1,0,7.74,1.5,17.41,0.0,5,0.67,0.97,11.61,2,3,2,3,0,N
21828,0,3,0,0,2,2,1,0,9.32,5.0,233.02,0.02,13,0.2,12.95,46.6,5,8,4,8,0,N
16061,0,1,0,0,1,1,1,0,0.0,0.0,0.0,0.0,1,0.0,0.0,0.0,0,1,0,1,0,N
17313,0,3,0,0,2,2,1,4,11.18,5.63,353.85,0.02,17,0.18,19.66,62.91,5,12,4,9,4,N
16871,0,1,0,0,1,1,1,0,7.74,1.5,17.41,0.0,5,0.67,0.97,11.61,2,3,2,3,0,N
18588,0,1,0,0,1,1,1,0,6.2,2.5,38.77,0.01,6,0.4,2.15,15.51,1,5,1,5,0,N
20923,0,1,1,0,1,1,1,1,5.33,1.5,12.0,0.0,4,0.67,0.67,8.0,1,3,1,3,2,N
17182,3,5,6,7,3,1,1,7,18.89,8.44,1345.03,0.05,39,0.12,74.72,159.41,15,24,8,9,13,N
19012,0,1,0,0,1,1,1,0,8.3,6.0,298.97,0.02,15,0.17,16.61,49.83,3,12,2,8,0,N
18132,0,1,0,0,1,1,1,0,5.33,1.5,12.0,0.0,4,0.67,0.67,8.0,1,3,1,3,0,N
16060,0,1,0,0,1,1,1,0,0.0,0.0,0.0,0.0,1,0.0,0.0,0.0,0,1,0,1,0,N
21366,0,1,0,0,1,1,1,13,34.3,13.72,6458.35,0.16,95,0.07,358.8,470.65,38,57,18,13,13,N
14456,0,1,0,0,1,1,1,0,5.33,1.5,12.0,0.0,4,0.67,0.67,8.0,1,3,1,3,0,N
18380,5,8,10,3,6,4,1,27,22.46,39.38,34814.92,0.29,161,0.03,1934.16,884.19,63,98,20,25,37,N
17461,0,1,0,0,1,1,1,2,7.71,3.5,94.5,0.01,9,0.29,5.25,27.0,1,8,1,7,2,N
17229,0,1,0,0,1,1,1,0,7.74,1.5,17.41,0.0,5,0.67,0.97,11.61,2,3,2,3,0,N
16800,0,1,0,0,1,1,1,0,7.74,1.5,17.41,0.0,5,0.67,0.97,11.61,2,3,2,3,0,N
19696,0,1,0,0,1,1,1,0,8.6,7.5,483.97,0.02,18,0.13,26.89,64.53,5,13,3,9,0,N
19646,0,1,0,0,1,1,1,0,5.33,1.5,12.0,0.0,4,0.67,0.67,8.0,1,3,1,3,0,N
22289,0,1,0,0,1,1,1,0,13.95,2.5,87.17,0.01,11,0.4,4.84,34.87,4,7,4,5,0,N
19435,0,1,0,0,1,1,1,0,7.75,2.0,31.02,0.01,6,0.5,1.72,15.51,2,4,2,4,0,N
17905,5,7,1,10,4,4,1,18,51.33,9.55,4677.27,0.16,98,0.1,259.85,490.0,42,56,22,10,19,N
22309,0,1,0,0,1,1,1,0,10.68,4.67,232.53,0.02,15,0.21,12.92,49.83,4,11,3,7,0,N
18849,1,5,0,0,3,3,1,13,17.24,7.5,969.51,0.04,31,0.13,53.86,129.27,12,19,8,10,13,N
18349,15,7,0,77,4,4,1,44,21.39,79.89,136544.83,0.57,319,0.01,7585.82,1709.06,138,181,19,22,44,N
14326,7,17,2,5,9,5,1,36,73.86,15.67,18129.3,0.39,203,0.06,1007.18,1157.19,94,109,39,13,38,N
19551,0,1,0,0,1,1,1,0,5.33,1.5,12.0,0.0,4,0.67,0.67,8.0,1,3,1,3,0,N
23151,0,1,0,0,1,1,1,0,7.74,1.5,17.41,0.0,5,0.67,0.97,11.61,2,3,2,3,0,N
20545,0,1,0,0,1,1,1,0,7.75,2.0,31.02,0.01,6,0.5,1.72,15.51,2,4,2,4,0,N
14351,7,13,2,9,7,5,1,31,73.7,13.26,12966.91,0.33,178,0.08,720.38,977.55,82,96,34,11,33,N
17325,1,3,0,0,2,1,1,8,15.07,9.75,1432.72,0.05,34,0.1,79.6,146.95,13,21,8,12,8,N
16553,0,1,0,0,1,1,1,4,16.21,2.25,82.12,0.01,13,0.44,4.56,36.5,6,7,4,3,4,N
14362,5,9,0,1,5,4,1,15,25.82,11.05,3150.69,0.1,66,0.09,175.04,285.25,27,39,11,9,15,N
19477,0,1,0,0,1,1,1,0,8.3,6.67,369.01,0.02,16,0.15,20.5,55.35,5,11,3,8,0,N
17148,0,3,0,0,2,1,1,0,0.0,0.0,0.0,0.0,0,0.0,0.0,0.0,0,0,0,0,0,N
21266,7,15,0,8,8,3,4,37,21.56,24.07,12488.7,0.17,102,0.04,693.82,518.91,38,64,15,19,37,N
20820,2,1,0,1,1,1,1,7,13.45,11.0,1628.0,0.05,37,0.09,90.44,148.0,10,27,5,11,7,N
19758,0,1,0,0,1,1,1,0,6.86,3.5,84.0,0.01,8,0.29,4.67,24.0,1,7,1,7,0,N
22191,0,1,0,0,1,1,1,0,7.75,2.0,31.02,0.01,6,0.5,1.72,15.51,2,4,2,4,0,N
22773,1,9,0,0,5,3,3,12,17.46,16.55,4779.2,0.1,63,0.06,265.51,288.85,28,35,11,13,12,N
23271,0,1,0,0,1,1,1,0,5.33,1.5,12.0,0.0,4,0.67,0.67,8.0,1,3,1,3,0,N
21748,0,1,0,0,1,1,1,2,5.8,2.0,23.22,0.0,5,0.5,1.29,11.61,1,4,1,4,2,N
21278,0,1,0,0,1,1,1,0,5.33,1.5,12.0,0.0,4,0.67,0.67,8.0,1,3,1,3,0,N
20959,0,1,0,0,1,1,1,2,8.98,2.5,56.15,0.01,8,0.4,3.12,22.46,2,6,2,5,2,N
14343,0,1,0,0,1,1,1,0,7.75,2.0,31.02,0.01,6,0.5,1.72,15.51,2,4,2,4,0,N
18643,0,1,0,0,1,1,1,2,8.98,2.5,56.15,0.01,8,0.4,3.12,22.46,2,6,2,5,2,N
21057,5,5,0,2,3,2,1,23,51.71,10.22,5402.86,0.18,100,0.1,300.16,528.54,46,54,27,12,23,N
21179,15,1,0,24,1,1,1,13,74.92,2.5,468.24,0.06,42,0.4,26.01,187.3,17,25,17,5,13,N
21891,0,1,0,0,1,1,1,0,0.0,0.0,0.0,0.0,0,0.0,0.0,0.0,0,0,0,0,0,N
22367,0,1,0,0,1,1,1,3,12.0,2.5,75.0,0.01,10,0.4,4.17,30.0,3,7,3,5,3,N
18280,5,5,0,3,3,2,1,19,20.49,30.0,18441.46,0.2,118,0.03,1024.53,614.72,51,67,17,20,19,N
17291,0,1,0,0,1,1,1,6,17.51,5.0,437.85,0.03,23,0.2,24.32,87.57,10,13,7,7,6,N
15464,0,1,0,0,1,1,1,0,5.33,1.5,12.0,0.0,4,0.67,0.67,8.0,1,3,1,3,0,N
18048,0,3,0,0,2,2,1,8,23.46,10.29,2485.24,0.08,52,0.1,138.07,241.48,19,33,12,13,8,N
18389,9,11,10,3,6,3,1,31,42.09,24.44,25137.63,0.34,192,0.04,1396.54,1028.65,69,123,24,17,41,N
20054,3,3,6,0,2,1,1,3,20.56,7.56,1173.56,0.05,38,0.13,65.2,155.32,17,21,9,8,9,N
20588,0,1,0,0,1,1,1,0,7.33,4.5,148.5,0.01,11,0.22,8.25,33.0,3,8,2,6,0,N
21012,2,1,0,0,1,1,1,2,18.5,4.0,296.04,0.02,20,0.25,16.45,74.01,5,15,5,8,2,N
14156,0,1,1,0,1,1,1,1,9.83,2.0,39.3,0.01,7,0.5,2.18,19.65,3,4,3,4,2,N
14946,0,1,0,0,1,1,1,2,7.74,1.5,17.41,0.0,5,0.67,0.97,11.61,2,3,2,3,2,N
23165,0,1,0,0,1,1,1,0,7.75,2.0,31.02,0.01,6,0.5,1.72,15.51,2,4,2,4,0,N
21413,0,3,0,0,2,1,1,17,54.4,6.6,2369.73,0.12,70,0.15,131.65,359.05,33,37,25,10,17,N
18630,0,1,0,0,1,1,1,0,7.75,2.0,31.02,0.01,6,0.5,1.72,15.51,2,4,2,4,0,N
18573,0,1,0,0,1,1,1,0,7.75,2.0,31.02,0.01,6,0.5,1.72,15.51,2,4,2,4,0,N
18720,0,1,0,0,1,1,1,2,8.98,2.5,56.15,0.01,8,0.4,3.12,22.46,2,6,2,5,2,N
16111,0,1,0,0,1,1,1,0,5.33,1.5,12.0,0.0,4,0.67,0.67,8.0,1,3,1,3,0,N
23249,0,3,0,0,2,2,1,4,10.88,5.6,341.29,0.02,17,0.18,18.96,60.94,8,9,5,7,4,N
20208,0,1,0,0,1,1,1,0,6.2,2.5,38.77,0.01,6,0.4,2.15,15.51,1,5,1,5,0,N
16523,0,1,0,0,1,1,1,0,5.33,1.5,12.0,0.0,4,0.67,0.67,8.0,1,3,1,3,0,N
18027,7,13,0,7,7,4,6,24,49.18,11.8,6842.92,0.19,109,0.08,380.16,580.09,49,60,27,13,24,N
16402,0,1,0,0,1,1,1,0,7.74,1.5,17.41,0.0,5,0.67,0.97,11.61,2,3,2,3,0,N
22703,17,1,0,30,1,1,1,19,123.14,2.88,1021.34,0.12,73,0.35,56.74,354.63,36,37,25,4,19,N
21452,0,1,0,0,1,1,1,4,9.47,2.67,67.38,0.01,9,0.38,3.74,25.27,4,5,3,4,4,N
19115,0,1,0,0,1,1,1,0,7.75,2.0,31.02,0.01,6,0.5,1.72,15.51,2,4,2,4,0,N
22935,1,5,4,1,3,2,1,6,20.54,4.38,393.13,0.03,23,0.23,21.84,89.86,10,13,8,7,10,N
18819,5,3,0,2,2,2,1,8,10.08,12.0,1451.13,0.04,29,0.08,80.62,120.93,12,17,6,12,8,N
22938,1,1,2,0,1,1,1,3,14.4,2.5,90.0,0.01,12,0.4,5.0,36.0,5,7,4,4,5,N
23330,0,3,0,0,2,2,1,0,7.75,2.0,31.02,0.01,6,0.5,1.72,15.51,2,4,2,4,0,N
20348,0,1,0,0,1,1,1,2,5.33,1.5,12.0,0.0,4,0.67,0.67,8.0,1,3,1,3,2,N
20524,1,3,0,2,2,2,1,12,14.73,8.94,1176.94,0.04,31,0.11,65.39,131.69,13,18,8,11,12,N
21478,0,1,0,0,1,1,1,0,10.68,4.67,232.53,0.02,15,0.21,12.92,49.83,4,11,3,7,0,N
15289,0,1,0,0,1,1,1,0,5.33,1.5,12.0,0.0,4,0.67,0.67,8.0,1,3,1,3,0,N
22300,0,1,0,0,1,1,1,0,9.83,2.0,39.3,0.01,7,0.5,2.18,19.65,3,4,3,4,0,N
20678,0,1,0,0,1,1,1,3,12.0,2.5,75.0,0.01,10,0.4,4.17,30.0,3,7,3,5,3,N
15137,8,1,15,10,1,1,1,20,111.26,8.1,7291.13,0.3,158,0.12,405.06,900.67,68,90,42,10,35,N
17859,0,1,0,0,1,1,1,0,5.33,1.5,12.0,0.0,4,0.67,0.67,8.0,1,3,1,3,0,N
18483,0,1,0,0,1,1,1,3,9.9,3.33,110.0,0.01,11,0.3,6.11,33.0,4,7,3,5,3,N
20073,0,1,0,0,1,1,1,0,5.33,1.5,12.0,0.0,4,0.67,0.67,8.0,1,3,1,3,0,N
22428,1,3,0,0,2,1,1,10,20.19,5.06,517.32,0.03,25,0.2,28.74,102.19,9,16,8,9,10,N
16234,0,1,0,0,1,1,1,2,8.98,2.5,56.15,0.01,8,0.4,3.12,22.46,2,6,2,5,2,N
17081,0,1,0,0,1,1,1,0,0.0,0.0,0.0,0.0,2,0.0,0.0,2.0,0,2,0,2,0,N
15178,12,1,13,9,1,1,1,6,76.17,7.41,4179.42,0.19,110,0.14,232.19,564.22,50,60,27,8,19,N
19983,0,1,0,0,1,1,1,2,6.2,2.5,38.77,0.01,6,0.4,2.15,15.51,1,5,1,5,2,N
23177,0,1,0,0,1,1,1,0,5.33,1.5,12.0,0.0,4,0.67,0.67,8.0,1,3,1,3,0,N
20737,2,11,0,0,6,1,1,14,17.97,17.6,5565.94,0.11,72,0.06,309.22,316.25,32,40,10,11,14,N
19029,0,3,0,0,2,1,1,0,7.75,2.0,31.02,0.01,6,0.5,1.72,15.51,2,4,2,4,0,N
19930,0,1,0,0,1,1,1,2,5.33,1.5,12.0,0.0,4,0.67,0.67,8.0,1,3,1,3,2,N
21909,0,1,0,0,1,1,1,0,8.3,6.0,298.97,0.02,15,0.17,16.61,49.83,3,12,2,8,0,N
18442,0,3,0,0,2,2,1,3,14.28,4.0,228.44,0.02,15,0.25,12.69,57.11,6,9,6,8,3,N
16838,0,1,0,0,1,1,1,0,7.74,1.5,17.41,0.0,5,0.67,0.97,11.61,2,3,2,3,0,N
18002,19,41,8,26,21,19,19,66,68.71,44.09,133582.51,1.01,515,0.02,7421.25,3029.56,237,278,43,16,74,N
20409,0,1,0,0,1,1,1,0,10.68,4.67,232.53,0.02,15,0.21,12.92,49.83,4,11,3,7,0,N
22337,0,1,0,0,1,1,1,0,8.3,6.0,298.97,0.02,15,0.17,16.61,49.83,3,12,2,8,0,N
20848,4,9,2,5,5,2,1,22,12.71,44.0,24612.08,0.19,122,0.02,1367.34,559.37,44,78,8,16,24,N
19753,1,3,0,0,2,1,1,8,15.07,9.75,1432.72,0.05,34,0.1,79.6,146.95,13,21,8,12,8,N
14701,3,1,1,0,1,1,1,2,16.84,1.5,37.9,0.01,9,0.67,2.11,25.27,4,5,4,3,3,N
16524,0,1,0,0,1,1,1,0,5.33,1.5,12.0,0.0,4,0.67,0.67,8.0,1,3,1,3,0,N
19611,0,1,0,0,1,1,1,0,9.51,3.0,85.59,0.01,9,0.33,4.75,28.53,3,6,3,6,0,N
19913,0,1,0,0,1,1,1,0,7.75,2.0,31.02,0.01,6,0.5,1.72,15.51,2,4,2,4,0,N
17897,0,1,0,0,1,1,1,0,7.75,2.0,31.02,0.01,6,0.5,1.72,15.51,2,4,2,4,0,N
22564,0,1,0,0,1,1,1,0,9.51,3.0,85.59,0.01,9,0.33,4.75,28.53,3,6,3,6,0,N
16725,0,1,0,0,1,1,1,0,5.33,1.5,12.0,0.0,4,0.67,0.67,8.0,1,3,1,3,0,N
22687,12,1,0,7,1,1,1,7,51.39,1.8,166.52,0.03,25,0.56,9.25,92.51,12,13,10,3,7,N
17816,0,3,0,0,2,2,1,5,15.36,3.5,188.21,0.02,15,0.29,10.46,53.77,5,10,5,7,5,N
16249,0,1,0,0,1,1,1,0,5.33,1.5,12.0,0.0,4,0.67,0.67,8.0,1,3,1,3,0,N
22837,0,1,0,0,1,1,1,2,5.33,1.5,12.0,0.0,4,0.67,0.67,8.0,1,3,1,3,2,N
17391,0,1,0,0,1,1,1,3,9.0,3.33,100.0,0.01,10,0.3,5.56,30.0,4,6,3,5,3,N
19706,0,1,0,0,1,1,1,0,7.86,2.5,49.13,0.01,7,0.4,2.73,19.65,2,5,2,5,0,N
16860,0,1,0,0,1,1,1,0,5.33,1.5,12.0,0.0,4,0.67,0.67,8.0,1,3,1,3,0,N
18178,3,1,7,0,1,1,1,1,48.37,5.36,1388.16,0.09,61,0.19,77.12,259.12,30,31,14,5,8,N
22213,0,1,0,0,1,1,1,0,6.55,3.0,58.95,0.01,7,0.33,3.28,19.65,1,6,1,6,0,N
15749,0,1,0,0,1,1,1,0,0.0,0.0,0.0,0.0,3,0.0,0.0,4.75,0,3,0,3,0,N
18020,0,1,0,0,1,1,1,2,9.51,3.0,85.59,0.01,9,0.33,4.75,28.53,3,6,3,6,2,N
22063,5,5,6,0,3,3,1,8,30.59,3.75,430.18,0.04,31,0.27,23.9,114.71,12,19,8,5,14,N
22002,0,1,0,0,1,1,1,0,8.3,6.0,298.97,0.02,15,0.17,16.61,49.83,3,12,2,8,0,N
23402,0,1,0,0,1,1,1,0,5.33,1.5,12.0,0.0,4,0.67,0.67,8.0,1,3,1,3,0,N
20969,0,5,0,0,3,3,1,6,30.72,9.0,2488.36,0.09,62,0.11,138.24,276.48,18,44,11,11,6,N
22906,0,1,0,0,1,1,1,2,5.33,1.5,12.0,0.0,4,0.67,0.67,8.0,1,3,1,3,2,N
16576,2,3,2,0,2,1,1,9,12.13,11.0,1467.81,0.04,32,0.09,81.55,133.44,11,21,6,12,11,N
21912,0,1,0,0,1,1,1,0,8.3,6.0,298.97,0.02,15,0.17,16.61,49.83,3,12,2,8,0,N
16442,0,1,0,0,1,1,1,0,5.8,2.0,23.22,0.0,5,0.5,1.29,11.61,1,4,1,4,0,N
19040,0,1,0,0,1,1,1,0,5.33,1.5,12.0,0.0,4,0.67,0.67,8.0,1,3,1,3,0,N
16290,0,1,0,0,1,1,1,0,7.74,1.5,17.41,0.0,5,0.67,0.97,11.61,2,3,2,3,0,N
16291,0,1,0,0,1,1,1,0,16.5,2.0,66.0,0.01,11,0.5,3.67,33.0,4,7,4,4,0,N
17399,0,3,0,0,2,2,1,4,21.5,7.15,1099.18,0.05,35,0.14,61.07,153.73,13,22,10,11,4,N
23002,1,5,0,3,3,3,1,19,20.96,10.5,2310.82,0.07,48,0.1,128.38,220.08,21,27,12,12,19,N
17656,0,1,0,0,1,1,1,0,0.0,0.0,0.0,0.0,0,0.0,0.0,0.0,0,0,0,0,0,N
23373,0,1,0,0,1,1,1,0,7.75,2.0,31.02,0.01,6,0.5,1.72,15.51,2,4,2,4,0,N
21351,0,1,0,0,1,1,1,9,38.28,8.03,2471.8,0.1,68,0.12,137.32,307.6,25,43,14,9,9,N
20916,0,1,0,0,1,1,1,2,7.74,1.5,17.41,0.0,5,0.67,0.97,11.61,2,3,2,3,2,N
19782,0,1,0,0,1,1,1,0,7.75,2.0,31.02,0.01,6,0.5,1.72,15.51,2,4,2,4,0,N
17188,3,5,6,7,3,1,1,7,18.89,8.44,1345.03,0.05,39,0.12,74.72,159.41,15,24,8,9,13,N
14158,0,1,1,0,1,1,1,1,9.83,2.0,39.3,0.01,7,0.5,2.18,19.65,3,4,3,4,2,N
16874,0,1,0,0,1,1,1,0,7.74,1.5,17.41,0.0,5,0.67,0.97,11.61,2,3,2,3,0,N
17744,0,3,0,0,2,2,1,0,9.32,5.0,233.02,0.02,13,0.2,12.95,46.6,5,8,4,8,0,N
17740,0,3,0,0,2,2,1,4,11.99,6.67,533.03,0.03,21,0.15,29.61,79.95,10,11,6,8,4,N
23344,3,1,0,0,1,1,1,2,7.75,2.0,31.02,0.01,6,0.5,1.72,15.51,2,4,2,4,2,N
21503,0,1,0,0,1,1,1,0,7.75,2.0,31.02,0.01,6,0.5,1.72,15.51,2,4,2,4,0,N
18663,0,1,0,0,1,1,1,0,9.51,3.0,85.59,0.01,9,0.33,4.75,28.53,3,6,3,6,0,N
16092,0,1,0,0,1,1,1,0,7.74,1.5,17.41,0.0,5,0.67,0.97,11.61,2,3,2,3,0,N
21028,5,5,0,2,3,2,1,22,49.1,10.15,5062.23,0.17,95,0.1,281.24,498.55,44,51,26,12,22,N
16598,2,23,9,6,17,15,7,43,34.14,30.0,30723.65,0.34,172,0.03,1706.87,1024.11,64,108,32,30,52,N
20562,4,7,0,3,4,3,4,10,26.1,9.43,2320.6,0.08,53,0.11,128.91,246.12,24,29,14,11,10,N
19602,0,1,0,0,1,1,1,0,5.33,1.5,12.0,0.0,4,0.67,0.67,8.0,1,3,1,3,0,N
17285,1,5,0,0,3,3,1,13,17.24,7.5,969.51,0.04,31,0.13,53.86,129.27,12,19,8,10,13,N
22071,2,3,5,0,2,2,1,5,13.96,6.0,502.57,0.03,22,0.17,27.92,83.76,9,13,6,8,10,N
19439,0,1,0,0,1,1,1,0,5.8,2.0,23.22,0.0,5,0.5,1.29,11.61,1,4,1,4,0,N
23203,0,1,0,0,1,1,1,0,5.33,1.5,12.0,0.0,4,0.67,0.67,8.0,1,3,1,3,0,N
16968,0,1,0,0,1,1,1,0,5.33,1.5,12.0,0.0,4,0.67,0.67,8.0,1,3,1,3,0,N
14317,0,1,0,0,1,1,1,0,9.31,2.5,58.16,0.01,9,0.4,3.23,23.26,1,8,1,5,0,N
18787,0,1,0,0,1,1,1,6,22.08,3.57,281.68,0.03,22,0.28,15.65,78.87,10,12,7,5,6,N
22782,0,1,0,0,1,1,1,6,17.51,5.0,437.85,0.03,23,0.2,24.32,87.57,10,13,7,7,6,N
17498,0,3,0,0,2,1,1,0,7.75,2.0,31.02,0.01,6,0.5,1.72,15.51,2,4,2,4,0,N
20229,1,3,0,0,2,1,1,8,15.07,9.75,1432.72,0.05,34,0.1,79.6,146.95,13,21,8,12,8,N
20041,0,7,0,0,6,1,1,30,44.38,11.05,5420.93,0.16,99,0.09,301.16,490.47,35,64,19,12,30,N
21398,0,1,0,0,1,1,1,7,24.54,6.75,1118.27,0.06,39,0.15,62.13,165.67,15,24,10,9,7,N
20487,0,1,0,0,1,1,1,0,9.51,3.0,85.59,0.01,9,0.33,4.75,28.53,3,6,3,6,0,N
21495,0,1,0,0,1,1,1,0,7.75,2.0,31.02,0.01,6,0.5,1.72,15.51,2,4,2,4,0,N
16074,0,1,0,0,1,1,1,0,5.33,1.5,12.0,0.0,4,0.67,0.67,8.0,1,3,1,3,0,N
23223,0,1,0,0,1,1,1,0,7.74,1.5,17.41,0.0,5,0.67,0.97,11.61,2,3,2,3,0,N
14942,1,5,3,0,3,2,1,4,17.76,5.06,455.24,0.03,22,0.2,25.29,89.92,9,13,8,9,7,N
14429,0,1,0,0,1,1,1,0,0.0,0.0,0.0,0.0,0,0.0,0.0,0.0,0,0,0,0,0,N
23451,0,1,0,0,1,1,1,0,7.74,1.5,17.41,0.0,5,0.67,0.97,11.61,2,3,2,3,0,N
21881,0,1,0,0,1,1,1,0,0.0,0.0,0.0,0.0,0,0.0,0.0,0.0,0,0,0,0,0,N
21342,0,1,0,0,1,1,1,16,58.8,10.18,6095.25,0.2,122,0.1,338.63,598.64,56,66,22,8,16,N
20913,0,1,0,0,1,1,1,2,7.74,1.5,17.41,0.0,5,0.67,0.97,11.61,2,3,2,3,2,N
15348,0,1,0,0,1,1,1,0,7.74,1.5,17.41,0.0,5,0.67,0.97,11.61,2,3,2,3,0,N
15963,0,1,0,0,1,1,1,0,5.33,1.5,12.0,0.0,4,0.67,0.67,8.0,1,3,1,3,0,N
22291,0,1,0,0,1,1,1,0,7.75,2.0,31.02,0.01,6,0.5,1.72,15.51,2,4,2,4,0,N
19905,0,1,0,0,1,1,1,0,0.0,0.0,0.0,0.0,0,0.0,0.0,0.0,0,0,0,0,0,N
22758,2,3,0,0,2,1,1,7,9.87,8.1,647.63,0.03,21,0.12,35.98,79.95,9,12,5,9,7,N
17636,0,1,0,0,1,1,1,0,5.8,2.0,23.22,0.0,5,0.5,1.29,11.61,1,4,1,4,0,N
19031,0,3,0,0,2,1,1,0,7.75,2.0,31.02,0.01,6,0.5,1.72,15.51,2,4,2,4,0,N
21428,2,1,6,3,1,1,1,6,60.1,3.63,792.63,0.07,47,0.28,44.04,218.26,23,24,19,6,12,N
16453,1,1,0,0,1,1,1,6,23.25,3.0,209.28,0.02,21,0.33,11.63,69.76,9,12,6,4,6,N
17896,0,1,0,0,1,1,1,0,7.75,2.0,31.02,0.01,6,0.5,1.72,15.51,2,4,2,4,0,N
21638,0,3,0,0,2,1,1,0,7.75,2.0,31.02,0.01,6,0.5,1.72,15.51,2,4,2,4,0,N
21745,0,1,0,0,1,1,1,0,12.18,3.0,109.62,0.01,11,0.33,6.09,36.54,4,7,4,6,0,N
17379,0,1,0,0,1,1,1,0,9.51,3.0,85.59,0.01,9,0.33,4.75,28.53,3,6,3,6,0,N
14565,3,11,0,1,1,1,1,20,21.1,18.56,7271.57,0.13,77,0.05,403.98,391.73,33,44,16,18,20,N
17572,0,1,0,0,1,1,1,0,5.33,1.5,12.0,0.0,4,0.67,0.67,8.0,1,3,1,3,0,N
19991,1,11,0,0,1,1,1,36,46.81,15.83,11734.74,0.25,132,0.06,651.93,741.14,50,82,30,19,36,N
15189,12,1,13,9,1,1,1,6,76.17,7.41,4179.42,0.19,110,0.14,232.19,564.22,50,60,27,8,19,N
22373,0,1,0,0,1,1,1,2,8.98,2.5,56.15,0.01,8,0.4,3.12,22.46,2,6,2,5,2,N
23412,0,1,0,0,1,1,1,0,7.75,2.0,31.02,0.01,6,0.5,1.72,15.51,2,4,2,4,0,N
22374,0,1,0,0,1,1,1,2,5.33,1.5,12.0,0.0,4,0.67,0.67,8.0,1,3,1,3,2,N
20029,5,5,0,2,3,3,1,16,41.09,4.67,894.86,0.06,43,0.21,49.71,191.76,20,23,15,7,16,N
21975,0,1,0,0,1,1,1,0,5.33,1.5,12.0,0.0,4,0.67,0.67,8.0,1,3,1,3,0,N
21146,3,1,0,3,1,1,1,2,0.0,0.0,0.0,0.0,3,0.0,0.0,4.75,0,3,0,3,2,N
17718,0,1,0,0,1,1,1,0,9.51,3.0,85.59,0.01,9,0.33,4.75,28.53,3,6,3,6,0,N
16573,2,3,2,0,2,1,1,9,12.13,11.0,1467.81,0.04,32,0.09,81.55,133.44,11,21,6,12,11,N
19314,0,1,0,0,1,1,1,0,7.75,2.0,31.02,0.01,6,0.5,1.72,15.51,2,4,2,4,0,N
20824,2,3,1,6,2,2,1,11,17.84,14.0,3496.19,0.08,56,0.07,194.23,249.73,16,40,8,14,12,N
16856,0,1,0,0,1,1,1,0,5.33,1.5,12.0,0.0,4,0.67,0.67,8.0,1,3,1,3,0,N
17882,0,1,0,0,1,1,1,0,7.75,2.0,31.02,0.01,6,0.5,1.72,15.51,2,4,2,4,0,N
22480,0,5,0,0,3,2,1,7,11.89,13.13,2048.55,0.05,35,0.08,113.81,156.08,15,20,8,14,7,N
22241,0,1,0,0,1,1,1,0,7.74,1.5,17.41,0.0,5,0.67,0.97,11.61,2,3,2,3,0,N
22924,1,5,4,1,3,2,1,6,20.54,4.38,393.13,0.03,23,0.23,21.84,89.86,10,13,8,7,10,N
15769,0,1,0,0,1,1,1,0,7.74,1.5,17.41,0.0,5,0.67,0.97,11.61,2,3,2,3,0,N
20881,4,21,0,4,11,2,5,34,26.07,35.6,33036.05,0.31,170,0.03,1835.34,928.1,65,105,21,23,34,N
16125,0,1,0,0,1,1,1,0,7.74,1.5,17.41,0.0,5,0.67,0.97,11.61,2,3,2,3,0,N
15849,0,1,0,0,1,1,1,0,5.33,1.5,12.0,0.0,4,0.67,0.67,8.0,1,3,1,3,0,N
19897,0,5,0,0,3,2,1,7,11.89,13.13,2048.55,0.05,35,0.08,113.81,156.08,15,20,8,14,7,N
17386,5,3,0,3,2,1,1,9,11.26,10.0,1125.88,0.04,27,0.1,62.55,112.59,10,17,6,12,9,N
18854,0,3,0,0,2,2,1,0,9.32,5.0,233.02,0.02,13,0.2,12.95,46.6,5,8,4,8,0,N
22683,11,1,0,10,1,1,1,9,86.0,1.6,220.17,0.05,33,0.63,12.23,137.61,16,17,15,3,9,N
22443,0,1,0,0,1,1,1,4,10.24,7.0,501.89,0.02,20,0.14,27.88,71.7,7,13,4,8,4,N
15665,0,1,0,0,1,1,1,0,5.33,1.5,12.0,0.0,4,0.67,0.67,8.0,1,3,1,3,0,N
15796,0,1,0,0,1,1,1,0,5.33,1.5,12.0,0.0,4,0.67,0.67,8.0,1,3,1,3,0,N
14288,2,7,0,0,4,2,3,11,12.35,16.0,3162.47,0.07,45,0.06,175.69,197.65,16,29,7,14,11,N
19689,3,5,1,4,3,2,1,13,38.17,5.33,1085.65,0.07,45,0.19,60.31,203.56,20,25,15,8,14,N
21571,0,1,0,0,1,1,1,2,7.74,1.5,17.41,0.0,5,0.67,0.97,11.61,2,3,2,3,2,N
14563,3,7,0,4,1,1,1,28,38.35,13.0,6481.43,0.17,98,0.08,360.08,498.57,42,56,21,13,28,N
22712,4,3,0,4,2,1,1,9,11.63,6.0,418.56,0.02,21,0.17,23.25,69.76,8,13,4,6,9,N
17556,24,7,0,2,4,4,3,17,23.6,8.1,1548.37,0.06,45,0.12,86.02,191.16,18,27,10,9,17,N
19175,0,1,0,0,1,1,1,2,5.33,1.5,12.0,0.0,4,0.67,0.67,8.0,1,3,1,3,2,N
19260,0,1,0,0,1,1,1,0,7.75,2.0,31.02,0.01,6,0.5,1.72,15.51,2,4,2,4,0,N
17504,0,1,0,0,1,1,1,0,7.75,2.0,31.02,0.01,6,0.5,1.72,15.51,2,4,2,4,0,N
20271,0,3,0,0,2,2,1,5,15.36,3.5,188.21,0.02,15,0.29,10.46,53.77,5,10,5,7,5,N
20919,0,1,0,0,1,1,1,2,7.86,2.5,49.13,0.01,7,0.4,2.73,19.65,2,5,2,5,2,N
19586,0,1,0,0,1,1,1,2,8.98,2.5,56.15,0.01,8,0.4,3.12,22.46,2,6,2,5,2,N
14098,18,18,14,27,1,1,1,67,28.6,47.67,64981.35,0.45,238,0.02,3610.07,1363.25,99,139,27,26,81,N
17585,6,3,0,0,2,2,1,4,9.08,5.33,258.3,0.02,14,0.19,14.35,48.43,4,10,3,8,4,N
16482,0,1,0,0,1,1,1,2,7.35,8.0,470.48,0.02,17,0.13,26.14,58.81,6,11,3,8,2,N
17343,0,1,0,0,1,1,1,0,8.3,6.0,298.97,0.02,15,0.17,16.61,49.83,3,12,2,8,0,N
19282,0,1,0,0,1,1,1,0,8.3,6.0,298.97,0.02,15,0.17,16.61,49.83,3,12,2,8,0,N
15625,0,1,0,0,1,1,1,0,5.33,1.5,12.0,0.0,4,0.67,0.67,8.0,1,3,1,3,0,N
22772,1,3,0,2,2,2,1,12,14.73,8.94,1176.94,0.04,31,0.11,65.39,131.69,13,18,8,11,12,N
23434,0,1,0,0,1,1,1,0,5.33,1.5,12.0,0.0,4,0.67,0.67,8.0,1,3,1,3,0,N
17944,3,11,0,1,1,1,1,20,21.1,18.56,7271.57,0.13,77,0.05,403.98,391.73,33,44,16,18,20,N
17475,0,3,0,0,2,2,1,5,15.36,3.5,188.21,0.02,15,0.29,10.46,53.77,5,10,5,7,5,N
18602,0,1,0,0,1,1,1,0,7.75,2.0,31.02,0.01,6,0.5,1.72,15.51,2,4,2,4,0,N
15052,1,3,2,0,2,2,1,5,15.23,5.0,380.74,0.03,20,0.2,21.15,76.15,10,10,7,7,7,N
16728,0,1,0,0,1,1,1,0,7.74,1.5,17.41,0.0,5,0.67,0.97,11.61,2,3,2,3,0,N
15920,0,1,0,0,1,1,1,0,7.74,1.5,17.41,0.0,5,0.67,0.97,11.61,2,3,2,3,0,N
21145,0,1,0,0,1,1,1,8,93.01,3.5,1139.36,0.11,71,0.29,63.3,325.53,35,36,20,4,8,Y
21436,0,1,0,0,1,1,1,0,5.33,1.5,12.0,0.0,4,0.67,0.67,8.0,1,3,1,3,0,N
20940,4,7,2,4,4,4,1,18,32.35,20.43,13494.29,0.22,125,0.05,749.68,660.68,43,82,20,19,20,N
21238,0,3,0,0,2,1,1,17,9.69,23.38,5296.77,0.08,58,0.04,294.26,226.6,17,41,4,11,17,N
22134,0,3,0,0,2,2,1,3,14.28,4.0,228.44,0.02,15,0.25,12.69,57.11,6,9,6,8,3,N
20472,0,1,0,0,1,1,1,2,8.98,2.5,56.15,0.01,8,0.4,3.12,22.46,2,6,2,5,2,N
21544,0,1,0,0,1,1,1,0,6.55,3.0,58.95,0.01,7,0.33,3.28,19.65,1,6,1,6,0,N
15175,12,1,13,9,1,1,1,6,69.36,8.0,4439.07,0.18,110,0.13,246.61,554.88,50,60,25,8,19,N
17349,0,1,0,0,1,1,1,0,7.75,2.0,31.02,0.01,6,0.5,1.72,15.51,2,4,2,4,0,N
20483,0,1,0,0,1,1,1,2,5.33,1.5,12.0,0.0,4,0.67,0.67,8.0,1,3,1,3,2,N
20629,0,3,0,0,2,2,1,5,15.36,3.5,188.21,0.02,15,0.29,10.46,53.77,5,10,5,7,5,N
22125,0,3,0,0,2,2,1,4,11.99,6.67,533.03,0.03,21,0.15,29.61,79.95,10,11,6,8,4,N
21630,0,1,0,0,1,1,1,0,8.3,6.0,298.97,0.02,15,0.17,16.61,49.83,3,12,2,8,0,N
18069,0,1,0,0,1,1,1,0,0.0,0.0,0.0,0.0,1,0.0,0.0,0.0,0,1,0,1,0,N
14267,1,5,0,0,3,3,1,13,16.4,7.07,820.29,0.04,29,0.14,45.57,116.0,11,18,7,9,13,N
18784,0,1,0,1,1,1,1,6,16.37,6.0,589.61,0.03,31,0.17,32.75,98.27,15,16,5,4,6,N
14716,0,1,1,0,1,1,1,1,8.54,4.67,186.03,0.01,12,0.21,10.33,39.86,4,8,3,7,2,Y
21727,0,1,0,0,1,1,1,0,0.0,0.0,0.0,0.0,0,0.0,0.0,0.0,0,0,0,0,0,N
17358,0,1,0,0,1,1,1,0,7.75,2.0,31.02,0.01,6,0.5,1.72,15.51,2,4,2,4,0,N
17189,20,23,3,48,12,5,6,50,22.06,40.8,36720.0,0.3,180,0.02,2040.0,900.0,72,108,15,17,53,N
17648,0,1,0,0,1,1,1,0,6.2,2.5,38.77,0.01,6,0.4,2.15,15.51,1,5,1,5,0,N
22605,0,1,0,0,1,1,1,0,10.68,4.67,232.53,0.02,15,0.21,12.92,49.83,4,11,3,7,0,N
18393,8,12,13,9,8,6,3,36,39.4,37.78,56237.13,0.5,268,0.03,3124.28,1488.63,102,166,27,20,49,N
23531,1,1,0,4,1,1,1,4,21.67,1.8,70.2,0.01,13,0.56,3.9,39.0,6,7,5,3,4,N
16280,0,1,0,0,1,1,1,0,0.0,0.0,0.0,0.0,1,0.0,0.0,0.0,0,1,0,1,0,N
18625,0,1,0,0,1,1,1,0,7.75,2.0,31.02,0.01,6,0.5,1.72,15.51,2,4,2,4,0,N
20987,4,11,0,3,6,3,1,29,20.31,38.25,29720.31,0.26,146,0.03,1651.13,777.0,51,95,16,24,29,N
17791,0,1,0,0,1,1,1,0,0.0,0.0,0.0,0.0,0,0.0,0.0,0.0,0,0,0,0,0,N
15045,1,1,3,2,1,1,1,1,17.17,2.4,98.9,0.01,13,0.42,5.49,41.21,6,7,5,4,4,Y
22179,0,1,0,0,1,1,1,0,8.3,6.0,298.97,0.02,15,0.17,16.61,49.83,3,12,2,8,0,N
14792,0,1,0,0,1,1,1,2,7.74,1.5,17.41,0.0,5,0.67,0.97,11.61,2,3,2,3,2,N
22998,2,5,0,1,3,2,1,23,19.78,20.04,7940.87,0.13,80,0.05,441.16,396.34,33,47,14,17,23,N
17969,3,5,1,8,3,3,1,12,23.67,9.09,1956.58,0.07,49,0.11,108.7,215.22,20,29,11,10,13,N
16876,0,1,0,0,1,1,1,2,5.33,1.5,12.0,0.0,4,0.67,0.67,8.0,1,3,1,3,2,N
16639,1,1,3,0,1,1,1,2,10.75,6.0,387.18,0.02,18,0.17,21.51,64.53,6,12,4,8,5,N
18098,1,3,0,0,2,1,1,8,15.07,9.75,1432.72,0.05,34,0.1,79.6,146.95,13,21,8,12,8,N
14105,18,18,14,27,1,1,1,67,31.0,44.38,61064.32,0.46,238,0.02,3392.46,1375.96,99,139,29,26,81,Y
21569,0,1,0,0,1,1,1,0,0.0,0.0,0.0,0.0,1,0.0,0.0,0.0,0,1,0,1,0,N
22426,8,17,1,11,9,8,6,54,44.93,20.91,19641.56,0.31,164,0.05,1091.2,939.38,69,95,33,20,55,N
18136,0,1,0,0,1,1,1,0,7.86,2.5,49.13,0.01,7,0.4,2.73,19.65,2,5,2,5,0,N
22536,0,1,0,0,1,1,1,0,5.33,1.5,12.0,0.0,4,0.67,0.67,8.0,1,3,1,3,0,N
19613,0,1,0,0,1,1,1,0,5.33,1.5,12.0,0.0,4,0.67,0.67,8.0,1,3,1,3,0,N
15770,0,1,0,0,1,1,1,0,7.75,2.0,31.02,0.01,6,0.5,1.72,15.51,2,4,2,4,0,N
16865,0,1,0,0,1,1,1,0,7.86,2.5,49.13,0.01,7,0.4,2.73,19.65,2,5,2,5,0,N
16295,0,1,0,0,1,1,1,0,16.5,2.0,66.0,0.01,11,0.5,3.67,33.0,4,7,4,4,0,N
17837,0,1,0,0,1,1,1,0,9.6,2.5,60.0,0.01,8,0.4,3.33,24.0,3,5,3,5,0,N
17939,0,1,0,0,1,1,1,0,9.29,1.5,20.9,0.0,6,0.67,1.16,13.93,2,4,2,3,0,N
22744,1,1,0,2,1,1,1,9,46.84,5.97,1669.87,0.09,61,0.17,92.77,279.68,29,32,17,7,9,N
22527,0,1,0,0,1,1,1,0,7.86,2.5,49.13,0.01,7,0.4,2.73,19.65,2,5,2,5,0,N
20591,0,1,0,0,1,1,1,0,0.0,0.0,0.0,0.0,1,0.0,0.0,0.0,0,1,0,1,0,N
21374,1,3,0,0,2,2,1,13,25.37,16.41,6827.5,0.14,84,0.06,379.31,416.15,35,49,16,15,13,N
17831,0,1,0,0,1,1,1,0,7.75,2.0,31.02,0.01,6,0.5,1.72,15.51,2,4,2,4,0,N
21308,0,1,0,0,1,1,1,12,30.94,13.36,5520.55,0.14,89,0.07,306.7,413.3,34,55,14,11,12,N
17300,0,1,0,0,1,1,1,0,7.75,2.0,31.02,0.01,6,0.5,1.72,15.51,2,4,2,4,0,N
21002,0,1,0,0,1,1,1,2,7.86,2.5,49.13,0.01,7,0.4,2.73,19.65,2,5,2,5,2,N
21699,0,3,0,0,2,2,1,0,7.86,2.5,49.13,0.01,7,0.4,2.73,19.65,2,5,2,5,0,N
17977,0,3,0,0,2,2,1,4,13.67,6.0,492.27,0.03,21,0.17,27.35,82.04,6,15,5,10,4,N
16350,0,1,0,0,1,1,1,0,5.33,1.5,12.0,0.0,4,0.67,0.67,8.0,1,3,1,3,0,N
20118,1,5,0,0,3,3,1,13,17.24,7.5,969.51,0.04,31,0.13,53.86,129.27,12,19,8,10,13,N
15474,0,1,0,0,1,1,1,0,5.33,1.5,12.0,0.0,4,0.67,0.67,8.0,1,3,1,3,0,N
14812,1,1,0,0,1,1,1,2,7.74,1.5,17.41,0.0,5,0.67,0.97,11.61,2,3,2,3,2,N
18339,0,1,0,1,1,1,1,2,12.55,4.0,200.76,0.02,14,0.25,11.15,50.19,4,10,4,8,2,N
23406,0,1,0,0,1,1,1,0,5.8,2.0,23.22,0.0,5,0.5,1.29,11.61,1,4,1,4,0,N
20596,0,1,0,0,1,1,1,0,7.75,2.0,31.02,0.01,6,0.5,1.72,15.51,2,4,2,4,0,N
21155,1,5,1,0,3,1,1,7,13.48,4.67,293.57,0.02,17,0.21,16.3,62.91,8,9,6,7,8,N
17924,0,1,0,0,1,1,1,2,8.98,2.5,56.15,0.01,8,0.4,3.12,22.46,2,6,2,5,2,N
22666,0,1,0,0,1,1,1,0,7.74,1.5,17.41,0.0,5,0.67,0.97,11.61,2,3,2,3,0,N
21361,0,1,0,0,1,1,1,10,23.44,11.0,2836.27,0.09,57,0.09,157.57,257.83,24,33,12,11,10,N
19844,35,72,9,11,1,1,1,151,78.62,45.39,161970.4,1.19,514,0.02,8998.36,3568.45,211,303,86,37,160,N
20150,0,1,0,0,1,1,1,0,7.75,2.0,31.02,0.01,6,0.5,1.72,15.51,2,4,2,4,0,N
14747,3,1,0,0,1,1,1,2,7.74,1.5,17.41,0.0,5,0.67,0.97,11.61,2,3,2,3,2,N
21153,3,1,0,3,1,1,1,2,0.0,0.0,0.0,0.0,3,0.0,0.0,4.75,0,3,0,3,2,N
19722,0,1,0,0,1,1,1,0,7.75,2.0,31.02,0.01,6,0.5,1.72,15.51,2,4,2,4,0,N
17914,0,1,0,0,1,1,1,2,5.33,1.5,12.0,0.0,4,0.67,0.67,8.0,1,3,1,3,2,N
15888,0,1,0,0,1,1,1,0,6.55,3.0,58.95,0.01,7,0.33,3.28,19.65,1,6,1,6,0,N
21625,0,1,0,0,1,1,1,0,9.6,2.5,60.0,0.01,8,0.4,3.33,24.0,3,5,3,5,0,N
23387,0,1,0,0,1,1,1,0,5.33,1.5,12.0,0.0,4,0.67,0.67,8.0,1,3,1,3,0,N
22776,1,5,0,0,3,3,1,13,17.24,7.5,969.51,0.04,31,0.13,53.86,129.27,12,19,8,10,13,N
18726,2,3,0,3,2,1,1,5,4.87,13.5,887.34,0.02,19,0.07,49.3,65.73,6,13,2,9,5,N
22586,0,1,0,0,1,1,1,6,17.51,5.0,437.85,0.03,23,0.2,24.32,87.57,10,13,7,7,6,N
16173,0,1,0,0,1,1,1,0,7.75,2.0,31.02,0.01,6,0.5,1.72,15.51,2,4,2,4,0,N
20920,0,1,0,0,1,1,1,2,7.86,2.5,49.13,0.01,7,0.4,2.73,19.65,2,5,2,5,2,N
15746,0,1,0,0,1,1,1,0,0.0,0.0,0.0,0.0,1,0.0,0.0,0.0,0,1,0,1,0,N
16174,0,1,0,0,1,1,1,0,7.75,2.0,31.02,0.01,6,0.5,1.72,15.51,2,4,2,4,0,N
18286,6,1,0,4,1,1,1,19,35.77,15.32,8395.76,0.18,118,0.07,466.43,547.98,39,79,14,11,19,N
20254,0,1,0,0,1,1,1,0,6.86,3.5,84.0,0.01,8,0.29,4.67,24.0,1,7,1,7,0,N
15621,0,1,0,0,1,1,1,0,5.33,1.5,12.0,0.0,4,0.67,0.67,8.0,1,3,1,3,0,N
19761,0,1,0,0,1,1,1,0,8.3,6.0,298.97,0.02,15,0.17,16.61,49.83,3,12,2,8,0,N
17396,0,1,0,0,1,1,1,2,7.74,1.5,17.41,0.0,5,0.67,0.97,11.61,2,3,2,3,2,N
20517,0,3,0,0,2,2,1,8,23.46,10.29,2485.24,0.08,52,0.1,138.07,241.48,19,33,12,13,8,N
14428,0,1,0,0,1,1,1,0,0.0,0.0,0.0,0.0,1,0.0,0.0,0.0,0,1,0,1,0,N
19257,2,1,0,1,1,1,1,1,0.0,0.0,0.0,0.0,1,0.0,0.0,0.0,0,1,0,1,1,N
15534,0,1,0,0,1,1,1,0,0.0,0.0,0.0,0.0,2,0.0,0.0,2.0,0,2,0,2,0,N
21327,0,1,0,0,1,1,1,8,31.94,8.25,2174.2,0.09,60,0.12,120.79,263.54,22,38,12,9,8,N
22956,10,1,0,9,1,1,1,7,38.4,2.5,240.0,0.03,24,0.4,13.33,96.0,11,13,11,5,7,N
17293,0,3,0,0,2,2,1,0,7.86,2.5,49.13,0.01,7,0.4,2.73,19.65,2,5,2,5,0,N
21826,0,1,0,0,1,1,1,0,7.86,2.5,49.13,0.01,7,0.4,2.73,19.65,2,5,2,5,0,N
19220,0,1,0,0,1,1,1,0,5.33,1.5,12.0,0.0,4,0.67,0.67,8.0,1,3,1,3,0,N
21449,1,5,0,3,3,3,1,19,19.07,10.91,2270.01,0.07,46,0.09,126.11,208.08,20,26,11,12,19,N
15824,0,1,0,0,1,1,1,0,5.33,1.5,12.0,0.0,4,0.67,0.67,8.0,1,3,1,3,0,N
21292,0,1,0,0,1,1,1,5,37.11,4.27,675.52,0.05,35,0.23,37.53,158.32,16,19,15,8,5,N
20819,2,1,0,1,1,1,1,7,10.8,13.75,2041.35,0.05,38,0.07,113.41,148.46,10,28,4,11,7,N
15845,0,1,0,0,1,1,1,0,5.33,1.5,12.0,0.0,4,0.67,0.67,8.0,1,3,1,3,0,N
15269,0,1,0,0,1,1,1,0,5.33,1.5,12.0,0.0,4,0.67,0.67,8.0,1,3,1,3,0,N
15951,0,1,0,0,1,1,1,0,7.74,1.5,17.41,0.0,5,0.67,0.97,11.61,2,3,2,3,0,N
16741,0,1,0,0,1,1,1,0,5.33,1.5,12.0,0.0,4,0.67,0.67,8.0,1,3,1,3,0,N
17244,0,1,0,0,1,1,1,0,5.33,1.5,12.0,0.0,4,0.67,0.67,8.0,1,3,1,3,0,N
16089,0,1,0,0,1,1,1,0,7.74,1.5,17.41,0.0,5,0.67,0.97,11.61,2,3,2,3,0,N
16078,0,1,0,0,1,1,1,0,0.0,0.0,0.0,0.0,3,0.0,0.0,4.75,0,3,0,3,0,N
23137,0,1,0,0,1,1,1,0,5.33,1.5,12.0,0.0,4,0.67,0.67,8.0,1,3,1,3,0,N
17966,1,3,0,0,2,2,1,10,25.32,5.6,793.95,0.05,34,0.18,44.11,141.78,14,20,10,8,10,N
23530,1,1,0,4,1,1,1,4,21.67,1.8,70.2,0.01,13,0.56,3.9,39.0,6,7,5,3,4,N
17310,0,1,0,0,1,1,1,0,10.68,4.67,232.53,0.02,15,0.21,12.92,49.83,4,11,3,7,0,N
18497,0,1,0,0,1,1,1,0,7.74,1.5,17.41,0.0,5,0.67,0.97,11.61,2,3,2,3,0,N
18817,2,6,0,0,5,2,1,12,25.45,9.15,2132.75,0.08,49,0.11,118.49,232.99,17,32,13,14,12,N
16151,2,13,1,8,7,6,6,54,25.11,40.0,40181.42,0.33,184,0.03,2232.3,1004.54,80,104,22,22,55,N
19292,0,1,0,0,1,1,1,0,7.75,2.0,31.02,0.01,6,0.5,1.72,15.51,2,4,2,4,0,N
14469,0,1,0,0,1,1,1,0,5.33,1.5,12.0,0.0,4,0.67,0.67,8.0,1,3,1,3,0,N
16861,0,1,0,0,1,1,1,0,5.33,1.5,12.0,0.0,4,0.67,0.67,8.0,1,3,1,3,0,N
20672,0,1,0,0,1,1,1,2,8.98,2.5,56.15,0.01,8,0.4,3.12,22.46,2,6,2,5,2,N
21229,0,3,0,1,2,1,1,14,14.94,18.33,5020.77,0.09,67,0.05,278.93,273.86,20,47,6,11,14,N
18145,0,1,0,0,1,1,1,0,5.33,1.5,12.0,0.0,4,0.67,0.67,8.0,1,3,1,3,0,N
19647,0,1,0,0,1,1,1,0,5.33,1.5,12.0,0.0,4,0.67,0.67,8.0,1,3,1,3,0,N
21691,1,5,0,0,3,3,1,13,17.24,7.5,969.51,0.04,31,0.13,53.86,129.27,12,19,8,10,13,N
23072,0,1,0,0,1,1,1,0,0.0,0.0,0.0,0.0,3,0.0,0.0,4.75,0,3,0,3,0,N
22588,0,3,0,0,2,2,1,0,7.86,2.5,49.13,0.01,7,0.4,2.73,19.65,2,5,2,5,0,N
20498,5,9,0,5,5,4,1,28,67.56,8.59,4989.62,0.19,107,0.12,277.2,580.61,50,57,32,11,28,N
15592,0,1,0,0,1,1,1,0,5.33,1.5,12.0,0.0,4,0.67,0.67,8.0,1,3,1,3,0,N
22310,0,1,0,0,1,1,1,3,16.5,2.0,66.0,0.01,11,0.5,3.67,33.0,4,7,4,4,3,N
15451,0,1,0,0,1,1,1,0,7.74,1.5,17.41,0.0,5,0.67,0.97,11.61,2,3,2,3,0,N
15096,1,1,0,0,1,1,1,2,7.74,1.5,17.41,0.0,5,0.67,0.97,11.61,2,3,2,3,2,N
16660,8,17,32,3,13,10,4,48,34.8,34.72,41961.57,0.4,212,0.03,2331.2,1208.49,75,137,27,25,80,N
20328,0,1,0,0,1,1,1,0,5.33,1.5,12.0,0.0,4,0.67,0.67,8.0,1,3,1,3,0,N
19694,0,1,0,0,1,1,1,0,8.3,6.67,369.01,0.02,16,0.15,20.5,55.35,5,11,3,8,0,N
20855,0,1,0,0,1,1,1,2,7.75,2.0,31.02,0.01,6,0.5,1.72,15.51,2,4,2,4,2,N
19081,0,1,0,0,1,1,1,2,7.35,8.0,470.48,0.02,17,0.13,26.14,58.81,6,11,3,8,2,N
16930,0,1,0,0,1,1,1,0,7.74,1.5,17.41,0.0,5,0.67,0.97,11.61,2,3,2,3,0,N
21672,0,1,0,0,1,1,1,0,9.0,3.0,81.0,0.01,9,0.33,4.5,27.0,2,7,2,6,0,N
20491,0,1,0,0,1,1,1,2,6.2,2.5,38.77,0.01,6,0.4,2.15,15.51,1,5,1,5,2,N
15702,0,1,0,0,1,1,1,0,7.86,2.5,49.13,0.01,7,0.4,2.73,19.65,2,5,2,5,0,N
18961,2,5,0,1,3,2,1,23,19.78,20.04,7940.87,0.13,80,0.05,441.16,396.34,33,47,14,17,23,N
18599,0,1,0,0,1,1,1,0,9.6,2.5,60.0,0.01,8,0.4,3.33,24.0,3,5,3,5,0,N
17596,0,3,0,0,2,2,1,4,21.5,7.15,1099.18,0.05,35,0.14,61.07,153.73,13,22,10,11,4,N
20982,0,1,0,6,1,1,1,2,5.8,2.0,23.22,0.0,5,0.5,1.29,11.61,1,4,1,4,2,N
17680,0,1,0,0,1,1,1,0,8.3,6.0,298.97,0.02,15,0.17,16.61,49.83,3,12,2,8,0,N
22988,0,1,0,0,1,1,1,4,10.24,7.0,501.89,0.02,20,0.14,27.88,71.7,7,13,4,8,4,N
19293,0,1,0,0,1,1,1,0,5.8,2.0,23.22,0.0,5,0.5,1.29,11.61,1,4,1,4,0,N
14307,0,1,0,0,1,1,1,1,7.74,1.5,17.41,0.0,5,0.67,0.97,11.61,2,3,2,3,1,N
21663,0,1,0,0,1,1,1,0,6.55,3.0,58.95,0.01,7,0.33,3.28,19.65,1,6,1,6,0,N
17869,0,5,1,1,3,3,1,13,27.53,7.5,1548.29,0.07,47,0.13,86.02,206.44,20,27,12,9,14,N
18191,14,11,1,18,6,6,1,37,38.12,38.25,55776.93,0.49,264,0.03,3098.72,1458.22,119,145,28,18,38,N
19074,0,1,0,0,1,1,1,0,5.33,1.5,12.0,0.0,4,0.67,0.67,8.0,1,3,1,3,0,N
17873,0,1,0,0,1,1,1,3,15.5,3.0,139.52,0.02,14,0.33,7.75,46.51,6,8,5,5,3,N
20771,11,7,0,1,5,2,1,29,26.8,24.09,15548.84,0.22,123,0.04,863.82,645.5,39,84,17,21,29,N
22058,5,5,6,0,3,3,1,8,30.59,3.75,430.18,0.04,31,0.27,23.9,114.71,12,19,8,5,14,N
19097,1,3,0,2,2,2,1,12,14.73,8.94,1176.94,0.04,31,0.11,65.39,131.69,13,18,8,11,12,N
16021,0,1,0,0,1,1,1,0,5.33,1.5,12.0,0.0,4,0.67,0.67,8.0,1,3,1,3,0,N
14543,0,1,0,0,1,1,1,0,5.33,1.5,12.0,0.0,4,0.67,0.67,8.0,1,3,1,3,0,N
21382,0,1,0,0,1,1,1,9,22.08,10.5,2434.85,0.08,52,0.1,135.27,231.89,21,31,11,11,9,N
17565,0,1,0,0,1,1,1,0,5.33,1.5,12.0,0.0,4,0.67,0.67,8.0,1,3,1,3,0,N
16744,0,1,0,0,1,1,1,0,0.0,0.0,0.0,0.0,3,0.0,0.0,4.75,0,3,0,3,0,N
23349,0,5,0,0,3,2,1,7,11.89,13.13,2048.55,0.05,35,0.08,113.81,156.08,15,20,8,14,7,N
16297,0,1,0,0,1,1,1,0,5.33,1.5,12.0,0.0,4,0.67,0.67,8.0,1,3,1,3,0,N
15179,12,1,13,9,1,1,1,6,69.36,8.0,4439.07,0.18,110,0.13,246.61,554.88,50,60,25,8,19,N
16261,0,1,0,0,1,1,1,0,0.0,0.0,0.0,0.0,3,0.0,0.0,4.75,0,3,0,3,0,N
14891,1,1,0,0,1,1,1,2,7.74,1.5,17.41,0.0,5,0.67,0.97,11.61,2,3,2,3,2,N
19644,0,1,0,0,1,1,1,0,9.83,2.0,39.3,0.01,7,0.5,2.18,19.65,3,4,3,4,0,N
18596,0,1,0,0,1,1,1,0,0.0,0.0,0.0,0.0,0,0.0,0.0,0.0,0,0,0,0,0,N
23101,1,3,0,0,2,1,1,8,15.07,9.75,1432.72,0.05,34,0.1,79.6,146.95,13,21,8,12,8,N
16697,0,1,0,0,1,1,1,1,0.0,0.0,0.0,0.0,1,0.0,0.0,0.0,0,1,0,1,1,N
20816,4,25,0,8,13,9,10,32,20.97,37.71,29831.94,0.26,153,0.03,1657.33,791.0,48,105,14,22,32,N
22962,10,1,0,9,1,1,1,7,38.4,2.5,240.0,0.03,24,0.4,13.33,96.0,11,13,11,5,7,N
23459,0,1,0,0,1,1,1,0,5.33,1.5,12.0,0.0,4,0.67,0.67,8.0,1,3,1,3,0,N
14961,0,1,0,0,1,1,1,2,7.74,1.5,17.41,0.0,5,0.67,0.97,11.61,2,3,2,3,2,N
16510,0,1,0,0,1,1,1,0,7.74,1.5,17.41,0.0,5,0.67,0.97,11.61,2,3,2,3,0,N
14890,1,1,0,0,1,1,1,2,7.74,1.5,17.41,0.0,5,0.67,0.97,11.61,2,3,2,3,2,N
22006,0,1,0,0,1,1,1,0,9.51,3.0,85.59,0.01,9,0.33,4.75,28.53,3,6,3,6,0,N
17487,0,1,0,0,1,1,1,0,6.86,3.5,84.0,0.01,8,0.29,4.67,24.0,1,7,1,7,0,N
16414,0,1,0,0,1,1,1,0,5.33,1.5,12.0,0.0,4,0.67,0.67,8.0,1,3,1,3,0,N
22611,0,1,0,0,1,1,1,0,11.86,3.5,145.3,0.01,12,0.29,8.07,41.51,4,8,4,7,0,N
17240,0,1,0,0,1,1,1,0,5.33,1.5,12.0,0.0,4,0.67,0.67,8.0,1,3,1,3,0,N
23034,0,1,0,0,1,1,1,0,0.0,0.0,0.0,0.0,1,0.0,0.0,0.0,0,1,0,1,0,N
21208,0,1,0,0,1,1,1,0,0.0,0.0,0.0,0.0,1,0.0,0.0,0.0,0,1,0,1,0,N
15337,0,1,0,0,1,1,1,0,7.74,1.5,17.41,0.0,5,0.67,0.97,11.61,2,3,2,3,0,N
19159,0,1,0,0,1,1,1,0,7.75,2.0,31.02,0.01,6,0.5,1.72,15.51,2,4,2,4,0,N
23301,0,1,0,0,1,1,1,0,7.74,1.5,17.41,0.0,5,0.67,0.97,11.61,2,3,2,3,0,N
19267,0,1,0,0,1,1,1,0,11.86,3.5,145.3,0.01,12,0.29,8.07,41.51,4,8,4,7,0,N
18522,0,1,0,0,1,1,1,0,5.33,1.5,12.0,0.0,4,0.67,0.67,8.0,1,3,1,3,0,N
19018,0,1,0,0,1,1,1,0,7.74,1.5,17.41,0.0,5,0.67,0.97,11.61,2,3,2,3,0,N
18118,0,1,0,0,1,1,1,0,7.75,2.0,31.02,0.01,6,0.5,1.72,15.51,2,4,2,4,0,N
22295,0,1,0,0,1,1,1,0,5.8,2.0,23.22,0.0,5,0.5,1.29,11.61,1,4,1,4,0,N
22871,0,1,0,0,1,1,1,0,5.33,1.5,12.0,0.0,4,0.67,0.67,8.0,1,3,1,3,0,N
22830,0,1,0,0,1,1,1,0,12.18,3.0,109.62,0.01,11,0.33,6.09,36.54,4,7,4,6,0,N
19663,0,1,0,0,1,1,1,0,7.74,1.5,17.41,0.0,5,0.67,0.97,11.61,2,3,2,3,0,N
15301,0,1,0,0,1,1,1,0,7.86,2.5,49.13,0.01,7,0.4,2.73,19.65,2,5,2,5,0,N
23194,0,1,0,0,1,1,1,2,5.33,1.5,12.0,0.0,4,0.67,0.67,8.0,1,3,1,3,2,N
20119,0,3,0,0,2,2,1,4,11.99,6.67,533.03,0.03,21,0.15,29.61,79.95,10,11,6,8,4,N
19214,0,1,0,0,1,1,1,0,18.0,1.5,40.5,0.01,9,0.67,2.25,27.0,5,4,5,3,0,N
14125,2,1,0,3,1,1,1,7,20.08,5.5,607.27,0.04,29,0.18,33.74,110.41,11,18,7,7,7,N
20574,0,1,0,0,1,1,1,0,0.0,0.0,0.0,0.0,3,0.0,0.0,4.75,0,3,0,3,0,N
23096,0,1,0,0,1,1,1,0,0.0,0.0,0.0,0.0,1,0.0,0.0,0.0,0,1,0,1,0,N
14232,3,5,5,0,3,1,1,6,13.67,11.43,1786.01,0.05,40,0.09,99.22,156.28,20,20,7,8,11,N
20774,10,27,0,9,1,1,1,44,30.59,55.52,94302.8,0.57,313,0.02,5239.04,1698.42,106,207,21,22,44,N
15660,0,1,0,0,1,1,1,0,7.74,1.5,17.41,0.0,5,0.67,0.97,11.61,2,3,2,3,0,N
15662,0,1,0,0,1,1,1,0,5.33,1.5,12.0,0.0,4,0.67,0.67,8.0,1,3,1,3,0,N
23390,0,1,0,0,1,1,1,0,5.33,1.5,12.0,0.0,4,0.67,0.67,8.0,1,3,1,3,0,N
22900,0,1,0,0,1,1,1,4,22.31,4.95,546.71,0.04,26,0.2,30.37,110.45,11,15,10,9,4,N
20228,0,1,0,0,1,1,1,0,7.33,4.5,148.5,0.01,11,0.22,8.25,33.0,3,8,2,6,0,N
19929,0,5,0,5,3,2,1,13,13.41,19.29,4988.19,0.09,58,0.05,277.12,258.64,18,40,7,15,13,N
21442,0,1,0,0,1,1,1,4,10.24,7.0,501.89,0.02,20,0.14,27.88,71.7,7,13,4,8,4,N
17931,0,1,0,0,1,1,1,0,5.33,1.5,12.0,0.0,4,0.67,0.67,8.0,1,3,1,3,0,N
23363,0,3,0,0,2,1,1,0,0.0,0.0,0.0,0.0,0,0.0,0.0,0.0,0,0,0,0,0,N
20013,0,1,0,0,1,1,1,3,11.23,2.0,44.92,0.01,8,0.5,2.5,22.46,3,5,3,4,3,N
16901,0,1,0,0,1,1,1,0,5.33,1.5,12.0,0.0,4,0.67,0.67,8.0,1,3,1,3,0,N
14509,0,1,0,0,1,1,1,0,7.75,2.0,31.02,0.01,6,0.5,1.72,15.51,2,4,2,4,0,N
21320,0,1,0,0,1,1,1,3,11.58,2.67,82.35,0.01,11,0.38,4.57,30.88,4,7,3,4,3,N
17951,0,1,0,0,1,1,1,0,9.29,1.5,20.9,0.0,6,0.67,1.16,13.93,2,4,2,3,0,N
15661,0,1,0,0,1,1,1,0,7.74,1.5,17.41,0.0,5,0.67,0.97,11.61,2,3,2,3,0,N
16853,0,1,0,0,1,1,1,0,6.2,2.5,38.77,0.01,6,0.4,2.15,15.51,1,5,1,5,0,N
22567,36,69,5,18,38,12,1,231,161.36,45.73,337457.65,2.46,970,0.02,18747.65,7379.11,449,521,162,33,236,Y
23265,0,1,0,0,1,1,1,0,7.75,2.0,31.02,0.01,6,0.5,1.72,15.51,2,4,2,4,0,N
19759,0,1,0,0,1,1,1,0,7.75,2.0,31.02,0.01,6,0.5,1.72,15.51,2,4,2,4,0,N
22047,2,9,6,0,5,1,1,1,15.14,4.8,348.71,0.02,21,0.21,19.37,72.65,8,13,5,6,7,N
18800,0,4,0,0,3,3,1,0,0.0,0.0,0.0,0.0,0,0.0,0.0,0.0,0,0,0,0,0,N
15046,1,1,3,2,1,1,1,1,16.21,2.25,82.12,0.01,13,0.44,4.56,36.5,6,7,4,3,4,Y
15311,0,1,0,0,1,1,1,0,5.33,1.5,12.0,0.0,4,0.67,0.67,8.0,1,3,1,3,0,N
17024,0,1,0,0,1,1,1,0,7.74,1.5,17.41,0.0,5,0.67,0.97,11.61,2,3,2,3,0,N
16415,0,1,0,0,1,1,1,0,5.33,1.5,12.0,0.0,4,0.67,0.67,8.0,1,3,1,3,0,N
19858,1,3,0,0,2,1,1,7,16.0,6.5,676.0,0.03,26,0.15,37.56,104.0,13,13,8,8,7,N
23171,0,1,0,0,1,1,1,0,7.75,2.0,31.02,0.01,6,0.5,1.72,15.51,2,4,2,4,0,N
16231,0,1,0,0,1,1,1,0,7.75,2.0,31.02,0.01,6,0.5,1.72,15.51,2,4,2,4,0,N
21455,0,3,0,0,2,2,1,4,11.99,6.67,533.03,0.03,21,0.15,29.61,79.95,10,11,6,8,4,N
15570,0,1,0,0,1,1,1,0,7.74,1.5,17.41,0.0,5,0.67,0.97,11.61,2,3,2,3,0,N
18618,0,3,0,0,2,2,1,4,10.88,5.6,341.29,0.02,17,0.18,18.96,60.94,8,9,5,7,4,N
18330,3,3,0,0,2,2,1,8,14.59,7.5,820.45,0.04,28,0.13,45.58,109.39,10,18,6,9,8,N
16495,0,1,0,0,1,1,1,0,5.33,1.5,12.0,0.0,4,0.67,0.67,8.0,1,3,1,3,0,N
22074,2,3,5,0,2,2,1,5,13.96,6.0,502.57,0.03,22,0.17,27.92,83.76,9,13,6,8,10,N
19258,3,1,0,0,1,1,1,2,7.75,2.0,31.02,0.01,6,0.5,1.72,15.51,2,4,2,4,2,N
19720,0,1,0,0,1,1,1,0,6.2,2.5,38.77,0.01,6,0.4,2.15,15.51,1,5,1,5,0,N
14430,0,1,0,0,1,1,1,0,0.0,0.0,0.0,0.0,1,0.0,0.0,0.0,0,1,0,1,0,N
19315,0,1,0,0,1,1,1,0,5.8,2.0,23.22,0.0,5,0.5,1.29,11.61,1,4,1,4,0,N
21186,0,1,0,0,1,1,1,2,5.8,2.0,23.22,0.0,5,0.5,1.29,11.61,1,4,1,4,2,N
22814,0,1,0,0,1,1,1,0,7.33,4.5,148.5,0.01,11,0.22,8.25,33.0,3,8,2,6,0,N
16165,0,3,0,0,2,2,1,0,9.32,5.0,233.02,0.02,13,0.2,12.95,46.6,5,8,4,8,0,N
19482,1,9,0,0,5,3,3,12,17.46,16.55,4779.2,0.1,63,0.06,265.51,288.85,28,35,11,13,12,N
16088,0,1,0,0,1,1,1,0,5.33,1.5,12.0,0.0,4,0.67,0.67,8.0,1,3,1,3,0,N
22706,16,1,0,52,1,1,1,19,116.98,3.0,1052.81,0.12,73,0.33,58.49,350.94,36,37,24,4,19,N
21983,0,1,0,0,1,1,1,0,7.74,1.5,17.41,0.0,5,0.67,0.97,11.61,2,3,2,3,0,N
14260,1,5,0,3,3,3,1,19,19.07,10.91,2270.01,0.07,46,0.09,126.11,208.08,20,26,11,12,19,N
21963,0,1,0,0,1,1,1,2,8.98,2.5,56.15,0.01,8,0.4,3.12,22.46,2,6,2,5,2,N
17728,0,3,0,0,2,2,1,8,23.46,10.29,2485.24,0.08,52,0.1,138.07,241.48,19,33,12,13,8,N
17499,0,1,0,0,1,1,1,0,12.18,3.0,109.62,0.01,11,0.33,6.09,36.54,4,7,4,6,0,N
20461,0,1,0,0,1,1,1,0,5.8,2.0,23.22,0.0,5,0.5,1.29,11.61,1,4,1,4,0,N
15454,0,1,0,0,1,1,1,0,7.74,1.5,17.41,0.0,5,0.67,0.97,11.61,2,3,2,3,0,N
20698,0,1,0,0,1,1,1,0,9.29,1.5,20.9,0.0,6,0.67,1.16,13.93,2,4,2,3,0,N
14486,0,1,0,0,1,1,1,0,7.75,2.0,31.02,0.01,6,0.5,1.72,15.51,2,4,2,4,0,N
19110,2,7,0,0,4,2,3,11,12.35,16.0,3162.47,0.07,45,0.06,175.69,197.65,16,29,7,14,11,N
18970,0,1,0,0,1,1,1,0,6.55,3.0,58.95,0.01,7,0.33,3.28,19.65,1,6,1,6,0,N
17409,1,5,0,0,3,3,1,13,16.4,7.07,820.29,0.04,29,0.14,45.57,116.0,11,18,7,9,13,N
17679,0,1,0,0,1,1,1,0,7.75,2.0,31.02,0.01,6,0.5,1.72,15.51,2,4,2,4,0,N
17248,0,1,0,0,1,1,1,0,5.33,1.5,12.0,0.0,4,0.67,0.67,8.0,1,3,1,3,0,N
21976,0,1,0,0,1,1,1,3,9.51,3.0,85.59,0.01,9,0.33,4.75,28.53,3,6,3,6,3,N
23262,0,1,0,0,1,1,1,0,7.75,2.0,31.02,0.01,6,0.5,1.72,15.51,2,4,2,4,0,N
20996,4,3,4,2,2,2,1,12,23.17,19.08,8433.46,0.15,91,0.05,468.53,442.08,31,60,13,16,16,N
14329,0,3,0,0,2,2,1,5,15.36,3.5,188.21,0.02,15,0.29,10.46,53.77,5,10,5,7,5,N
20344,0,1,0,0,1,1,1,2,5.33,1.5,12.0,0.0,4,0.67,0.67,8.0,1,3,1,3,2,N
14273,0,1,0,0,1,1,1,0,6.55,3.0,58.95,0.01,7,0.33,3.28,19.65,1,6,1,6,0,N
16308,0,1,0,0,1,1,1,0,7.74,1.5,17.41,0.0,5,0.67,0.97,11.61,2,3,2,3,0,N
18816,4,3,0,0,1,1,1,3,13.29,3.0,119.59,0.01,12,0.33,6.64,39.86,4,8,4,6,3,N
15840,0,1,0,0,1,1,1,0,5.33,1.5,12.0,0.0,4,0.67,0.67,8.0,1,3,1,3,0,N
18309,17,21,0,36,11,10,1,59,28.52,66.04,124369.51,0.63,332,0.02,6909.42,1883.25,127,205,25,26,59,N
20047,6,20,18,2,14,9,1,38,26.41,40.71,43778.46,0.36,186,0.02,2432.14,1075.33,73,113,26,29,56,N
21835,0,3,0,0,2,2,1,0,7.86,2.5,49.13,0.01,7,0.4,2.73,19.65,2,5,2,5,0,N
15645,0,1,0,0,1,1,1,0,7.74,1.5,17.41,0.0,5,0.67,0.97,11.61,2,3,2,3,0,N
14097,18,18,14,27,1,1,1,67,31.0,44.38,61064.32,0.46,238,0.02,3392.46,1375.96,99,139,29,26,81,N
17436,0,3,0,0,2,2,1,5,17.22,4.08,287.09,0.02,19,0.24,15.95,70.31,7,12,6,7,5,N
15161,0,1,0,0,1,1,1,0,5.33,1.5,12.0,0.0,4,0.67,0.67,8.0,1,3,1,3,0,N
18747,4,3,0,22,2,2,1,12,21.34,9.45,1907.34,0.07,44,0.11,105.96,201.74,16,28,11,13,12,N
16767,0,1,0,0,1,1,1,0,7.74,1.5,17.41,0.0,5,0.67,0.97,11.61,2,3,2,3,0,N
22003,0,1,0,0,1,1,1,0,8.3,6.0,298.97,0.02,15,0.17,16.61,49.83,3,12,2,8,0,N
17471,0,1,0,0,1,1,1,2,7.71,3.5,94.5,0.01,9,0.29,5.25,27.0,1,8,1,7,2,N
17632,0,1,0,0,1,1,1,0,7.74,1.5,17.41,0.0,5,0.67,0.97,11.61,2,3,2,3,0,N
22734,0,1,0,0,1,1,1,0,0.0,0.0,0.0,0.0,0,0.0,0.0,0.0,0,0,0,0,0,N
16914,0,1,0,0,1,1,1,0,7.74,1.5,17.41,0.0,5,0.67,0.97,11.61,2,3,2,3,0,N
16384,0,1,0,0,1,1,1,0,7.74,1.5,17.41,0.0,5,0.67,0.97,11.61,2,3,2,3,0,N
21626,0,1,0,0,1,1,1,0,7.75,2.0,31.02,0.01,6,0.5,1.72,15.51,2,4,2,4,0,N
17307,0,1,0,0,1,1,1,0,9.31,2.5,58.16,0.01,9,0.4,3.23,23.26,1,8,1,5,0,N
18225,3,5,0,3,3,3,1,19,19.63,22.75,10158.83,0.15,95,0.04,564.38,446.54,39,56,12,14,19,N
15382,0,1,0,0,1,1,1,0,5.33,1.5,12.0,0.0,4,0.67,0.67,8.0,1,3,1,3,0,N
14768,1,1,0,0,1,1,1,7,20.08,5.5,607.27,0.04,29,0.18,33.74,110.41,11,18,7,7,7,N
21418,3,3,0,9,2,1,1,5,14.41,3.6,186.81,0.02,15,0.28,10.38,51.89,6,9,5,6,5,N
17825,0,1,0,0,1,1,1,0,7.74,1.5,17.41,0.0,5,0.67,0.97,11.61,2,3,2,3,0,N
15300,0,1,0,0,1,1,1,0,7.74,1.5,17.41,0.0,5,0.67,0.97,11.61,2,3,2,3,0,N
16072,0,1,0,0,1,1,1,0,7.74,1.5,17.41,0.0,5,0.67,0.97,11.61,2,3,2,3,0,N
14349,2,3,0,0,2,2,1,7,15.65,7.31,836.91,0.04,28,0.14,46.49,114.45,13,15,8,9,7,N
20081,2,3,0,0,2,2,1,17,27.58,9.64,2564.3,0.09,58,0.1,142.46,265.93,27,31,14,10,17,N
20362,0,1,0,0,1,1,1,0,10.0,1.0,10.0,0.0,5,1.0,0.56,10.0,2,3,2,2,0,N
17026,0,1,0,0,1,1,1,0,7.86,2.5,49.13,0.01,7,0.4,2.73,19.65,2,5,2,5,0,N
17710,0,1,0,0,1,1,1,0,5.33,1.5,12.0,0.0,4,0.67,0.67,8.0,1,3,1,3,0,N
21415,0,1,0,0,1,1,1,0,7.74,1.5,17.41,0.0,5,0.67,0.97,11.61,2,3,2,3,0,N
18851,0,1,0,0,1,1,1,0,6.55,3.0,58.95,0.01,7,0.33,3.28,19.65,1,6,1,6,0,N
23253,0,1,0,0,1,1,1,2,7.35,8.0,470.48,0.02,17,0.13,26.14,58.81,6,11,3,8,2,N
18190,14,11,1,18,6,6,1,37,38.12,38.25,55776.93,0.49,264,0.03,3098.72,1458.22,119,145,28,18,38,N
20316,0,1,0,0,1,1,1,0,7.75,2.0,31.02,0.01,6,0.5,1.72,15.51,2,4,2,4,0,N
15210,0,1,0,0,1,1,1,0,0.0,0.0,0.0,0.0,1,0.0,0.0,0.0,0,1,0,1,0,N
16840,0,1,0,0,1,1,1,2,7.81,9.0,632.78,0.02,19,0.11,35.15,70.31,8,11,4,9,2,N
21348,2,1,0,0,1,1,1,9,34.6,7.71,2058.87,0.09,59,0.13,114.38,266.89,24,35,14,9,9,N
20915,0,1,0,0,1,1,1,2,7.74,1.5,17.41,0.0,5,0.67,0.97,11.61,2,3,2,3,2,N
15015,0,1,1,0,1,1,1,1,7.74,1.5,17.41,0.0,5,0.67,0.97,11.61,2,3,2,3,2,N
20876,0,19,0,7,10,5,6,24,17.9,36.67,24063.7,0.22,129,0.03,1336.87,656.28,40,89,12,22,24,N
16563,6,5,8,1,3,2,1,8,23.2,14.23,4699.28,0.11,73,0.07,261.07,330.22,37,36,13,10,16,N
23235,0,1,0,0,1,1,1,0,9.51,3.0,85.59,0.01,9,0.33,4.75,28.53,3,6,3,6,0,N
19008,0,1,0,0,1,1,1,0,9.6,2.5,60.0,0.01,8,0.4,3.33,24.0,3,5,3,5,0,N
18008,1,7,1,0,4,4,4,14,37.41,8.39,2636.29,0.1,64,0.12,146.46,314.04,29,35,19,11,15,N
20252,0,1,0,0,1,1,1,2,6.2,2.5,38.77,0.01,6,0.4,2.15,15.51,1,5,1,5,2,N
16457,0,1,0,0,1,1,1,0,7.74,1.5,17.41,0.0,5,0.67,0.97,11.61,2,3,2,3,0,N
14188,2,3,1,0,2,1,1,7,7.32,8.17,488.32,0.02,18,0.12,27.13,59.79,7,11,3,7,8,N
21659,0,1,0,0,1,1,1,2,5.33,1.5,12.0,0.0,4,0.67,0.67,8.0,1,3,1,3,2,N
23515,1,1,0,4,1,1,1,4,21.67,1.8,70.2,0.01,13,0.56,3.9,39.0,6,7,5,3,4,N
17192,20,23,3,48,12,5,6,50,20.4,43.71,38982.45,0.3,180,0.02,2165.69,891.76,72,108,14,17,53,N
18331,3,3,0,0,2,2,1,8,14.59,7.5,820.45,0.04,28,0.13,45.58,109.39,10,18,6,9,8,N
22534,0,1,0,0,1,1,1,2,5.33,1.5,12.0,0.0,4,0.67,0.67,8.0,1,3,1,3,2,N
21882,0,1,0,0,1,1,1,0,0.0,0.0,0.0,0.0,0,0.0,0.0,0.0,0,0,0,0,0,N
16892,0,1,0,0,1,1,1,0,5.33,1.5,12.0,0.0,4,0.67,0.67,8.0,1,3,1,3,0,N
17895,0,1,0,0,1,1,1,0,7.75,2.0,31.02,0.01,6,0.5,1.72,15.51,2,4,2,4,0,N
20193,0,3,0,0,2,2,1,4,11.18,5.63,353.85,0.02,17,0.18,19.66,62.91,5,12,4,9,4,N
22670,0,1,0,0,1,1,1,0,7.75,2.0,31.02,0.01,6,0.5,1.72,15.51,2,4,2,4,0,N
18772,1,1,0,0,1,1,1,4,16.73,3.6,216.82,0.02,19,0.28,12.05,60.23,9,10,5,4,4,N
22752,0,1,0,0,1,1,1,4,17.97,1.88,63.17,0.01,12,0.53,3.51,33.69,5,7,4,3,4,N
17875,0,1,0,0,1,1,1,0,7.75,2.0,31.02,0.01,6,0.5,1.72,15.51,2,4,2,4,0,N
19883,0,1,0,0,1,1,1,0,0.0,0.0,0.0,0.0,1,0.0,0.0,0.0,0,1,0,1,0,N
17609,0,1,0,0,1,1,1,0,6.55,3.0,58.95,0.01,7,0.33,3.28,19.65,1,6,1,6,0,N
17898,0,1,0,0,1,1,1,0,7.75,2.0,31.02,0.01,6,0.5,1.72,15.51,2,4,2,4,0,N
22234,0,1,0,0,1,1,1,0,7.75,2.0,31.02,0.01,6,0.5,1.72,15.51,2,4,2,4,0,N
22161,0,1,0,0,1,1,1,0,0.0,0.0,0.0,0.0,0,0.0,0.0,0.0,0,0,0,0,0,N
18883,0,1,0,0,1,1,1,0,0.0,0.0,0.0,0.0,0,0.0,0.0,0.0,0,0,0,0,0,N
16019,0,1,0,0,1,1,1,0,5.33,1.5,12.0,0.0,4,0.67,0.67,8.0,1,3,1,3,0,N
21040,7,7,0,2,1,1,1,27,63.37,9.56,5794.85,0.2,111,0.1,321.94,606.0,51,60,32,12,27,N
20411,0,3,0,0,2,2,1,5,17.22,4.08,287.09,0.02,19,0.24,15.95,70.31,7,12,6,7,5,N
19408,0,1,0,0,1,1,1,0,6.86,3.5,84.0,0.01,8,0.29,4.67,24.0,1,7,1,7,0,N
17561,7,3,0,0,2,1,1,7,7.59,7.0,372.06,0.02,16,0.14,20.67,53.15,6,10,3,7,7,N
15683,0,1,0,0,1,1,1,0,7.74,1.5,17.41,0.0,5,0.67,0.97,11.61,2,3,2,3,0,N
20691,0,1,0,0,1,1,1,0,7.86,2.5,49.13,0.01,7,0.4,2.73,19.65,2,5,2,5,0,N
22851,0,1,0,0,1,1,1,0,5.33,1.5,12.0,0.0,4,0.67,0.67,8.0,1,3,1,3,0,N
18750,4,1,0,3,1,1,1,7,24.9,5.73,816.84,0.05,33,0.17,45.38,142.62,14,19,11,9,7,N
19032,0,1,0,0,1,1,1,0,12.18,3.0,109.62,0.01,11,0.33,6.09,36.54,4,7,4,6,0,N
19940,0,1,0,0,1,1,1,0,7.75,2.0,31.02,0.01,6,0.5,1.72,15.51,2,4,2,4,0,N
22362,0,1,0,0,1,1,1,2,5.33,1.5,12.0,0.0,4,0.67,0.67,8.0,1,3,1,3,2,N
18834,34,197,61,52,1,1,1,578,89.82,201.29,3639354.46,6.03,2205,0.0,202186.38,18080.28,781,1424,194,100,639,Y
16267,0,1,0,0,1,1,1,0,5.33,1.5,12.0,0.0,4,0.67,0.67,8.0,1,3,1,3,0,N
21178,14,1,0,23,1,1,1,12,68.52,2.5,428.25,0.06,39,0.4,23.79,171.3,16,23,16,5,12,N
19774,0,1,0,0,1,1,1,0,7.75,2.0,31.02,0.01,6,0.5,1.72,15.51,2,4,2,4,0,N
19186,0,1,0,0,1,1,1,0,5.33,1.5,12.0,0.0,4,0.67,0.67,8.0,1,3,1,3,0,N
14630,0,1,0,0,1,1,1,2,6.2,2.5,38.77,0.01,6,0.4,2.15,15.51,1,5,1,5,2,N
21232,0,5,3,0,3,1,1,14,11.98,22.0,5797.86,0.09,60,0.05,322.1,263.54,22,38,7,14,17,N
19212,0,1,0,0,1,1,1,0,5.33,1.5,12.0,0.0,4,0.67,0.67,8.0,1,3,1,3,0,N
15280,0,1,0,0,1,1,1,0,5.33,1.5,12.0,0.0,4,0.67,0.67,8.0,1,3,1,3,0,N
20319,0,1,0,0,1,1,1,0,5.8,2.0,23.22,0.0,5,0.5,1.29,11.61,1,4,1,4,0,N
20560,0,1,0,0,1,1,1,0,7.75,2.0,31.02,0.01,6,0.5,1.72,15.51,2,4,2,4,0,N
15583,0,1,0,1,1,1,1,1,0.0,0.0,0.0,0.0,1,0.0,0.0,0.0,0,1,0,1,1,N
17902,0,1,0,0,1,1,1,0,7.75,2.0,31.02,0.01,6,0.5,1.72,15.51,2,4,2,4,0,N
17805,0,1,0,0,1,1,1,0,0.0,0.0,0.0,0.0,1,0.0,0.0,0.0,0,1,0,1,0,N
21139,0,1,0,0,1,1,1,9,110.73,3.48,1339.64,0.13,81,0.29,74.42,385.15,40,41,23,4,9,N
17284,1,5,0,0,3,3,1,13,16.4,7.07,820.29,0.04,29,0.14,45.57,116.0,11,18,7,9,13,N
17703,0,1,0,0,1,1,1,2,5.33,1.5,12.0,0.0,4,0.67,0.67,8.0,1,3,1,3,2,N
21484,0,1,0,0,1,1,1,0,11.86,3.5,145.3,0.01,12,0.29,8.07,41.51,4,8,4,7,0,N
21488,0,1,0,0,1,1,1,0,0.0,0.0,0.0,0.0,0,0.0,0.0,0.0,0,0,0,0,0,N
14339,0,1,0,0,1,1,1,0,7.74,1.5,17.41,0.0,5,0.67,0.97,11.61,2,3,2,3,0,N
15213,0,1,0,0,1,1,1,0,0.0,0.0,0.0,0.0,1,0.0,0.0,0.0,0,1,0,1,0,N
17235,0,1,0,0,1,1,1,0,5.33,1.5,12.0,0.0,4,0.67,0.67,8.0,1,3,1,3,0,N
23422,0,1,0,0,1,1,1,2,5.33,1.5,12.0,0.0,4,0.67,0.67,8.0,1,3,1,3,2,N
17803,2,5,1,0,3,3,1,23,66.6,8.84,5203.41,0.2,113,0.11,289.08,588.67,55,58,28,9,24,N
15982,0,1,0,0,1,1,1,0,5.33,1.5,12.0,0.0,4,0.67,0.67,8.0,1,3,1,3,0,N
20558,3,1,0,0,1,1,1,2,7.75,2.0,31.02,0.01,6,0.5,1.72,15.51,2,4,2,4,2,N
16733,0,1,0,0,1,1,1,0,5.33,1.5,12.0,0.0,4,0.67,0.67,8.0,1,3,1,3,0,N
14729,11,19,1,0,14,14,1,85,107.66,25.95,72468.0,0.93,416,0.04,4026.0,2793.13,185,231,82,23,86,N
21762,0,1,0,0,1,1,1,0,5.8,2.0,23.22,0.0,5,0.5,1.29,11.61,1,4,1,4,0,N
21027,4,5,0,2,3,2,1,20,50.07,8.26,3417.03,0.14,82,0.12,189.83,413.64,38,44,23,10,20,N
15071,1,5,4,0,3,3,1,6,13.71,6.67,609.18,0.03,24,0.15,33.84,91.38,10,14,6,8,10,N
20664,0,1,0,0,1,1,1,0,7.75,2.0,31.02,0.01,6,0.5,1.72,15.51,2,4,2,4,0,N
16907,0,1,0,0,1,1,1,0,5.33,1.5,12.0,0.0,4,0.67,0.67,8.0,1,3,1,3,0,N
23333,0,3,0,0,2,2,1,3,14.28,4.0,228.44,0.02,15,0.25,12.69,57.11,6,9,6,8,3,N
19953,0,1,0,0,1,1,1,0,5.8,2.0,23.22,0.0,5,0.5,1.29,11.61,1,4,1,4,0,N
15310,0,1,0,0,1,1,1,0,5.33,1.5,12.0,0.0,4,0.67,0.67,8.0,1,3,1,3,0,N
16224,0,1,0,0,1,1,1,0,7.75,2.0,31.02,0.01,6,0.5,1.72,15.51,2,4,2,4,0,N
21105,0,1,0,0,1,1,1,3,6.74,3.75,94.75,0.01,9,0.27,5.26,25.27,3,6,2,5,3,N
23250,0,3,0,0,2,2,1,4,10.88,5.6,341.29,0.02,17,0.18,18.96,60.94,8,9,5,7,4,N
19164,0,3,0,0,2,1,1,0,7.75,2.0,31.02,0.01,6,0.5,1.72,15.51,2,4,2,4,0,N
16259,0,1,0,0,1,1,1,2,5.33,1.5,12.0,0.0,4,0.67,0.67,8.0,1,3,1,3,2,N
15207,1,1,1,1,1,1,1,4,18.98,2.92,161.44,0.02,16,0.34,8.97,55.35,7,9,6,5,5,N
19077,0,1,0,0,1,1,1,0,5.33,1.5,12.0,0.0,4,0.67,0.67,8.0,1,3,1,3,0,N
15376,0,1,0,0,1,1,1,2,7.81,9.0,632.78,0.02,19,0.11,35.15,70.31,8,11,4,9,2,N
15700,0,1,0,0,1,1,1,0,6.55,3.0,58.95,0.01,7,0.33,3.28,19.65,1,6,1,6,0,N
22474,3,1,0,0,1,1,1,2,7.75,2.0,31.02,0.01,6,0.5,1.72,15.51,2,4,2,4,2,N
15595,0,1,0,0,1,1,1,0,5.33,1.5,12.0,0.0,4,0.67,0.67,8.0,1,3,1,3,0,N
23359,0,1,0,0,1,1,1,0,0.0,0.0,0.0,0.0,0,0.0,0.0,0.0,0,0,0,0,0,N
14431,0,1,0,0,1,1,1,0,0.0,0.0,0.0,0.0,1,0.0,0.0,0.0,0,1,0,1,0,N
14211,7,1,5,6,1,1,1,14,46.18,8.5,3336.69,0.13,80,0.12,185.37,392.55,34,46,20,10,19,N
14372,0,1,0,0,1,1,1,0,0.0,0.0,0.0,0.0,1,0.0,0.0,0.0,0,1,0,1,0,N
15629,0,1,0,0,1,1,1,0,5.33,1.5,12.0,0.0,4,0.67,0.67,8.0,1,3,1,3,0,N
19172,0,1,0,0,1,1,1,2,5.33,1.5,12.0,0.0,4,0.67,0.67,8.0,1,3,1,3,2,N
14455,0,1,0,0,1,1,1,0,5.33,1.5,12.0,0.0,4,0.67,0.67,8.0,1,3,1,3,0,N
23193,0,1,0,0,1,1,1,2,5.33,1.5,12.0,0.0,4,0.67,0.67,8.0,1,3,1,3,2,N
20639,0,1,0,0,1,1,1,0,7.75,2.0,31.02,0.01,6,0.5,1.72,15.51,2,4,2,4,0,N
18930,0,1,0,0,1,1,1,2,5.33,1.5,12.0,0.0,4,0.67,0.67,8.0,1,3,1,3,2,N
17253,0,1,0,0,1,1,1,0,7.74,1.5,17.41,0.0,5,0.67,0.97,11.61,2,3,2,3,0,N
21953,0,1,0,0,1,1,1,2,5.33,1.5,12.0,0.0,4,0.67,0.67,8.0,1,3,1,3,2,N
21091,52,69,15,54,39,31,22,205,80.6,73.26,432543.61,1.97,827,0.01,24030.2,5904.41,323,504,97,44,220,N
19746,0,1,0,0,1,1,1,0,0.0,0.0,0.0,0.0,0,0.0,0.0,0.0,0,0,0,0,0,N
15019,0,1,1,0,1,1,1,1,7.74,1.5,17.41,0.0,5,0.67,0.97,11.61,2,3,2,3,2,Y
21558,0,1,0,0,1,1,1,0,9.51,3.0,85.59,0.01,9,0.33,4.75,28.53,3,6,3,6,0,N
19571,0,1,0,0,1,1,1,0,7.75,2.0,31.02,0.01,6,0.5,1.72,15.51,2,4,2,4,0,N
21480,0,3,0,0,2,2,1,5,17.22,4.08,287.09,0.02,19,0.24,15.95,70.31,7,12,6,7,5,N
22804,0,1,0,0,1,1,1,0,0.0,0.0,0.0,0.0,0,0.0,0.0,0.0,0,0,0,0,0,N
16794,0,1,0,0,1,1,1,0,0.0,0.0,0.0,0.0,3,0.0,0.0,4.75,0,3,0,3,0,N
16005,0,3,0,0,2,2,1,3,8.1,3.33,90.0,0.01,9,0.3,5.0,27.0,4,5,3,5,3,N
20657,0,1,0,0,1,1,1,0,5.8,2.0,23.22,0.0,5,0.5,1.29,11.61,1,4,1,4,0,N
17309,0,1,0,0,1,1,1,0,7.75,2.0,31.02,0.01,6,0.5,1.72,15.51,2,4,2,4,0,N
17213,0,1,0,0,1,1,1,0,6.2,2.5,38.77,0.01,6,0.4,2.15,15.51,1,5,1,5,0,N
18236,2,3,7,2,2,2,1,8,26.22,13.6,4849.99,0.12,75,0.07,269.44,356.62,34,41,15,12,15,N
22479,0,1,0,0,1,1,1,0,10.68,4.67,232.53,0.02,15,0.21,12.92,49.83,4,11,3,7,0,N
17880,0,1,0,0,1,1,1,0,7.75,2.0,31.02,0.01,6,0.5,1.72,15.51,2,4,2,4,0,N
23044,0,1,0,0,1,1,1,0,7.74,1.5,17.41,0.0,5,0.67,0.97,11.61,2,3,2,3,0,N
20276,0,1,0,0,1,1,1,0,6.55,3.0,58.95,0.01,7,0.33,3.28,19.65,1,6,1,6,0,N
22494,1,3,0,0,2,1,1,8,15.07,9.75,1432.72,0.05,34,0.1,79.6,146.95,13,21,8,12,8,N
18227,5,5,0,3,3,2,1,21,26.56,25.5,17270.13,0.23,131,0.04,959.45,677.26,51,80,18,18,21,N
18245,6,5,1,7,3,3,1,14,36.11,11.56,4827.88,0.14,79,0.09,268.22,417.55,37,42,24,15,15,N
14869,1,1,0,0,1,1,1,2,7.74,1.5,17.41,0.0,5,0.67,0.97,11.61,2,3,2,3,2,N
16489,7,17,0,7,9,8,1,36,40.47,20.0,16189.25,0.27,142,0.05,899.4,809.46,64,78,32,20,36,N
14858,1,1,0,0,1,1,1,2,7.74,1.5,17.41,0.0,5,0.67,0.97,11.61,2,3,2,3,2,N
23443,0,1,0,0,1,1,1,0,7.75,2.0,31.02,0.01,6,0.5,1.72,15.51,2,4,2,4,0,N
17231,0,1,0,0,1,1,1,0,7.74,1.5,17.41,0.0,5,0.67,0.97,11.61,2,3,2,3,0,N
14196,7,1,5,6,1,1,1,14,46.18,8.5,3336.69,0.13,80,0.12,185.37,392.55,34,46,20,10,19,N
20235,0,1,0,0,1,1,1,0,7.75,2.0,31.02,0.01,6,0.5,1.72,15.51,2,4,2,4,0,N
16245,0,1,0,0,1,1,1,0,5.33,1.5,12.0,0.0,4,0.67,0.67,8.0,1,3,1,3,0,N
21914,0,1,0,0,1,1,1,0,7.75,2.0,31.02,0.01,6,0.5,1.72,15.51,2,4,2,4,0,N
21847,0,1,0,0,1,1,1,0,7.75,2.0,31.02,0.01,6,0.5,1.72,15.51,2,4,2,4,0,N
22869,0,1,0,0,1,1,1,0,7.75,2.0,31.02,0.01,6,0.5,1.72,15.51,2,4,2,4,0,N
18413,0,3,0,0,2,2,1,10,11.26,10.0,1125.88,0.04,27,0.1,62.55,112.59,10,17,6,12,10,N
14983,0,1,0,0,1,1,1,2,7.74,1.5,17.41,0.0,5,0.67,0.97,11.61,2,3,2,3,2,N
20973,0,1,0,0,1,1,1,2,8.0,1.0,8.0,0.0,4,1.0,0.44,8.0,2,2,2,2,2,N
16382,0,1,0,0,1,1,1,0,7.74,1.5,17.41,0.0,5,0.67,0.97,11.61,2,3,2,3,0,N
23214,0,1,0,0,1,1,1,0,8.3,6.0,298.97,0.02,15,0.17,16.61,49.83,3,12,2,8,0,N
17707,0,1,0,0,1,1,1,0,6.55,3.0,58.95,0.01,7,0.33,3.28,19.65,1,6,1,6,0,N
15330,0,1,0,0,1,1,1,0,5.33,1.5,12.0,0.0,4,0.67,0.67,8.0,1,3,1,3,0,N
18531,0,1,0,0,1,1,1,0,5.33,1.5,12.0,0.0,4,0.67,0.67,8.0,1,3,1,3,0,N
15251,7,13,1,4,7,5,1,35,60.13,9.98,5986.96,0.2,120,0.1,332.61,600.0,51,69,23,9,36,N
18725,2,3,0,3,2,1,1,5,4.87,13.5,887.34,0.02,19,0.07,49.3,65.73,6,13,2,9,5,N
17723,0,1,0,0,1,1,1,2,10.57,3.0,95.1,0.01,10,0.33,5.28,31.7,3,7,3,6,2,N
14515,0,1,0,0,1,1,1,0,7.75,2.0,31.02,0.01,6,0.5,1.72,15.51,2,4,2,4,0,N
17488,0,1,0,0,1,1,1,0,7.75,2.0,31.02,0.01,6,0.5,1.72,15.51,2,4,2,4,0,N
15472,3,1,8,4,1,1,1,27,112.99,8.79,8721.35,0.33,175,0.11,484.52,992.67,82,93,42,9,35,N
15530,0,1,0,0,1,1,1,0,7.74,1.5,17.41,0.0,5,0.67,0.97,11.61,2,3,2,3,0,N
20746,6,13,0,10,7,6,1,23,22.04,34.83,26748.53,0.26,155,0.03,1486.03,767.9,44,111,12,19,23,N
19817,0,3,0,0,2,2,1,4,13.67,6.0,492.27,0.03,21,0.17,27.35,82.04,6,15,5,10,4,N
15127,0,1,4,0,1,1,1,1,25.16,2.5,157.27,0.02,17,0.4,8.74,62.91,8,9,8,5,5,N
20094,0,1,0,0,1,1,1,4,10.24,7.0,501.89,0.02,20,0.14,27.88,71.7,7,13,4,8,4,N
17348,0,1,0,0,1,1,1,0,7.75,2.0,31.02,0.01,6,0.5,1.72,15.51,2,4,2,4,0,N
15536,0,1,0,0,1,1,1,0,5.33,1.5,12.0,0.0,4,0.67,0.67,8.0,1,3,1,3,0,N
17772,0,5,0,0,3,2,1,7,11.89,13.13,2048.55,0.05,35,0.08,113.81,156.08,15,20,8,14,7,N
17832,0,1,0,0,1,1,1,0,7.75,2.0,31.02,0.01,6,0.5,1.72,15.51,2,4,2,4,0,N
15002,2,3,4,0,2,2,1,2,12.16,5.6,381.44,0.02,19,0.18,21.19,68.11,8,11,5,7,6,N
22010,0,1,0,0,1,1,1,0,9.51,3.0,85.59,0.01,9,0.33,4.75,28.53,3,6,3,6,0,N
21765,0,1,0,0,1,1,1,2,5.33,1.5,12.0,0.0,4,0.67,0.67,8.0,1,3,1,3,2,N
15902,0,1,0,0,1,1,1,0,7.74,1.5,17.41,0.0,5,0.67,0.97,11.61,2,3,2,3,0,N
17001,0,1,0,0,1,1,1,0,7.74,1.5,17.41,0.0,5,0.67,0.97,11.61,2,3,2,3,0,N
20234,0,1,0,0,1,1,1,0,9.6,2.5,60.0,0.01,8,0.4,3.33,24.0,3,5,3,5,0,N
18294,6,1,0,5,1,1,1,11,26.68,20.0,10672.33,0.18,111,0.05,592.91,533.62,40,71,14,14,11,N
17619,0,3,0,0,2,2,1,3,14.28,4.0,228.44,0.02,15,0.25,12.69,57.11,6,9,6,8,3,N
19671,0,1,0,0,1,1,1,0,5.33,1.5,12.0,0.0,4,0.67,0.67,8.0,1,3,1,3,0,N
22526,0,1,0,0,1,1,1,3,12.0,2.5,75.0,0.01,10,0.4,4.17,30.0,3,7,3,5,3,N
20568,0,3,0,0,2,2,1,5,17.22,4.08,287.09,0.02,19,0.24,15.95,70.31,7,12,6,7,5,N
21282,0,1,0,0,1,1,1,0,7.74,1.5,17.41,0.0,5,0.67,0.97,11.61,2,3,2,3,0,N
16084,0,1,0,0,1,1,1,0,0.0,0.0,0.0,0.0,1,0.0,0.0,0.0,0,1,0,1,0,N
14986,0,1,0,0,1,1,1,2,7.74,1.5,17.41,0.0,5,0.67,0.97,11.61,2,3,2,3,2,N
21450,1,3,0,2,2,2,1,12,14.73,8.94,1176.94,0.04,31,0.11,65.39,131.69,13,18,8,11,12,N
21674,0,1,0,0,1,1,1,0,9.51,3.0,85.59,0.01,9,0.33,4.75,28.53,3,6,3,6,0,N
17292,0,3,0,0,2,2,1,0,7.75,2.0,31.02,0.01,6,0.5,1.72,15.51,2,4,2,4,0,N
16679,13,5,2,4,3,2,3,39,55.48,19.5,21096.95,0.36,197,0.05,1172.05,1081.9,96,101,32,13,41,Y
17337,0,1,0,0,1,1,1,0,7.74,1.5,17.41,0.0,5,0.67,0.97,11.61,2,3,2,3,0,N
19001,0,1,0,0,1,1,1,0,0.0,0.0,0.0,0.0,0,0.0,0.0,0.0,0,0,0,0,0,N
22296,3,1,0,0,1,1,1,2,7.75,2.0,31.02,0.01,6,0.5,1.72,15.51,2,4,2,4,2,N
21285,0,1,0,0,1,1,1,0,7.74,1.5,17.41,0.0,5,0.67,0.97,11.61,2,3,2,3,0,N
14079,0,1,0,0,1,1,1,0,0.0,0.0,0.0,0.0,0,0.0,0.0,0.0,0,0,0,0,0,N
17053,0,1,0,0,1,1,1,0,7.74,1.5,17.41,0.0,5,0.67,0.97,11.61,2,3,2,3,0,N
17434,0,1,0,0,1,1,1,0,10.68,4.67,232.53,0.02,15,0.21,12.92,49.83,4,11,3,7,0,N
18847,0,1,0,0,1,1,1,4,9.47,2.67,67.38,0.01,9,0.38,3.74,25.27,4,5,3,4,4,N
16016,0,1,0,0,1,1,1,2,7.81,9.0,632.78,0.02,19,0.11,35.15,70.31,8,11,4,9,2,N
23511,1,1,0,4,1,1,1,4,21.67,1.8,70.2,0.01,13,0.56,3.9,39.0,6,7,5,3,4,N
19572,0,1,0,0,1,1,1,0,7.75,2.0,31.02,0.01,6,0.5,1.72,15.51,2,4,2,4,0,N
15708,0,3,0,0,2,2,1,3,14.28,4.0,228.44,0.02,15,0.25,12.69,57.11,6,9,6,8,3,N
15214,0,1,0,0,1,1,1,0,0.0,0.0,0.0,0.0,1,0.0,0.0,0.0,0,1,0,1,0,N
16114,0,1,0,0,1,1,1,6,25.32,3.14,250.07,0.03,23,0.32,13.89,79.57,11,12,7,4,6,N
22684,11,1,0,10,1,1,1,9,86.0,1.6,220.17,0.05,33,0.63,12.23,137.61,16,17,15,3,9,N
16143,0,1,0,0,1,1,1,0,7.74,1.5,17.41,0.0,5,0.67,0.97,11.61,2,3,2,3,0,N
17207,20,23,3,48,12,5,6,50,22.06,40.8,36720.0,0.3,180,0.02,2040.0,900.0,72,108,15,17,53,N
19233,1,3,0,2,2,2,1,12,14.73,8.94,1176.94,0.04,31,0.11,65.39,131.69,13,18,8,11,12,N
22543,4,9,0,4,5,2,3,20,17.35,22.85,9054.75,0.13,80,0.04,503.04,396.34,33,47,13,18,20,Y
21521,0,1,0,0,1,1,1,2,7.74,1.5,17.41,0.0,5,0.67,0.97,11.61,2,3,2,3,2,N
16315,0,1,0,0,1,1,1,0,7.74,1.5,17.41,0.0,5,0.67,0.97,11.61,2,3,2,3,0,N
15547,0,1,0,0,1,1,1,0,5.33,1.5,12.0,0.0,4,0.67,0.67,8.0,1,3,1,3,0,N
22122,0,1,0,0,1,1,1,4,9.47,2.67,67.38,0.01,9,0.38,3.74,25.27,4,5,3,4,4,N
15962,0,1,0,0,1,1,1,0,5.33,1.5,12.0,0.0,4,0.67,0.67,8.0,1,3,1,3,0,N
17508,0,1,0,0,1,1,1,2,5.33,1.5,12.0,0.0,4,0.67,0.67,8.0,1,3,1,3,2,N
20815,4,25,0,8,13,9,10,32,20.97,37.71,29831.94,0.26,153,0.03,1657.33,791.0,48,105,14,22,32,N
23122,0,1,0,0,1,1,1,0,5.33,1.5,12.0,0.0,4,0.67,0.67,8.0,1,3,1,3,0,N
17778,0,1,0,0,1,1,1,0,0.0,0.0,0.0,0.0,0,0.0,0.0,0.0,0,0,0,0,0,N
16094,0,1,0,0,1,1,1,2,7.81,9.0,632.78,0.02,19,0.11,35.15,70.31,8,11,4,9,2,N
18093,0,1,0,0,1,1,1,0,0.0,0.0,0.0,0.0,0,0.0,0.0,0.0,0,0,0,0,0,N
23291,0,1,0,0,1,1,1,0,5.33,1.5,12.0,0.0,4,0.67,0.67,8.0,1,3,1,3,0,N
21822,0,1,0,0,1,1,1,0,6.55,3.0,58.95,0.01,7,0.33,3.28,19.65,1,6,1,6,0,N
17573,0,1,0,0,1,1,1,0,5.33,1.5,12.0,0.0,4,0.67,0.67,8.0,1,3,1,3,0,N
16731,0,1,0,0,1,1,1,0,0.0,0.0,0.0,0.0,1,0.0,0.0,0.0,0,1,0,1,0,N
20191,0,3,0,0,2,2,1,5,17.22,4.08,287.09,0.02,19,0.24,15.95,70.31,7,12,6,7,5,N
15203,1,3,0,1,2,2,1,10,14.14,10.56,1577.39,0.05,34,0.09,87.63,149.34,13,21,8,13,10,N
19630,0,1,0,0,1,1,1,0,5.33,1.5,12.0,0.0,4,0.67,0.67,8.0,1,3,1,3,0,N
20602,0,1,0,0,1,1,1,9,16.05,10.31,1708.46,0.06,39,0.1,94.91,165.67,15,24,8,11,9,N
15892,0,1,0,0,1,1,1,0,5.33,1.5,12.0,0.0,4,0.67,0.67,8.0,1,3,1,3,0,N
20760,1,5,0,8,1,1,1,30,43.11,26.77,30890.51,0.38,214,0.04,1716.14,1153.96,87,127,26,16,30,N
22354,0,3,0,0,2,1,1,0,7.75,2.0,31.02,0.01,6,0.5,1.72,15.51,2,4,2,4,0,N
18391,7,19,18,1,10,5,1,31,36.47,26.65,25908.95,0.32,175,0.04,1439.39,972.05,66,109,26,21,49,N
23164,0,1,0,0,1,1,1,0,7.75,2.0,31.02,0.01,6,0.5,1.72,15.51,2,4,2,4,0,N
18217,8,3,1,7,2,2,1,14,39.38,9.82,3796.17,0.13,76,0.1,210.9,386.65,36,40,22,12,15,N
18742,0,3,0,1,2,1,1,8,8.88,9.0,719.59,0.03,21,0.11,39.98,79.95,10,11,5,9,8,N
15309,0,1,0,0,1,1,1,0,5.33,1.5,12.0,0.0,4,0.67,0.67,8.0,1,3,1,3,0,N
19549,0,1,0,0,1,1,1,0,5.33,1.5,12.0,0.0,4,0.67,0.67,8.0,1,3,1,3,0,N
23385,0,1,0,0,1,1,1,0,5.33,1.5,12.0,0.0,4,0.67,0.67,8.0,1,3,1,3,0,N
15929,0,1,0,0,1,1,1,0,7.74,1.5,17.41,0.0,5,0.67,0.97,11.61,2,3,2,3,0,N
16355,0,1,0,0,1,1,1,0,5.33,1.5,12.0,0.0,4,0.67,0.67,8.0,1,3,1,3,0,N
21431,1,1,1,1,1,1,1,5,15.99,5.0,399.77,0.03,21,0.2,22.21,79.95,10,11,7,7,6,N
22893,9,11,0,0,6,3,1,21,36.04,19.83,14178.36,0.24,128,0.05,787.69,714.88,51,77,27,21,21,N
18166,9,37,0,3,19,18,10,79,41.31,48.56,97401.54,0.67,341,0.02,5411.2,2005.98,152,189,36,23,79,N
20346,0,1,0,0,1,1,1,0,5.33,1.5,12.0,0.0,4,0.67,0.67,8.0,1,3,1,3,0,N
19273,0,1,0,0,1,1,1,0,0.0,0.0,0.0,0.0,0,0.0,0.0,0.0,0,0,0,0,0,N
17494,0,1,0,0,1,1,1,0,7.75,2.0,31.02,0.01,6,0.5,1.72,15.51,2,4,2,4,0,N
22842,0,1,0,0,1,1,1,0,7.86,2.5,49.13,0.01,7,0.4,2.73,19.65,2,5,2,5,0,N
14459,0,1,0,0,1,1,1,0,5.33,1.5,12.0,0.0,4,0.67,0.67,8.0,1,3,1,3,0,N
22042,40,3,0,1,2,2,1,25,62.29,10.4,6737.7,0.22,116,0.1,374.32,647.86,56,60,35,13,25,N
15701,0,3,0,0,2,2,1,0,6.69,7.5,376.42,0.02,14,0.13,20.91,50.19,5,9,3,9,0,N
17658,0,1,0,0,1,1,1,0,7.33,4.5,148.5,0.01,11,0.22,8.25,33.0,3,8,2,6,0,N
20648,0,1,0,0,1,1,1,0,7.75,2.0,31.02,0.01,6,0.5,1.72,15.51,2,4,2,4,0,N
16787,0,1,0,0,1,1,1,0,5.33,1.5,12.0,0.0,4,0.67,0.67,8.0,1,3,1,3,0,N
20443,0,3,0,0,2,2,1,5,15.36,3.5,188.21,0.02,15,0.29,10.46,53.77,5,10,5,7,5,N
23505,1,1,0,4,1,1,1,4,21.67,1.8,70.2,0.01,13,0.56,3.9,39.0,6,7,5,3,4,N
22894,0,3,0,0,2,2,1,5,23.23,6.05,850.35,0.05,32,0.17,47.24,140.55,11,21,10,11,5,N
19732,3,1,0,0,1,1,1,2,7.75,2.0,31.02,0.01,6,0.5,1.72,15.51,2,4,2,4,2,N
17262,0,1,0,0,1,1,1,0,7.74,1.5,17.41,0.0,5,0.67,0.97,11.61,2,3,2,3,0,N
23507,1,1,0,4,1,1,1,4,21.67,1.8,70.2,0.01,13,0.56,3.9,39.0,6,7,5,3,4,N
18378,4,3,4,1,2,1,1,10,20.67,13.42,3720.79,0.09,59,0.07,206.71,277.33,23,36,12,14,14,N
14982,0,1,0,0,1,1,1,2,7.74,1.5,17.41,0.0,5,0.67,0.97,11.61,2,3,2,3,2,N
19458,0,1,0,0,1,1,1,0,5.33,1.5,12.0,0.0,4,0.67,0.67,8.0,1,3,1,3,0,N
22264,1,9,0,0,5,3,3,12,17.46,16.55,4779.2,0.1,63,0.06,265.51,288.85,28,35,11,13,12,N
15939,0,3,0,0,2,2,1,4,13.67,6.0,492.27,0.03,21,0.17,27.35,82.04,6,15,5,10,4,N
15915,0,1,0,0,1,1,1,0,6.89,3.0,62.04,0.01,8,0.33,3.45,20.68,3,5,2,4,0,N
16570,2,3,2,0,2,1,1,9,12.13,11.0,1467.81,0.04,32,0.09,81.55,133.44,11,21,6,12,11,N
14274,0,3,0,0,2,2,1,0,6.69,7.5,376.42,0.02,14,0.13,20.91,50.19,5,9,3,9,0,N
21092,52,69,15,54,39,31,22,205,80.6,73.26,432543.61,1.97,827,0.01,24030.2,5904.41,323,504,97,44,220,N
20933,1,1,0,1,1,1,1,6,22.84,10.0,2284.01,0.08,52,0.1,126.89,228.4,15,37,9,12,6,N
19127,0,3,0,0,2,2,1,5,17.22,4.08,287.09,0.02,19,0.24,15.95,70.31,7,12,6,7,5,N
19962,0,1,0,0,1,1,1,0,6.55,3.0,58.95,0.01,7,0.33,3.28,19.65,1,6,1,6,0,N
18079,3,1,0,0,1,1,1,2,7.75,2.0,31.02,0.01,6,0.5,1.72,15.51,2,4,2,4,2,N
16775,0,1,0,0,1,1,1,0,5.33,1.5,12.0,0.0,4,0.67,0.67,8.0,1,3,1,3,0,N
17522,0,1,0,0,1,1,1,0,9.0,3.0,81.0,0.01,9,0.33,4.5,27.0,2,7,2,6,0,N
14404,0,1,0,0,1,1,1,0,0.0,0.0,0.0,0.0,0,0.0,0.0,0.0,0,0,0,0,0,N
20413,0,1,0,0,1,1,1,0,0.0,0.0,0.0,0.0,0,0.0,0.0,0.0,0,0,0,0,0,N
22548,1,1,0,0,1,1,1,6,26.06,6.14,981.27,0.05,37,0.16,54.52,159.91,15,22,11,9,6,N
21317,0,1,0,0,1,1,1,3,11.58,2.67,82.35,0.01,11,0.38,4.57,30.88,4,7,3,4,3,N
20448,0,1,0,0,1,1,1,0,7.75,2.0,31.02,0.01,6,0.5,1.72,15.51,2,4,2,4,0,N
16532,0,1,0,0,1,1,1,0,5.33,1.5,12.0,0.0,4,0.67,0.67,8.0,1,3,1,3,0,N
15847,0,1,0,0,1,1,1,0,5.33,1.5,12.0,0.0,4,0.67,0.67,8.0,1,3,1,3,0,N
20818,3,3,0,0,1,1,1,8,16.87,14.86,3724.27,0.08,58,0.07,206.9,250.67,16,42,7,13,8,N
21862,0,1,0,0,1,1,1,0,9.31,2.5,58.16,0.01,9,0.4,3.23,23.26,1,8,1,5,0,N
16759,0,1,0,0,1,1,1,0,5.33,1.5,12.0,0.0,4,0.67,0.67,8.0,1,3,1,3,0,N
22725,0,1,0,0,1,1,1,0,5.33,1.5,12.0,0.0,4,0.67,0.67,8.0,1,3,1,3,0,N
15062,19,37,4,1,19,1,1,51,73.7,8.1,4835.34,0.2,127,0.12,268.63,596.96,54,73,20,6,55,N
20321,0,1,0,0,1,1,1,0,7.75,2.0,31.02,0.01,6,0.5,1.72,15.51,2,4,2,4,0,N
22833,0,1,0,0,1,1,1,0,7.75,2.0,31.02,0.01,6,0.5,1.72,15.51,2,4,2,4,0,N
22469,0,1,0,0,1,1,1,0,7.75,2.0,31.02,0.01,6,0.5,1.72,15.51,2,4,2,4,0,N
22045,28,3,0,1,2,2,1,18,57.1,7.54,3243.41,0.14,82,0.13,180.19,430.33,37,45,27,11,18,N
22120,1,3,0,2,2,2,1,12,14.73,8.94,1176.94,0.04,31,0.11,65.39,131.69,13,18,8,11,12,N
22335,0,1,0,0,1,1,1,5,15.95,6.86,750.12,0.04,28,0.15,41.67,109.39,12,16,7,8,5,N
22302,0,1,0,0,1,1,1,0,0.0,0.0,0.0,0.0,0,0.0,0.0,0.0,0,0,0,0,0,N
21818,1,5,0,0,3,3,1,13,17.24,7.5,969.51,0.04,31,0.13,53.86,129.27,12,19,8,10,13,N
22226,0,1,0,0,1,1,1,3,9.51,3.0,85.59,0.01,9,0.33,4.75,28.53,3,6,3,6,3,N
19535,0,1,0,0,1,1,1,0,0.0,0.0,0.0,0.0,1,0.0,0.0,0.0,0,1,0,1,0,N
14246,0,1,0,0,1,1,1,4,10.24,7.0,501.89,0.02,20,0.14,27.88,71.7,7,13,4,8,4,N
21459,0,3,0,0,2,2,1,0,9.32,5.0,233.02,0.02,13,0.2,12.95,46.6,5,8,4,8,0,N
18688,0,1,0,0,1,1,1,0,5.33,1.5,12.0,0.0,4,0.67,0.67,8.0,1,3,1,3,0,N
17394,0,1,0,0,1,1,1,2,7.74,1.5,17.41,0.0,5,0.67,0.97,11.61,2,3,2,3,2,N
21772,0,1,0,0,1,1,1,0,6.55,3.0,58.95,0.01,7,0.33,3.28,19.65,1,6,1,6,0,N
17445,0,1,0,0,1,1,1,0,0.0,0.0,0.0,0.0,0,0.0,0.0,0.0,0,0,0,0,0,N
20121,0,1,0,0,1,1,1,0,6.55,3.0,58.95,0.01,7,0.33,3.28,19.65,1,6,1,6,0,N
17384,2,5,0,0,3,1,1,9,11.46,13.2,1996.32,0.05,37,0.08,110.91,151.24,11,26,5,12,9,N
20548,0,1,0,0,1,1,1,0,7.75,2.0,31.02,0.01,6,0.5,1.72,15.51,2,4,2,4,0,N
20806,0,3,1,4,2,2,1,8,16.92,18.69,5909.86,0.11,72,0.05,328.33,316.25,23,49,8,13,9,N
22948,10,1,0,9,1,1,1,7,38.4,2.5,240.0,0.03,24,0.4,13.33,96.0,11,13,11,5,7,N
22407,0,1,0,0,1,1,1,2,9.83,2.0,39.3,0.01,7,0.5,2.18,19.65,3,4,3,4,2,N
22821,0,1,0,0,1,1,1,0,8.3,6.0,298.97,0.02,15,0.17,16.61,49.83,3,12,2,8,0,N
18752,7,7,0,24,4,3,4,21,21.18,20.9,9250.53,0.15,87,0.05,513.91,442.61,33,54,15,19,21,N
17476,0,3,0,0,2,2,1,4,10.88,5.6,341.29,0.02,17,0.18,18.96,60.94,8,9,5,7,4,N
14091,0,1,0,0,1,1,1,0,0.0,0.0,0.0,0.0,0,0.0,0.0,0.0,0,0,0,0,0,N
17764,0,1,0,0,1,1,1,1,7.74,1.5,17.41,0.0,5,0.67,0.97,11.61,2,3,2,3,1,N
22257,0,3,0,0,2,2,1,8,23.46,10.29,2485.24,0.08,52,0.1,138.07,241.48,19,33,12,13,8,N
18169,22,5,0,7,3,3,1,26,35.6,9.0,2883.83,0.11,69,0.11,160.21,320.43,32,37,16,9,26,N
17701,0,1,0,0,1,1,1,0,5.33,1.5,12.0,0.0,4,0.67,0.67,8.0,1,3,1,3,0,N
22456,0,3,0,0,2,2,1,4,11.99,6.67,533.03,0.03,21,0.15,29.61,79.95,10,11,6,8,4,N
16247,0,1,0,0,1,1,1,2,5.33,1.5,12.0,0.0,4,0.67,0.67,8.0,1,3,1,3,2,N
15429,0,1,0,0,1,1,1,0,5.33,1.5,12.0,0.0,4,0.67,0.67,8.0,1,3,1,3,0,N
19075,0,1,0,0,1,1,1,0,5.33,1.5,12.0,0.0,4,0.67,0.67,8.0,1,3,1,3,0,N
20631,0,3,0,0,2,2,1,4,10.88,5.6,341.29,0.02,17,0.18,18.96,60.94,8,9,5,7,4,N
19896,0,1,0,0,1,1,1,0,10.68,4.67,232.53,0.02,15,0.21,12.92,49.83,4,11,3,7,0,N
23067,0,3,0,0,2,2,1,4,11.18,5.63,353.85,0.02,17,0.18,19.66,62.91,5,12,4,9,4,N
19743,0,1,0,0,1,1,1,0,11.86,3.5,145.3,0.01,12,0.29,8.07,41.51,4,8,4,7,0,N
17185,3,5,6,7,3,1,1,7,18.89,8.44,1345.03,0.05,39,0.12,74.72,159.41,15,24,8,9,13,N
14255,2,5,0,1,3,2,1,23,19.78,20.04,7940.87,0.13,80,0.05,441.16,396.34,33,47,14,17,23,N
17715,0,1,0,0,1,1,1,0,7.75,2.0,31.02,0.01,6,0.5,1.72,15.51,2,4,2,4,0,N
22451,1,3,0,2,2,2,1,12,14.73,8.94,1176.94,0.04,31,0.11,65.39,131.69,13,18,8,11,12,N
15885,0,1,0,0,1,1,1,2,5.33,1.5,12.0,0.0,4,0.67,0.67,8.0,1,3,1,3,2,N
21067,3,9,0,0,5,1,3,24,17.84,15.0,4013.49,0.09,60,0.07,222.97,267.57,25,35,10,12,24,N
21817,1,5,0,0,3,3,1,13,16.4,7.07,820.29,0.04,29,0.14,45.57,116.0,11,18,7,9,13,N
18985,0,1,0,0,1,1,1,1,7.74,1.5,17.41,0.0,5,0.67,0.97,11.61,2,3,2,3,1,N
19741,0,1,0,0,1,1,1,0,0.0,0.0,0.0,0.0,0,0.0,0.0,0.0,0,0,0,0,0,N
22034,18,3,2,0,2,2,1,10,24.55,8.85,1920.77,0.07,48,0.11,106.71,217.13,23,25,13,10,12,N
15873,0,1,0,0,1,1,1,0,12.18,3.0,109.62,0.01,11,0.33,6.09,36.54,4,7,4,6,0,N
16502,0,1,0,0,1,1,1,0,0.0,0.0,0.0,0.0,1,0.0,0.0,0.0,0,1,0,1,0,N
19555,0,1,0,0,1,1,1,0,5.33,1.5,12.0,0.0,4,0.67,0.67,8.0,1,3,1,3,0,N
23388,0,1,0,0,1,1,1,0,5.33,1.5,12.0,0.0,4,0.67,0.67,8.0,1,3,1,3,0,N
21154,2,5,2,0,3,2,3,13,50.09,9.0,4057.49,0.15,91,0.11,225.42,450.83,44,47,22,9,15,N
16041,0,1,0,0,1,1,1,0,5.33,1.5,12.0,0.0,4,0.67,0.67,8.0,1,3,1,3,0,N
23163,0,1,0,0,1,1,1,0,7.75,2.0,31.02,0.01,6,0.5,1.72,15.51,2,4,2,4,0,N
21296,0,1,0,0,1,1,1,5,29.57,4.31,548.7,0.04,29,0.23,30.48,127.38,14,15,13,8,5,N
20905,38,11,19,12,1,1,1,71,42.96,127.76,701291.3,1.83,937,0.01,38960.63,5488.93,362,575,34,24,90,N
20763,17,53,2,3,1,1,1,84,29.6,96.43,275199.03,0.95,511,0.01,15288.83,2853.92,150,361,21,27,86,N
19060,0,1,0,0,1,1,1,0,9.51,3.0,85.59,0.01,9,0.33,4.75,28.53,3,6,3,6,0,N
23307,0,3,0,0,2,2,1,4,21.5,7.15,1099.18,0.05,35,0.14,61.07,153.73,13,22,10,11,4,N
18723,6,31,0,13,16,13,1,109,37.46,86.64,281205.63,1.08,564,0.01,15622.54,3245.76,201,363,29,25,109,N
15232,42,1,38,75,1,1,1,5,142.01,9.77,13558.89,0.46,259,0.1,753.27,1387.61,114,145,35,6,43,N
15286,0,1,0,0,1,1,1,0,16.5,2.0,66.0,0.01,11,0.5,3.67,33.0,4,7,4,4,0,N
20583,0,3,0,0,2,1,1,0,0.0,0.0,0.0,0.0,0,0.0,0.0,0.0,0,0,0,0,0,N
15398,0,1,0,0,1,1,1,0,7.74,1.5,17.41,0.0,5,0.67,0.97,11.61,2,3,2,3,0,N
20736,1,17,0,7,9,8,3,25,19.39,47.27,43326.7,0.31,185,0.02,2407.04,916.53,52,133,11,20,25,N
20802,0,1,0,1,1,1,1,1,0.0,0.0,0.0,0.0,1,0.0,0.0,0.0,0,1,0,1,1,N
18869,2,1,0,1,1,1,1,1,0.0,0.0,0.0,0.0,1,0.0,0.0,0.0,0,1,0,1,1,N
19881,2,7,0,0,4,2,3,11,12.35,16.0,3162.47,0.07,45,0.06,175.69,197.65,16,29,7,14,11,N
21750,0,1,0,0,1,1,1,3,9.51,3.0,85.59,0.01,9,0.33,4.75,28.53,3,6,3,6,3,N
22856,0,1,0,0,1,1,1,0,9.51,3.0,85.59,0.01,9,0.33,4.75,28.53,3,6,3,6,0,N
15528,0,1,0,0,1,1,1,0,7.74,1.5,17.41,0.0,5,0.67,0.97,11.61,2,3,2,3,0,N
19483,0,1,0,0,1,1,1,4,9.47,2.67,67.38,0.01,9,0.38,3.74,25.27,4,5,3,4,4,N
20406,3,1,0,0,1,1,1,2,7.75,2.0,31.02,0.01,6,0.5,1.72,15.51,2,4,2,4,2,N
21792,0,1,0,0,1,1,1,2,5.33,1.5,12.0,0.0,4,0.67,0.67,8.0,1,3,1,3,2,N
19035,0,1,0,0,1,1,1,0,7.75,2.0,31.02,0.01,6,0.5,1.72,15.51,2,4,2,4,0,N
16873,0,1,0,0,1,1,1,0,7.74,1.5,17.41,0.0,5,0.67,0.97,11.61,2,3,2,3,0,N
15717,3,1,0,0,1,1,1,2,7.75,2.0,31.02,0.01,6,0.5,1.72,15.51,2,4,2,4,2,N
16213,1,3,0,0,2,1,1,8,15.07,9.75,1432.72,0.05,34,0.1,79.6,146.95,13,21,8,12,8,N
18609,0,1,0,0,1,1,1,2,5.33,1.5,12.0,0.0,4,0.67,0.67,8.0,1,3,1,3,2,N
18530,0,1,0,0,1,1,1,2,5.33,1.5,12.0,0.0,4,0.67,0.67,8.0,1,3,1,3,2,N
22539,0,1,0,0,1,1,1,0,9.0,3.0,81.0,0.01,9,0.33,4.5,27.0,2,7,2,6,0,N
19659,0,1,0,0,1,1,1,0,5.33,1.5,12.0,0.0,4,0.67,0.67,8.0,1,3,1,3,0,N
18451,0,1,0,0,1,1,1,0,7.74,1.5,17.41,0.0,5,0.67,0.97,11.61,2,3,2,3,0,N
14802,0,1,0,0,1,1,1,2,7.74,1.5,17.41,0.0,5,0.67,0.97,11.61,2,3,2,3,2,N
18430,1,5,0,0,3,3,1,13,17.24,7.5,969.51,0.04,31,0.13,53.86,129.27,12,19,8,10,13,N
20953,4,5,1,3,3,3,1,20,32.61,21.25,14723.22,0.23,133,0.05,817.96,692.86,50,83,20,17,21,N
16009,0,1,0,0,1,1,1,0,5.33,1.5,12.0,0.0,4,0.67,0.67,8.0,1,3,1,3,0,N
17866,3,9,3,1,5,4,1,24,51.6,10.12,5284.28,0.17,101,0.1,293.57,522.15,46,55,25,11,27,N
17809,0,1,0,0,1,1,1,0,0.0,0.0,0.0,0.0,1,0.0,0.0,0.0,0,1,0,1,0,N
16334,0,1,0,0,1,1,1,0,5.33,1.5,12.0,0.0,4,0.67,0.67,8.0,1,3,1,3,0,N
21819,1,5,0,0,3,3,1,13,17.24,7.5,969.51,0.04,31,0.13,53.86,129.27,12,19,8,10,13,N
15183,12,1,13,9,1,1,1,6,69.36,8.0,4439.07,0.18,110,0.13,246.61,554.88,50,60,25,8,19,N
22610,0,1,0,0,1,1,1,0,6.2,2.5,38.77,0.01,6,0.4,2.15,15.51,1,5,1,5,0,N
19553,0,3,0,0,2,1,1,4,11.52,3.75,161.94,0.01,13,0.27,9.0,43.19,5,8,4,6,4,N
17071,0,1,0,0,1,1,1,0,0.0,0.0,0.0,0.0,3,0.0,0.0,4.75,0,3,0,3,0,N
16467,0,1,0,0,1,1,1,0,5.33,1.5,12.0,0.0,4,0.67,0.67,8.0,1,3,1,3,0,N
15258,0,1,0,0,1,1,1,0,6.89,3.0,62.04,0.01,8,0.33,3.45,20.68,3,5,2,4,0,N
16080,0,1,0,0,1,1,1,0,5.33,1.5,12.0,0.0,4,0.67,0.67,8.0,1,3,1,3,0,N
14266,0,1,0,0,1,1,1,4,9.47,2.67,67.38,0.01,9,0.38,3.74,25.27,4,5,3,4,4,N
19684,0,1,0,0,1,1,1,0,5.33,1.5,12.0,0.0,4,0.67,0.67,8.0,1,3,1,3,0,N
16974,0,1,0,0,1,1,1,0,9.51,3.0,85.59,0.01,9,0.33,4.75,28.53,3,6,3,6,0,N
14651,0,1,2,0,1,1,1,1,13.5,2.0,54.0,0.01,9,0.5,3.0,27.0,4,5,4,4,3,N
20292,0,1,0,0,1,1,1,0,7.75,2.0,31.02,0.01,6,0.5,1.72,15.51,2,4,2,4,0,N
19598,0,1,0,0,1,1,1,0,9.51,3.0,85.59,0.01,9,0.33,4.75,28.53,3,6,3,6,0,N
14844,1,1,0,0,1,1,1,2,7.74,1.5,17.41,0.0,5,0.67,0.97,11.61,2,3,2,3,2,N
16468,0,1,0,0,1,1,1,0,5.33,1.5,12.0,0.0,4,0.67,0.67,8.0,1,3,1,3,0,N
15551,0,1,0,0,1,1,1,0,7.74,1.5,17.41,0.0,5,0.67,0.97,11.61,2,3,2,3,0,N
15919,0,1,0,0,1,1,1,0,7.74,1.5,17.41,0.0,5,0.67,0.97,11.61,2,3,2,3,0,N
22688,12,1,0,7,1,1,1,7,51.39,1.8,166.52,0.03,25,0.56,9.25,92.51,12,13,10,3,7,N
18347,2,3,0,4,2,2,1,15,23.88,12.66,3824.79,0.1,61,0.08,212.49,302.21,27,34,16,15,15,N
17813,0,1,0,0,1,1,1,3,9.51,3.0,85.59,0.01,9,0.33,4.75,28.53,3,6,3,6,3,N
18673,0,1,0,0,1,1,1,0,0.0,0.0,0.0,0.0,0,0.0,0.0,0.0,0,0,0,0,0,N
21921,0,1,0,0,1,1,1,2,5.33,1.5,12.0,0.0,4,0.67,0.67,8.0,1,3,1,3,2,N
21024,5,5,0,2,3,2,1,31,71.8,13.64,13361.04,0.33,171,0.07,742.28,979.47,76,95,39,14,31,N
23460,15,3,0,1,1,1,1,44,68.1,16.55,18643.53,0.38,204,0.06,1035.75,1126.81,84,120,33,13,44,N
18988,2,1,0,1,1,1,1,1,0.0,0.0,0.0,0.0,1,0.0,0.0,0.0,0,1,0,1,1,N
16146,0,1,0,0,1,1,1,0,5.33,1.5,12.0,0.0,4,0.67,0.67,8.0,1,3,1,3,0,N
18827,6,3,0,0,2,1,1,5,11.56,4.8,266.43,0.02,15,0.21,14.8,55.51,6,9,5,8,5,N
15969,0,1,0,0,1,1,1,0,5.33,1.5,12.0,0.0,4,0.67,0.67,8.0,1,3,1,3,0,N
22361,0,1,0,0,1,1,1,2,8.98,2.5,56.15,0.01,8,0.4,3.12,22.46,2,6,2,5,2,N
17732,0,1,0,0,1,1,1,0,8.6,7.5,483.97,0.02,18,0.13,26.89,64.53,5,13,3,9,0,N
16452,1,1,0,0,1,1,1,6,23.25,3.0,209.28,0.02,21,0.33,11.63,69.76,9,12,6,4,6,N
15520,0,1,0,0,1,1,1,0,7.74,1.5,17.41,0.0,5,0.67,0.97,11.61,2,3,2,3,0,N
14415,0,1,0,0,1,1,1,0,0.0,0.0,0.0,0.0,0,0.0,0.0,0.0,0,0,0,0,0,N
19200,0,1,1,0,1,1,1,1,4.75,1.0,4.75,0.0,3,1.0,0.26,4.75,1,2,1,2,2,N
17209,0,1,0,0,1,1,1,3,11.63,2.0,46.53,0.01,9,0.5,2.58,23.26,4,5,3,3,3,N
16600,2,23,9,6,17,15,7,43,34.14,30.0,30723.65,0.34,172,0.03,1706.87,1024.11,64,108,32,30,52,N
14800,0,1,0,0,1,1,1,2,7.74,1.5,17.41,0.0,5,0.67,0.97,11.61,2,3,2,3,2,N
18650,0,1,0,0,1,1,1,0,6.55,3.0,58.95,0.01,7,0.33,3.28,19.65,1,6,1,6,0,N
15049,0,1,1,0,1,1,1,2,11.23,2.0,44.92,0.01,8,0.5,2.5,22.46,3,5,3,4,3,N
21731,0,1,0,0,1,1,1,0,9.6,2.5,60.0,0.01,8,0.4,3.33,24.0,3,5,3,5,0,N
19516,0,1,0,0,1,1,1,0,11.86,3.5,145.3,0.01,12,0.29,8.07,41.51,4,8,4,7,0,N
22616,0,3,0,0,2,1,1,0,0.0,0.0,0.0,0.0,0,0.0,0.0,0.0,0,0,0,0,0,N
17589,0,1,0,0,1,1,1,4,13.45,3.6,174.36,0.02,14,0.28,9.69,48.43,6,8,5,6,4,N
22496,0,1,0,0,1,1,1,0,7.75,2.0,31.02,0.01,6,0.5,1.72,15.51,2,4,2,4,0,N
23338,0,1,0,0,1,1,1,0,7.75,2.0,31.02,0.01,6,0.5,1.72,15.51,2,4,2,4,0,N
18013,7,13,0,7,7,4,6,27,54.92,12.35,8376.79,0.23,125,0.08,465.38,678.28,57,68,30,13,27,N
15372,0,1,0,0,1,1,1,0,0.0,0.0,0.0,0.0,1,0.0,0.0,0.0,0,1,0,1,0,N
23315,1,3,0,2,2,2,1,12,14.73,8.94,1176.94,0.04,31,0.11,65.39,131.69,13,18,8,11,12,N
15421,0,1,0,0,1,1,1,0,5.33,1.5,12.0,0.0,4,0.67,0.67,8.0,1,3,1,3,0,N
14733,6,5,1,0,4,4,1,39,101.3,13.16,17544.81,0.44,219,0.08,974.71,1333.15,93,126,53,15,40,N
19959,0,1,0,0,1,1,1,2,5.33,1.5,12.0,0.0,4,0.67,0.67,8.0,1,3,1,3,2,N
15565,0,1,0,0,1,1,1,0,5.33,1.5,12.0,0.0,4,0.67,0.67,8.0,1,3,1,3,0,N
21371,0,1,0,0,1,1,1,11,26.78,12.57,4228.87,0.11,70,0.08,234.94,336.51,29,41,15,13,11,N
21624,1,3,0,0,2,1,1,8,15.07,9.75,1432.72,0.05,34,0.1,79.6,146.95,13,21,8,12,8,N
22009,0,1,0,0,1,1,1,0,9.51,3.0,85.59,0.01,9,0.33,4.75,28.53,3,6,3,6,0,N
19227,0,3,0,0,2,2,1,8,23.46,10.29,2485.24,0.08,52,0.1,138.07,241.48,19,33,12,13,8,N
16388,0,1,0,0,1,1,1,0,7.74,1.5,17.41,0.0,5,0.67,0.97,11.61,2,3,2,3,0,N
23173,0,1,0,0,1,1,1,2,8.98,2.5,56.15,0.01,8,0.4,3.12,22.46,2,6,2,5,2,N
23139,0,1,0,0,1,1,1,0,5.33,1.5,12.0,0.0,4,0.67,0.67,8.0,1,3,1,3,0,N
15158,0,1,0,0,1,1,1,0,5.33,1.5,12.0,0.0,4,0.67,0.67,8.0,1,3,1,3,0,N
16597,2,23,9,6,17,15,7,43,34.14,30.0,30723.65,0.34,172,0.03,1706.87,1024.11,64,108,32,30,52,N
21904,0,1,0,0,1,1,1,0,7.75,2.0,31.02,0.01,6,0.5,1.72,15.51,2,4,2,4,0,N
19447,0,1,0,0,1,1,1,2,8.98,2.5,56.15,0.01,8,0.4,3.12,22.46,2,6,2,5,2,N
17271,0,1,0,0,1,1,1,0,5.33,1.5,12.0,0.0,4,0.67,0.67,8.0,1,3,1,3,0,N
19824,0,1,0,0,1,1,1,3,10.8,2.5,67.5,0.01,9,0.4,3.75,27.0,3,6,3,5,3,N
21411,7,11,0,8,1,1,1,39,62.91,15.83,15770.0,0.33,166,0.06,876.11,996.0,75,91,45,19,39,N
19790,0,1,0,0,1,1,1,0,10.0,1.0,10.0,0.0,5,1.0,0.56,10.0,2,3,2,2,0,N
21770,0,1,0,0,1,1,1,0,7.86,2.5,49.13,0.01,7,0.4,2.73,19.65,2,5,2,5,0,N
23077,0,1,0,0,1,1,1,0,5.33,1.5,12.0,0.0,4,0.67,0.67,8.0,1,3,1,3,0,N
14140,2,1,0,3,1,1,1,7,20.08,5.5,607.27,0.04,29,0.18,33.74,110.41,11,18,7,7,7,N
21109,0,1,0,0,1,1,1,2,7.74,1.5,17.41,0.0,5,0.67,0.97,11.61,2,3,2,3,2,N
14113,18,18,15,27,1,1,1,67,28.6,47.67,64981.35,0.45,238,0.02,3610.07,1363.25,99,139,27,26,82,N
16342,0,1,0,0,1,1,1,0,5.33,1.5,12.0,0.0,4,0.67,0.67,8.0,1,3,1,3,0,N
22664,0,1,0,0,1,1,1,0,7.74,1.5,17.41,0.0,5,0.67,0.97,11.61,2,3,2,3,0,N
20586,0,1,0,0,1,1,1,0,0.0,0.0,0.0,0.0,1,0.0,0.0,0.0,0,1,0,1,0,N
22433,1,3,0,0,2,1,1,10,17.28,5.79,578.57,0.03,25,0.17,32.14,100.0,9,16,7,9,10,N
18989,3,1,0,0,1,1,1,2,7.75,2.0,31.02,0.01,6,0.5,1.72,15.51,2,4,2,4,2,N
19395,0,1,0,0,1,1,1,0,6.2,2.5,38.77,0.01,6,0.4,2.15,15.51,1,5,1,5,0,N
22689,11,1,0,10,1,1,1,9,86.0,1.6,220.17,0.05,33,0.63,12.23,137.61,16,17,15,3,9,N
20305,0,1,0,0,1,1,1,0,5.8,2.0,23.22,0.0,5,0.5,1.29,11.61,1,4,1,4,0,N
17520,0,1,0,0,1,1,1,0,5.33,1.5,12.0,0.0,4,0.67,0.67,8.0,1,3,1,3,0,N
16440,0,1,0,0,1,1,1,9,39.65,5.25,1092.78,0.07,49,0.19,60.71,208.15,18,31,12,7,9,N
20496,0,1,0,0,1,1,1,0,5.33,1.5,12.0,0.0,4,0.67,0.67,8.0,1,3,1,3,0,N
21319,0,1,0,0,1,1,1,3,11.58,2.67,82.35,0.01,11,0.38,4.57,30.88,4,7,3,4,3,N
16585,2,3,2,0,2,1,1,9,12.13,11.0,1467.81,0.04,32,0.09,81.55,133.44,11,21,6,12,11,N
16796,0,1,0,0,1,1,1,0,7.74,1.5,17.41,0.0,5,0.67,0.97,11.61,2,3,2,3,0,N
20021,2,3,0,0,2,1,1,14,12.34,17.5,3780.0,0.07,54,0.06,210.0,216.0,21,33,6,10,14,N
22760,3,1,0,0,1,1,1,11,17.95,12.78,2931.07,0.08,54,0.08,162.84,229.39,23,31,9,10,11,N
22093,2,3,2,2,2,1,1,5,27.78,3.6,360.0,0.03,25,0.28,20.0,100.0,12,13,10,6,7,N
15216,0,1,0,0,1,1,1,0,0.0,0.0,0.0,0.0,1,0.0,0.0,0.0,0,1,0,1,0,N
23288,0,1,0,0,1,1,1,0,5.33,1.5,12.0,0.0,4,0.67,0.67,8.0,1,3,1,3,0,N
20488,0,3,0,0,2,2,1,4,13.67,6.0,492.27,0.03,21,0.17,27.35,82.04,6,15,5,10,4,N
21533,0,1,0,0,1,1,1,0,7.75,2.0,31.02,0.01,6,0.5,1.72,15.51,2,4,2,4,0,N
22794,0,1,0,0,1,1,1,0,5.8,2.0,23.22,0.0,5,0.5,1.29,11.61,1,4,1,4,0,N
18801,8,11,1,8,6,1,1,30,55.91,9.9,5485.35,0.18,114,0.1,304.74,553.81,52,62,21,8,31,N
19567,0,3,0,0,2,1,1,0,7.75,2.0,31.02,0.01,6,0.5,1.72,15.51,2,4,2,4,0,N
19828,0,1,0,0,1,1,1,6,13.45,5.4,392.3,0.02,21,0.19,21.79,72.65,9,12,5,6,6,N
20784,8,7,0,5,4,3,1,22,19.25,27.0,14034.71,0.17,107,0.04,779.71,519.79,33,74,11,18,22,N
17862,0,1,0,0,1,1,1,0,5.33,1.5,12.0,0.0,4,0.67,0.67,8.0,1,3,1,3,0,N
16293,0,1,0,0,1,1,1,0,5.33,1.5,12.0,0.0,4,0.67,0.67,8.0,1,3,1,3,0,N
19148,0,1,0,0,1,1,1,3,9.51,3.0,85.59,0.01,9,0.33,4.75,28.53,3,6,3,6,3,N
16404,0,1,0,0,1,1,1,2,7.81,9.0,632.78,0.02,19,0.11,35.15,70.31,8,11,4,9,2,N
19467,0,1,0,0,1,1,1,0,9.51,3.0,85.59,0.01,9,0.33,4.75,28.53,3,6,3,6,0,N
21149,2,5,2,0,3,2,3,13,55.64,8.25,3787.08,0.15,91,0.12,210.39,459.04,44,47,24,9,15,N
21234,3,13,0,3,7,3,4,51,21.8,47.14,48447.18,0.34,202,0.02,2691.51,1027.67,66,136,14,20,51,N
22908,0,1,0,5,1,1,1,8,42.46,4.07,703.86,0.06,40,0.25,39.1,172.88,19,21,14,6,8,N
18161,6,43,1,17,22,10,13,52,45.12,30.48,41924.98,0.46,249,0.03,2329.17,1375.37,104,145,29,17,53,Y
16040,0,1,0,0,1,1,1,0,7.74,1.5,17.41,0.0,5,0.67,0.97,11.61,2,3,2,3,0,N
22575,1,5,0,3,3,3,1,19,19.07,10.91,2270.01,0.07,46,0.09,126.11,208.08,20,26,11,12,19,N
22397,0,1,0,0,1,1,1,0,7.75,2.0,31.02,0.01,6,0.5,1.72,15.51,2,4,2,4,0,N
23147,0,1,0,0,1,1,1,0,7.75,2.0,31.02,0.01,6,0.5,1.72,15.51,2,4,2,4,0,N
18438,0,3,0,0,2,2,1,0,7.86,2.5,49.13,0.01,7,0.4,2.73,19.65,2,5,2,5,0,N
14496,0,1,0,0,1,1,1,0,5.33,1.5,12.0,0.0,4,0.67,0.67,8.0,1,3,1,3,0,N
14353,9,9,2,6,5,5,1,29,75.92,12.5,11863.1,0.32,176,0.08,659.06,949.05,80,96,32,10,31,N
15977,0,1,0,0,1,1,1,2,7.35,8.0,470.48,0.02,17,0.13,26.14,58.81,6,11,3,8,2,N
14668,4,3,6,0,2,1,1,9,28.48,8.64,2127.22,0.08,53,0.12,118.18,246.12,22,31,14,11,15,N
22097,0,1,0,0,1,1,1,0,5.33,1.5,12.0,0.0,4,0.67,0.67,8.0,1,3,1,3,0,N
17990,10,23,4,16,12,11,11,40,57.78,27.64,44151.48,0.53,283,0.04,2452.86,1597.21,129,154,35,15,44,N
20215,0,1,0,0,1,1,1,0,0.0,0.0,0.0,0.0,0,0.0,0.0,0.0,0,0,0,0,0,N
19734,3,1,0,0,1,1,1,2,7.75,2.0,31.02,0.01,6,0.5,1.72,15.51,2,4,2,4,2,N
19851,4,15,0,0,1,1,1,16,21.5,25.33,13797.14,0.18,101,0.04,766.51,544.62,38,63,18,24,16,N
17691,0,3,0,0,2,1,1,0,7.75,2.0,31.02,0.01,6,0.5,1.72,15.51,2,4,2,4,0,N
14912,0,1,0,0,1,1,1,2,7.74,1.5,17.41,0.0,5,0.67,0.97,11.61,2,3,2,3,2,N
18669,0,1,0,0,1,1,1,0,7.74,1.5,17.41,0.0,5,0.67,0.97,11.61,2,3,2,3,0,N
20724,20,21,4,16,11,10,11,36,57.99,23.06,30850.19,0.45,245,0.04,1713.9,1337.56,110,135,31,13,40,N
14214,7,1,5,6,1,1,1,14,46.18,8.5,3336.69,0.13,80,0.12,185.37,392.55,34,46,20,10,19,N
16670,13,5,2,4,3,2,3,39,55.48,19.5,21096.95,0.36,197,0.05,1172.05,1081.9,96,101,32,13,41,Y
15450,0,1,0,0,1,1,1,0,7.74,1.5,17.41,0.0,5,0.67,0.97,11.61,2,3,2,3,0,N
17747,0,1,0,0,1,1,1,0,7.86,2.5,49.13,0.01,7,0.4,2.73,19.65,2,5,2,5,0,N
22369,0,1,0,0,1,1,1,0,7.75,2.0,31.02,0.01,6,0.5,1.72,15.51,2,4,2,4,0,N
23439,0,1,0,0,1,1,1,0,5.33,1.5,12.0,0.0,4,0.67,0.67,8.0,1,3,1,3,0,N
18814,0,1,0,0,1,1,1,3,10.38,4.0,166.05,0.01,12,0.25,9.23,41.51,3,9,3,8,3,N
17881,0,1,0,0,1,1,1,0,7.75,2.0,31.02,0.01,6,0.5,1.72,15.51,2,4,2,4,0,N
15211,0,1,0,0,1,1,1,0,0.0,0.0,0.0,0.0,1,0.0,0.0,0.0,0,1,0,1,0,N
16330,0,1,0,0,1,1,1,0,5.33,1.5,12.0,0.0,4,0.67,0.67,8.0,1,3,1,3,0,N
22755,9,27,0,10,14,14,1,39,30.28,31.32,29698.21,0.32,188,0.03,1649.9,948.35,85,103,19,14,39,N
15860,0,1,0,0,1,1,1,0,5.33,1.5,12.0,0.0,4,0.67,0.67,8.0,1,3,1,3,0,N
18011,2,9,1,0,5,5,5,15,36.36,10.21,3793.43,0.12,73,0.1,210.75,371.38,33,40,21,13,16,N
21088,6,6,0,3,1,1,1,21,19.91,14.4,4128.87,0.1,61,0.07,229.38,286.73,18,43,10,16,21,N
18719,0,1,0,0,1,1,1,2,8.98,2.5,56.15,0.01,8,0.4,3.12,22.46,2,6,2,5,2,N
14532,0,1,0,0,1,1,1,0,7.86,2.5,49.13,0.01,7,0.4,2.73,19.65,2,5,2,5,0,N
20188,0,1,0,0,1,1,1,0,10.68,4.67,232.53,0.02,15,0.21,12.92,49.83,4,11,3,7,0,N
23107,0,1,0,0,1,1,1,0,7.75,2.0,31.02,0.01,6,0.5,1.72,15.51,2,4,2,4,0,N
15021,0,1,1,0,1,1,1,1,7.74,1.5,17.41,0.0,5,0.67,0.97,11.61,2,3,2,3,2,N
17773,0,5,0,0,3,2,1,7,11.89,13.13,2048.55,0.05,35,0.08,113.81,156.08,15,20,8,14,7,N
15409,0,1,0,0,1,1,1,0,5.33,1.5,12.0,0.0,4,0.67,0.67,8.0,1,3,1,3,0,N
18701,0,1,0,0,1,1,1,0,0.0,0.0,0.0,0.0,0,0.0,0.0,0.0,0,0,0,0,0,N
20359,0,1,0,0,1,1,1,0,8.3,6.0,298.97,0.02,15,0.17,16.61,49.83,3,12,2,8,0,N
19998,0,3,0,0,2,2,1,8,11.56,6.4,473.66,0.02,20,0.16,26.31,74.01,8,12,5,8,8,N
20007,1,5,0,1,3,3,3,8,14.72,5.6,461.74,0.03,23,0.18,25.65,82.45,8,15,5,7,8,N
20113,0,1,0,0,1,1,1,4,9.47,2.67,67.38,0.01,9,0.38,3.74,25.27,4,5,3,4,4,N
14514,0,1,0,0,1,1,1,0,7.75,2.0,31.02,0.01,6,0.5,1.72,15.51,2,4,2,4,0,N
15675,0,1,0,0,1,1,1,0,7.86,2.5,49.13,0.01,7,0.4,2.73,19.65,2,5,2,5,0,N
16311,0,1,0,0,1,1,1,0,7.74,1.5,17.41,0.0,5,0.67,0.97,11.61,2,3,2,3,0,N
14712,3,1,0,0,1,1,1,2,7.74,1.5,17.41,0.0,5,0.67,0.97,11.61,2,3,2,3,2,N
23369,1,3,0,0,2,1,1,8,15.07,9.75,1432.72,0.05,34,0.1,79.6,146.95,13,21,8,12,8,N
17903,0,1,0,0,1,1,1,0,7.75,2.0,31.02,0.01,6,0.5,1.72,15.51,2,4,2,4,0,N
22965,0,1,2,0,1,1,1,2,21.67,1.8,70.2,0.01,13,0.56,3.9,39.0,6,7,5,3,4,N
20217,0,1,0,0,1,1,1,0,0.0,0.0,0.0,0.0,0,0.0,0.0,0.0,0,0,0,0,0,N
21162,11,1,0,19,1,1,1,6,34.06,2.0,136.23,0.02,19,0.5,7.57,68.11,8,11,8,4,6,N
22633,0,1,0,0,1,1,1,0,5.8,2.0,23.22,0.0,5,0.5,1.29,11.61,1,4,1,4,0,N
20417,0,1,0,0,1,1,1,0,0.0,0.0,0.0,0.0,0,0.0,0.0,0.0,0,0,0,0,0,N
21574,0,3,0,0,2,2,1,4,21.5,7.15,1099.18,0.05,35,0.14,61.07,153.73,13,22,10,11,4,N
16031,0,1,0,0,1,1,1,0,5.33,1.5,12.0,0.0,4,0.67,0.67,8.0,1,3,1,3,0,N
15143,0,1,2,0,1,1,1,1,13.5,2.0,54.0,0.01,9,0.5,3.0,27.0,4,5,4,4,3,N
14228,3,5,5,0,3,1,1,6,13.67,11.43,1786.01,0.05,40,0.09,99.22,156.28,20,20,7,8,11,N
16368,0,1,0,0,1,1,1,0,7.86,2.5,49.13,0.01,7,0.4,2.73,19.65,2,5,2,5,0,N
23131,0,1,0,0,1,1,1,0,5.33,1.5,12.0,0.0,4,0.67,0.67,8.0,1,3,1,3,0,N
18651,0,1,0,0,1,1,1,0,6.55,3.0,58.95,0.01,7,0.33,3.28,19.65,1,6,1,6,0,N
15162,0,1,0,0,1,1,1,0,5.33,1.5,12.0,0.0,4,0.67,0.67,8.0,1,3,1,3,0,N
20122,0,1,0,0,1,1,1,0,6.55,3.0,58.95,0.01,7,0.33,3.28,19.65,1,6,1,6,0,N
17013,0,1,0,0,1,1,1,0,5.33,1.5,12.0,0.0,4,0.67,0.67,8.0,1,3,1,3,0,N
14796,1,1,0,0,1,1,1,2,7.74,1.5,17.41,0.0,5,0.67,0.97,11.61,2,3,2,3,2,N
18457,0,3,0,0,2,1,1,3,5.07,8.75,388.32,0.01,14,0.11,21.57,44.38,5,9,2,7,3,N
15003,1,3,2,0,2,1,1,2,8.72,4.0,139.48,0.01,11,0.25,7.75,34.87,4,7,3,6,4,N
16982,0,1,0,0,1,1,1,0,0.0,0.0,0.0,0.0,1,0.0,0.0,0.0,0,1,0,1,0,N
21042,4,1,6,0,1,1,1,5,31.76,6.79,1462.28,0.07,47,0.15,81.24,215.49,19,28,14,10,11,N
14968,0,1,0,0,1,1,1,2,7.74,1.5,17.41,0.0,5,0.67,0.97,11.61,2,3,2,3,2,N
17320,0,1,0,0,1,1,1,0,0.0,0.0,0.0,0.0,0,0.0,0.0,0.0,0,0,0,0,0,N
16399,0,1,0,0,1,1,1,0,0.0,0.0,0.0,0.0,1,0.0,0.0,0.0,0,1,0,1,0,N
22124,1,5,0,0,3,3,1,13,17.24,7.5,969.51,0.04,31,0.13,53.86,129.27,12,19,8,10,13,N
20803,4,27,0,17,14,7,7,46,41.77,50.94,108403.19,0.71,381,0.02,6022.4,2127.87,131,250,27,21,46,N
22023,18,5,1,0,3,3,1,15,29.96,8.57,2200.78,0.09,56,0.12,122.27,256.76,24,32,14,10,16,N
19111,0,3,0,0,2,2,1,3,14.28,4.0,228.44,0.02,15,0.25,12.69,57.11,6,9,6,8,3,N
18209,2,3,0,1,2,2,1,9,12.73,6.75,580.17,0.03,22,0.15,32.22,85.95,9,13,6,9,9,N
22822,0,1,0,0,1,1,1,0,8.3,6.0,298.97,0.02,15,0.17,16.61,49.83,3,12,2,8,0,N
15788,0,1,0,0,1,1,1,0,5.33,1.5,12.0,0.0,4,0.67,0.67,8.0,1,3,1,3,0,N
15771,0,1,0,0,1,1,1,0,7.75,2.0,31.02,0.01,6,0.5,1.72,15.51,2,4,2,4,0,N
23246,0,1,0,0,1,1,1,3,9.51,3.0,85.59,0.01,9,0.33,4.75,28.53,3,6,3,6,3,N
23114,0,1,0,0,1,1,1,0,8.3,6.0,298.97,0.02,15,0.17,16.61,49.83,3,12,2,8,0,N
23510,1,1,0,4,1,1,1,4,21.67,1.8,70.2,0.01,13,0.56,3.9,39.0,6,7,5,3,4,N
21797,0,3,0,0,2,2,1,4,21.5,7.15,1099.18,0.05,35,0.14,61.07,153.73,13,22,10,11,4,N
17904,5,7,1,10,4,4,1,18,51.33,9.55,4677.27,0.16,98,0.1,259.85,490.0,42,56,22,10,19,N
20372,0,3,0,0,2,2,1,4,13.67,6.0,492.27,0.03,21,0.17,27.35,82.04,6,15,5,10,4,N
17421,0,1,0,0,1,1,1,0,0.0,0.0,0.0,0.0,1,0.0,0.0,0.0,0,1,0,1,0,N
23083,0,1,0,0,1,1,1,0,0.0,0.0,0.0,0.0,0,0.0,0.0,0.0,0,0,0,0,0,N
15058,0,1,2,0,1,1,1,1,10.84,1.5,24.38,0.01,7,0.67,1.35,16.25,2,5,2,3,3,N
15894,0,1,0,0,1,1,1,2,5.33,1.5,12.0,0.0,4,0.67,0.67,8.0,1,3,1,3,2,N
18644,0,1,0,0,1,1,1,2,5.33,1.5,12.0,0.0,4,0.67,0.67,8.0,1,3,1,3,2,N
14660,0,1,3,0,1,1,1,1,16.21,2.25,82.12,0.01,13,0.44,4.56,36.5,6,7,4,3,4,N
23308,0,3,0,0,2,2,1,8,23.46,10.29,2485.24,0.08,52,0.1,138.07,241.48,19,33,12,13,8,N
19150,0,3,0,0,2,2,1,4,10.88,5.6,341.29,0.02,17,0.18,18.96,60.94,8,9,5,7,4,N
21000,0,1,0,0,1,1,1,2,7.74,1.5,17.41,0.0,5,0.67,0.97,11.61,2,3,2,3,2,N
21608,0,1,0,0,1,1,1,0,7.75,2.0,31.02,0.01,6,0.5,1.72,15.51,2,4,2,4,0,N
23087,0,1,0,0,1,1,1,0,0.0,0.0,0.0,0.0,0,0.0,0.0,0.0,0,0,0,0,0,N
23506,1,1,0,4,1,1,1,4,21.67,1.8,70.2,0.01,13,0.56,3.9,39.0,6,7,5,3,4,N
19556,0,1,0,0,1,1,1,0,5.33,1.5,12.0,0.0,4,0.67,0.67,8.0,1,3,1,3,0,N
20951,0,7,1,1,4,4,1,7,28.43,11.45,3730.7,0.11,72,0.09,207.26,325.7,21,51,11,12,8,N
21575,0,3,0,0,2,2,1,8,23.46,10.29,2485.24,0.08,52,0.1,138.07,241.48,19,33,12,13,8,N
19587,0,1,0,0,1,1,1,2,5.33,1.5,12.0,0.0,4,0.67,0.67,8.0,1,3,1,3,2,N
23449,0,1,0,0,1,1,1,0,7.74,1.5,17.41,0.0,5,0.67,0.97,11.61,2,3,2,3,0,N
22463,0,3,0,0,2,2,1,0,7.86,2.5,49.13,0.01,7,0.4,2.73,19.65,2,5,2,5,0,N
19626,0,1,0,0,1,1,1,0,5.33,1.5,12.0,0.0,4,0.67,0.67,8.0,1,3,1,3,0,N
17630,0,9,0,0,5,1,1,18,6.16,28.5,5006.4,0.06,49,0.04,278.13,175.66,19,30,3,9,18,N
15468,0,1,0,0,1,1,1,0,0.0,0.0,0.0,0.0,3,0.0,0.0,4.75,0,3,0,3,0,N
14337,0,1,0,0,1,1,1,0,12.68,2.5,79.25,0.01,10,0.4,4.4,31.7,4,6,4,5,0,N
17620,0,1,0,0,1,1,1,0,0.0,0.0,0.0,0.0,1,0.0,0.0,0.0,0,1,0,1,0,N
20846,1,3,0,3,2,1,1,13,18.83,17.73,5916.14,0.11,71,0.06,328.67,333.73,26,45,11,15,13,N
17142,0,3,0,0,2,1,1,0,0.0,0.0,0.0,0.0,0,0.0,0.0,0.0,0,0,0,0,0,N
19098,1,9,0,0,5,3,3,12,17.46,16.55,4779.2,0.1,63,0.06,265.51,288.85,28,35,11,13,12,N
21742,0,3,0,0,2,1,1,0,7.75,2.0,31.02,0.01,6,0.5,1.72,15.51,2,4,2,4,0,N
17937,0,1,0,0,1,1,1,3,11.23,2.0,44.92,0.01,8,0.5,2.5,22.46,3,5,3,4,3,N
22890,4,9,0,0,5,2,4,9,21.19,11.69,2896.85,0.08,51,0.09,160.94,247.76,19,32,13,16,9,N
16473,0,1,1,0,1,1,1,6,34.58,2.89,288.63,0.03,27,0.35,16.04,99.91,13,14,9,4,7,N
20347,0,1,0,0,1,1,1,2,5.33,1.5,12.0,0.0,4,0.67,0.67,8.0,1,3,1,3,2,N
21917,0,1,0,0,1,1,1,0,7.75,2.0,31.02,0.01,6,0.5,1.72,15.51,2,4,2,4,0,N
17784,0,1,0,0,1,1,1,0,0.0,0.0,0.0,0.0,1,0.0,0.0,0.0,0,1,0,1,0,N
14319,0,1,0,0,1,1,1,0,7.75,2.0,31.02,0.01,6,0.5,1.72,15.51,2,4,2,4,0,N
15667,0,1,0,0,1,1,1,0,5.33,1.5,12.0,0.0,4,0.67,0.67,8.0,1,3,1,3,0,N
23238,0,3,0,0,2,2,1,4,13.67,6.0,492.27,0.03,21,0.17,27.35,82.04,6,15,5,10,4,N
15602,1,7,0,0,4,2,1,9,10.57,12.86,1747.72,0.05,32,0.08,97.1,135.93,15,17,7,12,9,N
21402,0,1,0,0,1,1,1,6,23.69,4.5,479.73,0.04,28,0.22,26.65,106.61,12,16,8,6,6,N
14996,1,3,2,0,2,1,1,2,8.72,4.0,139.48,0.01,11,0.25,7.75,34.87,4,7,3,6,4,N
22934,1,5,4,1,3,2,1,6,20.54,4.38,393.13,0.03,23,0.23,21.84,89.86,10,13,8,7,10,N
18437,0,3,0,0,2,2,1,0,7.75,2.0,31.02,0.01,6,0.5,1.72,15.51,2,4,2,4,0,N
14742,3,1,1,0,1,1,1,2,16.84,1.5,37.9,0.01,9,0.67,2.11,25.27,4,5,4,3,3,N
17677,0,1,0,0,1,1,1,0,7.75,2.0,31.02,0.01,6,0.5,1.72,15.51,2,4,2,4,0,N
19181,0,1,0,0,1,1,1,2,5.33,1.5,12.0,0.0,4,0.67,0.67,8.0,1,3,1,3,2,N
15983,0,1,0,0,1,1,1,0,5.33,1.5,12.0,0.0,4,0.67,0.67,8.0,1,3,1,3,0,N
21640,0,1,0,0,1,1,1,0,7.75,2.0,31.02,0.01,6,0.5,1.72,15.51,2,4,2,4,0,N
19321,0,1,0,0,1,1,1,2,5.33,1.5,12.0,0.0,4,0.67,0.67,8.0,1,3,1,3,2,N
18031,5,13,0,7,7,4,6,24,49.18,11.8,6842.92,0.19,109,0.08,380.16,580.09,49,60,27,13,24,N
20099,2,13,1,8,7,6,6,54,25.11,40.0,40181.42,0.33,184,0.03,2232.3,1004.54,80,104,22,22,55,N
19716,0,1,0,0,1,1,1,2,13.5,2.0,54.0,0.01,9,0.5,3.0,27.0,4,5,4,4,2,N
16769,0,1,0,0,1,1,1,0,7.86,2.5,49.13,0.01,7,0.4,2.73,19.65,2,5,2,5,0,N
16664,8,17,32,3,13,10,4,48,34.8,34.72,41961.57,0.4,212,0.03,2331.2,1208.49,75,137,27,25,80,N
19979,0,1,0,0,1,1,1,0,9.51,3.0,85.59,0.01,9,0.33,4.75,28.53,3,6,3,6,0,N
15854,0,1,0,0,1,1,1,0,5.33,1.5,12.0,0.0,4,0.67,0.67,8.0,1,3,1,3,0,N
17086,0,1,0,0,1,1,1,0,0.0,0.0,0.0,0.0,1,0.0,0.0,0.0,0,1,0,1,0,N
16380,0,1,0,0,1,1,1,0,7.74,1.5,17.41,0.0,5,0.67,0.97,11.61,2,3,2,3,0,N
20535,0,3,0,0,2,2,1,0,6.69,7.5,376.42,0.02,14,0.13,20.91,50.19,5,9,3,9,0,N
17763,0,1,0,0,1,1,1,0,7.74,1.5,17.41,0.0,5,0.67,0.97,11.61,2,3,2,3,0,N
14760,3,1,3,0,1,1,1,10,37.94,7.39,2073.4,0.09,62,0.14,115.19,280.46,23,39,14,9,13,N
20084,5,3,2,1,2,1,1,5,22.54,4.33,423.25,0.03,25,0.23,23.51,97.67,13,12,9,6,7,N
14685,6,15,8,2,8,3,1,15,12.99,24.0,7482.66,0.1,68,0.04,415.7,311.78,24,44,8,16,23,N
20858,3,5,0,3,3,1,1,21,27.89,28.39,22482.91,0.26,163,0.04,1249.05,791.85,53,110,14,15,21,N
17273,0,1,0,0,1,1,1,4,10.24,7.0,501.89,0.02,20,0.14,27.88,71.7,7,13,4,8,4,N
16340,0,1,0,0,1,1,1,0,5.33,1.5,12.0,0.0,4,0.67,0.67,8.0,1,3,1,3,0,N
23332,2,7,0,0,4,2,3,11,12.35,16.0,3162.47,0.07,45,0.06,175.69,197.65,16,29,7,14,11,N
18208,2,3,0,1,2,2,1,9,12.73,6.75,580.17,0.03,22,0.15,32.22,85.95,9,13,6,9,9,N
15971,0,1,0,0,1,1,1,0,5.33,1.5,12.0,0.0,4,0.67,0.67,8.0,1,3,1,3,0,N
23095,0,1,0,0,1,1,1,0,0.0,0.0,0.0,0.0,0,0.0,0.0,0.0,0,0,0,0,0,N
20926,0,1,0,1,1,1,1,1,0.0,0.0,0.0,0.0,1,0.0,0.0,0.0,0,1,0,1,1,N
14331,0,3,0,0,2,2,1,4,10.88,5.6,341.29,0.02,17,0.18,18.96,60.94,8,9,5,7,4,N
16997,0,1,0,0,1,1,1,0,5.33,1.5,12.0,0.0,4,0.67,0.67,8.0,1,3,1,3,0,N
19016,0,3,0,0,2,2,1,5,15.36,3.5,188.21,0.02,15,0.29,10.46,53.77,5,10,5,7,5,N
16895,0,1,0,0,1,1,1,0,5.33,1.5,12.0,0.0,4,0.67,0.67,8.0,1,3,1,3,0,N
17412,0,1,0,0,1,1,1,0,6.55,3.0,58.95,0.01,7,0.33,3.28,19.65,1,6,1,6,0,N
17598,2,13,1,8,7,6,6,54,25.11,40.0,40181.42,0.33,184,0.03,2232.3,1004.54,80,104,22,22,55,N
18636,0,3,0,0,2,1,1,0,7.75,2.0,31.02,0.01,6,0.5,1.72,15.51,2,4,2,4,0,N
19402,0,1,0,0,1,1,1,0,0.0,0.0,0.0,0.0,0,0.0,0.0,0.0,0,0,0,0,0,N
19296,0,1,0,0,1,1,1,0,7.75,2.0,31.02,0.01,6,0.5,1.72,15.51,2,4,2,4,0,N
16358,0,1,0,0,1,1,1,0,5.33,1.5,12.0,0.0,4,0.67,0.67,8.0,1,3,1,3,0,N
20136,2,7,0,0,4,2,3,11,12.35,16.0,3162.47,0.07,45,0.06,175.69,197.65,16,29,7,14,11,N
18727,9,29,0,3,15,7,3,22,14.84,49.11,35780.79,0.24,155,0.02,1987.82,728.57,52,103,9,17,22,N
19073,0,1,0,0,1,1,1,2,7.81,9.0,632.78,0.02,19,0.11,35.15,70.31,8,11,4,9,2,N
14557,0,1,0,0,1,1,1,0,7.75,2.0,31.02,0.01,6,0.5,1.72,15.51,2,4,2,4,0,N
16284,0,1,0,0,1,1,1,0,7.74,1.5,17.41,0.0,5,0.67,0.97,11.61,2,3,2,3,0,N
19489,0,1,0,0,1,1,1,0,7.86,2.5,49.13,0.01,7,0.4,2.73,19.65,2,5,2,5,0,N
20785,2,5,0,4,3,2,1,6,12.2,11.14,1514.69,0.05,32,0.09,84.15,135.93,13,19,7,12,6,N
16628,1,1,3,0,1,1,1,2,10.75,6.0,387.18,0.02,18,0.17,21.51,64.53,6,12,4,8,5,N
14080,0,1,0,0,1,1,1,0,0.0,0.0,0.0,0.0,0,0.0,0.0,0.0,0,0,0,0,0,N
17730,0,1,0,0,1,1,1,0,8.3,6.67,369.01,0.02,16,0.15,20.5,55.35,5,11,3,8,0,N
20484,0,1,0,0,1,1,1,0,9.51,3.0,85.59,0.01,9,0.33,4.75,28.53,3,6,3,6,0,N
22741,0,1,0,0,1,1,1,0,5.33,1.5,12.0,0.0,4,0.67,0.67,8.0,1,3,1,3,0,N
18947,0,1,0,0,1,1,1,0,9.51,3.0,85.59,0.01,9,0.33,4.75,28.53,3,6,3,6,0,N
18475,0,1,0,0,1,1,1,0,0.0,0.0,0.0,0.0,0,0.0,0.0,0.0,0,0,0,0,0,N
19619,0,1,0,0,1,1,1,0,5.33,1.5,12.0,0.0,4,0.67,0.67,8.0,1,3,1,3,0,N
19370,0,1,0,0,1,1,1,0,7.86,2.5,49.13,0.01,7,0.4,2.73,19.65,2,5,2,5,0,N
16499,0,1,0,0,1,1,1,0,5.33,1.5,12.0,0.0,4,0.67,0.67,8.0,1,3,1,3,0,N
15887,0,1,0,0,1,1,1,0,7.86,2.5,49.13,0.01,7,0.4,2.73,19.65,2,5,2,5,0,N
23183,0,1,0,0,1,1,1,3,12.0,2.5,75.0,0.01,10,0.4,4.17,30.0,3,7,3,5,3,N
16347,0,1,0,0,1,1,1,0,5.33,1.5,12.0,0.0,4,0.67,0.67,8.0,1,3,1,3,0,N
15084,4,5,0,1,3,3,1,18,28.22,8.25,1920.54,0.08,53,0.12,106.7,232.79,22,31,12,9,18,N
21414,0,1,0,0,1,1,1,0,7.74,1.5,17.41,0.0,5,0.67,0.97,11.61,2,3,2,3,0,N
15140,6,7,11,1,4,3,1,14,34.23,10.32,3642.58,0.12,70,0.1,202.37,353.11,28,42,19,14,25,N
16064,0,1,0,0,1,1,1,0,7.74,1.5,17.41,0.0,5,0.67,0.97,11.61,2,3,2,3,0,N
18043,2,5,0,1,3,2,1,8,19.08,6.5,806.0,0.04,31,0.15,44.78,124.0,13,18,8,8,8,N
22654,0,1,0,0,1,1,1,2,5.33,1.5,12.0,0.0,4,0.67,0.67,8.0,1,3,1,3,2,N
19952,0,1,0,0,1,1,1,0,7.75,2.0,31.02,0.01,6,0.5,1.72,15.51,2,4,2,4,0,N
22054,5,5,6,0,3,3,1,8,30.59,3.75,430.18,0.04,31,0.27,23.9,114.71,12,19,8,5,14,N
18615,0,5,0,0,3,1,1,4,13.84,5.25,381.4,0.02,21,0.19,21.19,72.65,6,15,4,7,4,N
22898,0,1,0,3,1,1,1,5,17.9,9.1,1481.92,0.05,36,0.11,82.33,162.85,14,22,10,13,5,N
17940,5,11,0,5,6,5,6,20,42.08,11.3,5376.72,0.16,92,0.09,298.71,475.63,40,52,23,13,20,N
22985,0,1,0,0,1,1,1,0,5.33,1.5,12.0,0.0,4,0.67,0.67,8.0,1,3,1,3,0,N
17121,0,1,0,0,1,1,1,0,7.74,1.5,17.41,0.0,5,0.67,0.97,11.61,2,3,2,3,0,N
14854,1,1,0,0,1,1,1,2,7.74,1.5,17.41,0.0,5,0.67,0.97,11.61,2,3,2,3,2,N
16748,0,1,0,0,1,1,1,0,5.33,1.5,12.0,0.0,4,0.67,0.67,8.0,1,3,1,3,0,N
15822,0,1,0,0,1,1,1,0,5.33,1.5,12.0,0.0,4,0.67,0.67,8.0,1,3,1,3,0,N
22145,3,1,0,0,1,1,1,2,7.75,2.0,31.02,0.01,6,0.5,1.72,15.51,2,4,2,4,2,N
21899,0,1,0,0,1,1,1,0,9.6,2.5,60.0,0.01,8,0.4,3.33,24.0,3,5,3,5,0,N
16864,0,1,0,0,1,1,1,0,5.33,1.5,12.0,0.0,4,0.67,0.67,8.0,1,3,1,3,0,N
20592,0,1,0,0,1,1,1,0,0.0,0.0,0.0,0.0,0,0.0,0.0,0.0,0,0,0,0,0,N
19847,0,1,0,0,1,1,1,0,0.0,0.0,0.0,0.0,0,0.0,0.0,0.0,0,0,0,0,0,N
20430,0,1,0,0,1,1,1,0,8.3,6.0,298.97,0.02,15,0.17,16.61,49.83,3,12,2,8,0,N
19052,0,1,0,0,1,1,1,0,5.33,1.5,12.0,0.0,4,0.67,0.67,8.0,1,3,1,3,0,N
22375,0,1,0,0,1,1,1,0,5.33,1.5,12.0,0.0,4,0.67,0.67,8.0,1,3,1,3,0,N
15164,0,1,0,0,1,1,1,0,7.74,1.5,17.41,0.0,5,0.67,0.97,11.61,2,3,2,3,0,N
20599,0,1,0,0,1,1,1,0,7.75,2.0,31.02,0.01,6,0.5,1.72,15.51,2,4,2,4,0,N
21570,0,3,0,1,2,1,1,3,10.71,4.2,188.88,0.01,13,0.24,10.49,44.97,7,6,5,6,3,N
18700,0,1,0,0,1,1,1,0,0.0,0.0,0.0,0.0,1,0.0,0.0,0.0,0,1,0,1,0,N
16397,0,1,0,0,1,1,1,0,5.33,1.5,12.0,0.0,4,0.67,0.67,8.0,1,3,1,3,0,N
22559,0,1,0,0,1,1,1,0,7.75,2.0,31.02,0.01,6,0.5,1.72,15.51,2,4,2,4,0,N
19128,0,3,0,0,2,2,1,4,11.18,5.63,353.85,0.02,17,0.18,19.66,62.91,5,12,4,9,4,N
16681,13,5,2,4,3,2,3,39,55.48,19.5,21096.95,0.36,197,0.05,1172.05,1081.9,96,101,32,13,41,Y
23468,0,1,0,0,1,1,1,0,7.74,1.5,17.41,0.0,5,0.67,0.97,11.61,2,3,2,3,0,N
16363,0,1,0,0,1,1,1,0,7.74,1.5,17.41,0.0,5,0.67,0.97,11.61,2,3,2,3,0,N
15800,0,1,0,0,1,1,1,0,7.74,1.5,17.41,0.0,5,0.67,0.97,11.61,2,3,2,3,0,N
14683,3,7,3,1,4,2,3,7,14.33,7.86,884.62,0.04,27,0.13,49.15,112.59,10,17,7,11,10,N
18739,0,16,31,0,15,1,1,50,41.55,38.0,59998.29,0.53,247,0.03,3333.24,1578.9,92,155,46,38,81,N
21222,0,1,0,0,1,1,1,3,10.57,3.0,95.1,0.01,10,0.33,5.28,31.7,3,7,3,6,3,N
21700,2,7,0,0,4,2,3,11,12.35,16.0,3162.47,0.07,45,0.06,175.69,197.65,16,29,7,14,11,N
14416,0,1,0,0,1,1,1,0,0.0,0.0,0.0,0.0,0,0.0,0.0,0.0,0,0,0,0,0,N
21661,0,1,0,0,1,1,1,0,7.86,2.5,49.13,0.01,7,0.4,2.73,19.65,2,5,2,5,0,N
22383,0,3,0,0,2,2,1,10,22.09,9.0,1789.28,0.07,46,0.11,99.4,198.81,22,24,11,9,10,N
17823,0,1,0,0,1,1,1,0,12.68,2.5,79.25,0.01,10,0.4,4.4,31.7,4,6,4,5,0,N
21842,0,1,0,0,1,1,1,2,13.5,2.0,54.0,0.01,9,0.5,3.0,27.0,4,5,4,4,2,N
22880,2,17,0,0,9,7,3,19,29.84,17.41,9046.68,0.17,103,0.06,502.59,519.57,37,66,17,16,19,N
20072,0,1,0,0,1,1,1,0,0.0,0.0,0.0,0.0,1,0.0,0.0,0.0,0,1,0,1,0,N
17288,0,3,0,0,2,2,1,0,6.69,7.5,376.42,0.02,14,0.13,20.91,50.19,5,9,3,9,0,N
14170,0,1,1,0,1,1,1,1,10.44,3.5,127.89,0.01,11,0.29,7.11,36.54,3,8,3,7,2,N
20878,1,9,0,6,5,4,4,10,9.32,19.6,3580.15,0.06,43,0.05,198.9,182.66,14,29,5,14,10,N
19249,0,1,0,0,1,1,1,2,13.5,2.0,54.0,0.01,9,0.5,3.0,27.0,4,5,4,4,2,N
20238,0,1,0,0,1,1,1,1,0.0,0.0,0.0,0.0,1,0.0,0.0,0.0,0,1,0,1,1,N
15610,0,1,0,0,1,1,1,2,7.81,9.0,632.78,0.02,19,0.11,35.15,70.31,8,11,4,9,2,N
17661,0,1,0,0,1,1,1,3,9.51,3.0,85.59,0.01,9,0.33,4.75,28.53,3,6,3,6,3,N
20653,0,1,0,0,1,1,1,0,5.33,1.5,12.0,0.0,4,0.67,0.67,8.0,1,3,1,3,0,N
17721,0,1,0,0,1,1,1,0,9.51,3.0,85.59,0.01,9,0.33,4.75,28.53,3,6,3,6,0,N
16730,0,3,0,0,2,2,1,3,7.75,2.0,31.02,0.01,6,0.5,1.72,15.51,2,4,2,4,3,N
20776,8,13,0,10,7,2,1,34,24.46,36.42,32440.57,0.3,171,0.03,1802.25,890.82,69,102,18,19,34,N
15590,0,1,0,0,1,1,1,0,7.74,1.5,17.41,0.0,5,0.67,0.97,11.61,2,3,2,3,0,N
19134,0,1,0,0,1,1,1,0,0.0,0.0,0.0,0.0,0,0.0,0.0,0.0,0,0,0,0,0,N
22921,1,5,4,1,3,2,1,6,20.54,4.38,393.13,0.03,23,0.23,21.84,89.86,10,13,8,7,10,N
18697,0,1,0,0,1,1,1,0,5.33,1.5,12.0,0.0,4,0.67,0.67,8.0,1,3,1,3,0,N
18345,8,7,0,76,4,4,1,35,19.16,70.7,95764.59,0.45,262,0.01,5320.25,1354.52,101,161,15,21,35,N
17742,0,3,0,0,2,2,1,0,6.69,7.5,376.42,0.02,14,0.13,20.91,50.19,5,9,3,9,0,N
19873,0,3,0,0,2,2,1,4,11.99,6.67,533.03,0.03,21,0.15,29.61,79.95,10,11,6,8,4,N
16163,0,3,0,0,2,2,1,0,6.69,7.5,376.42,0.02,14,0.13,20.91,50.19,5,9,3,9,0,N
20244,0,1,0,0,1,1,1,1,0.0,0.0,0.0,0.0,1,0.0,0.0,0.0,0,1,0,1,1,N
14645,3,1,2,0,1,1,1,9,35.81,10.5,3947.65,0.13,82,0.1,219.31,375.97,35,47,15,9,11,N
23123,0,1,0,0,1,1,1,0,5.33,1.5,12.0,0.0,4,0.67,0.67,8.0,1,3,1,3,0,N
18761,1,1,0,0,1,1,1,5,16.51,4.8,380.39,0.03,25,0.21,21.13,79.25,12,13,5,4,5,N
22655,0,1,0,0,1,1,1,0,5.33,1.5,12.0,0.0,4,0.67,0.67,8.0,1,3,1,3,0,N
17135,0,3,0,0,2,1,1,0,0.0,0.0,0.0,0.0,0,0.0,0.0,0.0,0,0,0,0,0,N
20938,1,3,0,1,2,1,1,6,14.38,4.5,291.26,0.02,17,0.22,16.18,64.73,5,12,5,9,6,N
20543,0,3,0,0,2,2,1,3,14.28,4.0,228.44,0.02,15,0.25,12.69,57.11,6,9,6,8,3,N
21930,0,3,0,0,2,1,1,0,7.75,2.0,31.02,0.01,6,0.5,1.72,15.51,2,4,2,4,0,N
21111,22,1,12,88,1,1,1,10,107.19,4.0,1715.09,0.14,85,0.25,95.28,428.77,36,49,27,6,22,Y
20377,0,1,0,0,1,1,1,0,8.3,6.67,369.01,0.02,16,0.15,20.5,55.35,5,11,3,8,0,N
22889,6,7,0,0,4,3,1,10,18.66,14.68,4023.1,0.09,57,0.07,223.51,274.02,19,38,11,17,10,N
21334,0,1,0,0,1,1,1,6,22.64,7.0,1109.2,0.05,38,0.14,61.62,158.46,14,24,9,9,6,N
18552,2,5,0,1,3,2,1,23,19.78,20.04,7940.87,0.13,80,0.05,441.16,396.34,33,47,14,17,23,N
19021,0,1,0,0,1,1,1,0,7.75,2.0,31.02,0.01,6,0.5,1.72,15.51,2,4,2,4,0,N
20049,6,20,18,2,14,9,1,38,26.41,40.71,43778.46,0.36,186,0.02,2432.14,1075.33,73,113,26,29,56,N
14443,0,1,0,0,1,1,1,0,7.74,1.5,17.41,0.0,5,0.67,0.97,11.61,2,3,2,3,0,N
16011,4,7,0,3,1,1,1,35,47.96,20.64,20429.39,0.33,190,0.05,1134.97,989.8,86,104,25,12,35,N
21754,0,1,0,0,1,1,1,0,12.68,2.5,79.25,0.01,10,0.4,4.4,31.7,4,6,4,5,0,N
15826,0,1,0,0,1,1,1,0,5.33,1.5,12.0,0.0,4,0.67,0.67,8.0,1,3,1,3,0,N
17743,0,1,0,0,1,1,1,0,7.86,2.5,49.13,0.01,7,0.4,2.73,19.65,2,5,2,5,0,N
17725,0,1,0,0,1,1,1,0,0.0,0.0,0.0,0.0,1,0.0,0.0,0.0,1,0,1,0,0,N
19274,0,1,0,0,1,1,1,0,0.0,0.0,0.0,0.0,0,0.0,0.0,0.0,0,0,0,0,0,N
21096,0,1,0,0,1,1,1,3,6.74,3.75,94.75,0.01,9,0.27,5.26,25.27,3,6,2,5,3,N
16434,0,1,0,0,1,1,1,0,7.74,1.5,17.41,0.0,5,0.67,0.97,11.61,2,3,2,3,0,N
18333,1,5,0,2,3,2,1,10,14.31,15.11,3267.33,0.07,46,0.07,181.52,216.22,16,30,9,17,10,N
19505,2,1,0,1,1,1,1,1,0.0,0.0,0.0,0.0,1,0.0,0.0,0.0,0,1,0,1,1,N
20358,0,1,0,0,1,1,1,0,9.0,3.0,81.0,0.01,9,0.33,4.5,27.0,2,7,2,6,0,N
19064,0,1,0,0,1,1,1,0,5.33,1.5,12.0,0.0,4,0.67,0.67,8.0,1,3,1,3,0,N
20822,1,7,0,2,4,4,1,10,21.54,17.25,6408.52,0.12,80,0.06,356.03,371.51,23,57,10,15,10,N
23028,0,3,0,0,2,2,1,0,7.86,2.5,49.13,0.01,7,0.4,2.73,19.65,2,5,2,5,0,N
17810,0,1,0,0,1,1,1,0,0.0,0.0,0.0,0.0,0,0.0,0.0,0.0,0,0,0,0,0,N
20743,2,7,1,6,4,3,1,10,18.31,21.0,8074.56,0.13,85,0.05,448.59,384.5,27,58,9,14,11,N
22464,2,7,0,0,4,2,3,11,12.35,16.0,3162.47,0.07,45,0.06,175.69,197.65,16,29,7,14,11,N
22319,0,1,0,0,1,1,1,0,11.86,3.5,145.3,0.01,12,0.29,8.07,41.51,4,8,4,7,0,N
21607,0,1,0,0,1,1,1,0,9.31,2.5,58.16,0.01,9,0.4,3.23,23.26,1,8,1,5,0,N
19664,1,3,0,0,2,1,1,12,24.53,5.06,626.89,0.04,31,0.2,34.83,124.0,13,18,9,7,12,N
15244,2,5,0,0,3,2,1,11,16.47,12.0,2371.85,0.07,45,0.08,131.77,197.65,18,27,9,12,11,N
21123,14,9,8,7,5,4,1,19,55.28,6.0,1990.24,0.11,69,0.17,110.57,331.71,30,39,20,8,27,N
21251,14,11,6,1,6,4,4,30,29.0,15.0,6525.0,0.15,87,0.07,362.5,435.0,30,57,16,16,36,N
15495,0,1,0,0,1,1,1,0,5.33,1.5,12.0,0.0,4,0.67,0.67,8.0,1,3,1,3,0,N
23011,1,5,0,0,3,3,1,13,16.4,7.07,820.29,0.04,29,0.14,45.57,116.0,11,18,7,9,13,N
22533,0,1,0,0,1,1,1,2,5.33,1.5,12.0,0.0,4,0.67,0.67,8.0,1,3,1,3,2,N
22922,1,5,4,1,3,2,1,6,20.54,4.38,393.13,0.03,23,0.23,21.84,89.86,10,13,8,7,10,N
21193,1,1,0,0,1,1,1,4,11.86,3.5,145.3,0.01,12,0.29,8.07,41.51,4,8,4,7,4,N
20412,0,3,0,0,2,2,1,4,11.18,5.63,353.85,0.02,17,0.18,19.66,62.91,5,12,4,9,4,N
22740,0,1,0,0,1,1,1,0,9.51,3.0,85.59,0.01,9,0.33,4.75,28.53,3,6,3,6,0,N
14947,0,1,0,0,1,1,1,2,7.74,1.5,17.41,0.0,5,0.67,0.97,11.61,2,3,2,3,2,N
16370,0,1,0,0,1,1,1,0,0.0,0.0,0.0,0.0,3,0.0,0.0,4.75,0,3,0,3,0,N
16716,0,1,0,0,1,1,1,0,5.33,1.5,12.0,0.0,4,0.67,0.67,8.0,1,3,1,3,0,N
20753,1,7,1,1,4,1,1,18,19.65,14.0,3851.37,0.09,60,0.07,213.96,275.1,28,32,12,12,19,N
15792,0,1,0,0,1,1,1,0,16.5,2.0,66.0,0.01,11,0.5,3.67,33.0,4,7,4,4,0,N
19420,2,1,0,0,1,1,1,7,22.95,5.06,586.44,0.04,29,0.2,32.58,116.0,13,16,9,7,7,N
20005,3,7,1,1,4,4,3,14,31.39,6.33,1259.12,0.07,46,0.16,69.95,198.81,19,27,12,8,15,N
14913,0,1,0,0,1,1,1,2,7.74,1.5,17.41,0.0,5,0.67,0.97,11.61,2,3,2,3,2,N
23479,0,1,0,0,1,1,1,0,7.75,2.0,31.02,0.01,6,0.5,1.72,15.51,2,4,2,4,0,N
14654,3,1,0,0,1,1,1,2,7.74,1.5,17.41,0.0,5,0.67,0.97,11.61,2,3,2,3,2,N
14277,0,1,0,0,1,1,1,0,6.55,3.0,58.95,0.01,7,0.33,3.28,19.65,1,6,1,6,0,N
15714,0,1,0,0,1,1,1,0,7.74,1.5,17.41,0.0,5,0.67,0.97,11.61,2,3,2,3,0,N
16087,0,1,0,0,1,1,1,0,5.33,1.5,12.0,0.0,4,0.67,0.67,8.0,1,3,1,3,0,N
17326,9,9,3,3,5,3,1,35,73.66,17.92,23666.9,0.44,214,0.06,1314.83,1320.36,100,114,53,19,38,N
20762,2,3,0,8,1,1,1,17,46.97,32.0,48098.41,0.5,277,0.03,2672.13,1503.08,108,169,27,16,17,N
14978,1,1,0,0,1,1,1,2,7.74,1.5,17.41,0.0,5,0.67,0.97,11.61,2,3,2,3,2,N
14704,3,5,9,0,3,3,1,8,41.36,4.55,854.55,0.06,47,0.22,47.47,188.0,20,27,11,5,17,N
21781,0,1,0,0,1,1,1,0,9.0,3.0,81.0,0.01,9,0.33,4.5,27.0,2,7,2,6,0,N
21020,2,1,0,0,1,1,1,2,13.95,2.5,87.17,0.01,11,0.4,4.84,34.87,4,7,4,5,2,N
16047,0,1,0,0,1,1,1,0,5.33,1.5,12.0,0.0,4,0.67,0.67,8.0,1,3,1,3,0,N
14235,6,1,0,9,1,1,1,3,16.84,1.5,37.9,0.01,9,0.67,2.11,25.27,4,5,4,3,3,N
19071,1,1,2,2,1,1,1,12,71.33,5.02,1798.8,0.12,73,0.2,99.93,358.2,33,40,23,7,14,N
21475,3,1,0,0,1,1,1,2,7.75,2.0,31.02,0.01,6,0.5,1.72,15.51,2,4,2,4,2,N
23017,0,3,0,0,2,2,1,0,6.69,7.5,376.42,0.02,14,0.13,20.91,50.19,5,9,3,9,0,N
22928,1,5,4,1,3,2,1,6,20.54,4.38,393.13,0.03,23,0.23,21.84,89.86,10,13,8,7,10,N
18786,1,1,0,1,1,1,1,5,16.51,4.8,380.39,0.03,25,0.21,21.13,79.25,12,13,5,4,5,N
14948,0,1,0,0,1,1,1,2,7.74,1.5,17.41,0.0,5,0.67,0.97,11.61,2,3,2,3,2,N
15504,0,1,0,0,1,1,1,0,5.33,1.5,12.0,0.0,4,0.67,0.67,8.0,1,3,1,3,0,N
18716,3,5,0,2,3,3,1,16,39.78,6.19,1522.89,0.08,53,0.16,84.61,246.12,22,31,16,9,16,N
19153,0,1,0,0,1,1,1,0,7.74,1.5,17.41,0.0,5,0.67,0.97,11.61,2,3,2,3,0,N
19856,0,1,0,0,1,1,1,2,9.83,2.0,39.3,0.01,7,0.5,2.18,19.65,3,4,3,4,2,N
22717,0,1,0,0,1,1,1,0,7.74,1.5,17.41,0.0,5,0.67,0.97,11.61,2,3,2,3,0,N
20836,21,30,4,24,19,4,4,100,44.28,51.35,116742.55,0.76,365,0.02,6485.7,2273.52,138,227,43,32,104,N
21212,0,1,0,0,1,1,1,3,8.54,4.67,186.03,0.01,12,0.21,10.33,39.86,4,8,3,7,3,N
20962,3,1,0,3,1,1,1,1,0.0,0.0,0.0,0.0,1,0.0,0.0,0.0,0,1,0,1,1,N
23168,0,1,0,0,1,1,1,0,7.75,2.0,31.02,0.01,6,0.5,1.72,15.51,2,4,2,4,0,N
16929,0,1,0,0,1,1,1,0,7.74,1.5,17.41,0.0,5,0.67,0.97,11.61,2,3,2,3,0,N
15934,0,1,0,0,1,1,1,0,6.89,3.0,62.04,0.01,8,0.33,3.45,20.68,3,5,2,4,0,N
16732,0,1,0,0,1,1,1,0,0.0,0.0,0.0,0.0,0,0.0,0.0,0.0,0,0,0,0,0,N
17457,0,1,0,0,1,1,1,2,7.74,1.5,17.41,0.0,5,0.67,0.97,11.61,2,3,2,3,2,N
23128,0,1,0,0,1,1,1,0,5.33,1.5,12.0,0.0,4,0.67,0.67,8.0,1,3,1,3,0,N
23327,0,1,0,0,1,1,1,0,7.86,2.5,49.13,0.01,7,0.4,2.73,19.65,2,5,2,5,0,N
21253,0,1,0,0,1,1,1,2,11.39,3.5,139.52,0.01,12,0.29,7.75,39.86,3,9,3,7,2,N
21642,0,1,0,0,1,1,1,3,9.51,3.0,85.59,0.01,9,0.33,4.75,28.53,3,6,3,6,3,N
18806,0,1,0,0,1,1,1,0,7.74,1.5,17.41,0.0,5,0.67,0.97,11.61,2,3,2,3,0,N
17404,0,1,0,0,1,1,1,0,8.6,7.5,483.97,0.02,18,0.13,26.89,64.53,5,13,3,9,0,N
22589,2,7,0,0,4,2,3,11,12.35,16.0,3162.47,0.07,45,0.06,175.69,197.65,16,29,7,14,11,N
22222,0,1,0,0,1,1,1,0,7.86,2.5,49.13,0.01,7,0.4,2.73,19.65,2,5,2,5,0,N
20477,0,1,0,0,1,1,1,0,5.33,1.5,12.0,0.0,4,0.67,0.67,8.0,1,3,1,3,0,N
21641,0,1,0,0,1,1,1,0,7.75,2.0,31.02,0.01,6,0.5,1.72,15.51,2,4,2,4,0,N
16169,2,7,0,0,4,2,3,11,12.35,16.0,3162.47,0.07,45,0.06,175.69,197.65,16,29,7,14,11,N
16076,0,1,0,0,1,1,1,0,7.74,1.5,17.41,0.0,5,0.67,0.97,11.61,2,3,2,3,0,N
22380,0,1,0,0,1,1,1,0,7.75,2.0,31.02,0.01,6,0.5,1.72,15.51,2,4,2,4,0,N
22353,0,1,0,0,1,1,1,0,5.8,2.0,23.22,0.0,5,0.5,1.29,11.61,1,4,1,4,0,N
21443,0,3,0,0,2,2,1,4,21.5,7.15,1099.18,0.05,35,0.14,61.07,153.73,13,22,10,11,4,N
19090,0,3,0,0,2,2,1,4,21.5,7.15,1099.18,0.05,35,0.14,61.07,153.73,13,22,10,11,4,N
14619,5,25,3,6,13,11,9,36,46.36,22.4,23260.82,0.35,188,0.04,1292.27,1038.43,84,104,30,16,39,N
15522,0,1,0,0,1,1,1,0,7.74,1.5,17.41,0.0,5,0.67,0.97,11.61,2,3,2,3,0,N
21600,0,1,0,0,1,1,1,0,7.75,2.0,31.02,0.01,6,0.5,1.72,15.51,2,4,2,4,0,N
16683,13,5,2,4,3,2,3,39,55.48,19.5,21096.95,0.36,197,0.05,1172.05,1081.9,96,101,32,13,41,Y
15973,0,1,0,0,1,1,1,0,0.0,0.0,0.0,0.0,2,0.0,0.0,2.0,0,2,0,2,0,N
17993,20,41,13,26,21,19,19,78,84.23,48.37,197048.57,1.36,679,0.02,10947.14,4074.0,316,363,49,15,91,N
16830,0,1,0,0,1,1,1,0,5.33,1.5,12.0,0.0,4,0.67,0.67,8.0,1,3,1,3,0,N
20197,0,1,0,0,1,1,1,2,8.0,1.0,8.0,0.0,4,1.0,0.44,8.0,2,2,2,2,2,N
20470,0,1,0,0,1,1,1,0,6.55,3.0,58.95,0.01,7,0.33,3.28,19.65,1,6,1,6,0,N
15958,0,1,0,0,1,1,1,0,5.33,1.5,12.0,0.0,4,0.67,0.67,8.0,1,3,1,3,0,N
23372,0,1,0,0,1,1,1,0,7.75,2.0,31.02,0.01,6,0.5,1.72,15.51,2,4,2,4,0,N
19811,0,1,0,0,1,1,1,0,9.0,3.0,81.0,0.01,9,0.33,4.5,27.0,2,7,2,6,0,N
22273,0,1,0,0,1,1,1,6,17.51,5.0,437.85,0.03,23,0.2,24.32,87.57,10,13,7,7,6,N
19963,0,1,0,0,1,1,1,0,6.55,3.0,58.95,0.01,7,0.33,3.28,19.65,1,6,1,6,0,N
16170,0,3,0,0,2,2,1,3,14.28,4.0,228.44,0.02,15,0.25,12.69,57.11,6,9,6,8,3,N
22862,0,3,0,0,2,2,1,4,10.88,5.6,341.29,0.02,17,0.18,18.96,60.94,8,9,5,7,4,N
19765,0,3,0,0,2,2,1,5,15.36,3.5,188.21,0.02,15,0.29,10.46,53.77,5,10,5,7,5,N
14572,0,1,0,0,1,1,1,0,11.23,2.0,44.92,0.01,8,0.5,2.5,22.46,3,5,3,4,0,N
19697,1,5,0,3,3,3,1,19,19.07,10.91,2270.01,0.07,46,0.09,126.11,208.08,20,26,11,12,19,N
14909,0,1,0,0,1,1,1,2,7.74,1.5,17.41,0.0,5,0.67,0.97,11.61,2,3,2,3,2,N
17544,8,11,0,0,6,5,3,25,25.54,12.73,4136.76,0.11,74,0.08,229.82,325.03,28,46,11,10,25,N
18770,1,1,0,1,1,1,1,3,7.89,8.0,504.93,0.02,19,0.13,28.05,63.12,4,15,2,8,3,N
20353,0,1,0,0,1,1,1,0,5.33,1.5,12.0,0.0,4,0.67,0.67,8.0,1,3,1,3,0,N
22475,2,1,0,1,1,1,1,1,0.0,0.0,0.0,0.0,1,0.0,0.0,0.0,0,1,0,1,1,N
16244,0,1,0,0,1,1,1,2,5.33,1.5,12.0,0.0,4,0.67,0.67,8.0,1,3,1,3,2,N
22805,0,1,0,0,1,1,1,0,6.2,2.5,38.77,0.01,6,0.4,2.15,15.51,1,5,1,5,0,N
19751,0,3,0,0,2,2,1,0,0.0,0.0,0.0,0.0,0,0.0,0.0,0.0,0,0,0,0,0,N
22759,8,1,0,0,1,1,1,24,26.32,22.33,13127.14,0.2,136,0.04,729.29,587.78,67,69,12,8,24,N
14471,0,1,0,0,1,1,1,0,5.33,1.5,12.0,0.0,4,0.67,0.67,8.0,1,3,1,3,0,N
16083,0,1,0,0,1,1,1,0,7.74,1.5,17.41,0.0,5,0.67,0.97,11.61,2,3,2,3,0,N
19239,0,1,0,0,1,1,1,0,6.55,3.0,58.95,0.01,7,0.33,3.28,19.65,1,6,1,6,0,N
19944,0,1,0,0,1,1,1,0,7.75,2.0,31.02,0.01,6,0.5,1.72,15.51,2,4,2,4,0,N
23342,3,1,0,0,1,1,1,2,7.75,2.0,31.02,0.01,6,0.5,1.72,15.51,2,4,2,4,2,N
15356,0,1,0,0,1,1,1,0,5.33,1.5,12.0,0.0,4,0.67,0.67,8.0,1,3,1,3,0,N
23489,26,29,13,12,15,9,12,47,38.94,24.24,22880.44,0.31,169,0.04,1271.14,943.86,74,95,29,19,60,N
22004,0,1,0,0,1,1,1,2,5.33,1.5,12.0,0.0,4,0.67,0.67,8.0,1,3,1,3,2,N
18329,18,11,0,27,6,4,1,42,49.26,38.25,72074.4,0.63,319,0.03,4004.13,1884.3,153,166,40,20,42,N
15909,0,1,0,0,1,1,1,0,7.74,1.5,17.41,0.0,5,0.67,0.97,11.61,2,3,2,3,0,N
23157,0,1,0,0,1,1,1,0,5.8,2.0,23.22,0.0,5,0.5,1.29,11.61,1,4,1,4,0,N
15092,1,1,0,0,1,1,1,7,20.08,5.5,607.27,0.04,29,0.18,33.74,110.41,11,18,7,7,7,N
21924,0,1,0,0,1,1,1,0,7.75,2.0,31.02,0.01,6,0.5,1.72,15.51,2,4,2,4,0,N
15399,0,1,0,0,1,1,1,0,7.74,1.5,17.41,0.0,5,0.67,0.97,11.61,2,3,2,3,0,N
20786,2,5,0,4,3,2,1,6,12.2,11.14,1514.69,0.05,32,0.09,84.15,135.93,13,19,7,12,6,N
14548,0,1,0,0,1,1,1,0,5.33,1.5,12.0,0.0,4,0.67,0.67,8.0,1,3,1,3,0,N
16883,2,1,0,3,1,1,1,15,43.11,8.94,3446.29,0.13,83,0.11,191.46,385.44,38,45,17,8,15,N
22210,0,1,0,0,1,1,1,2,5.33,1.5,12.0,0.0,4,0.67,0.67,8.0,1,3,1,3,2,N
15724,0,5,0,0,3,2,1,7,11.89,13.13,2048.55,0.05,35,0.08,113.81,156.08,15,20,8,14,7,N
23170,0,1,0,0,1,1,1,0,5.8,2.0,23.22,0.0,5,0.5,1.29,11.61,1,4,1,4,0,N
15242,2,1,1,0,1,1,1,6,14.47,6.75,659.29,0.03,25,0.15,36.63,97.67,9,16,6,9,7,N
16601,2,23,9,6,17,15,7,43,34.14,30.0,30723.65,0.34,172,0.03,1706.87,1024.11,64,108,32,30,52,N
15279,0,1,0,0,1,1,1,0,5.33,1.5,12.0,0.0,4,0.67,0.67,8.0,1,3,1,3,0,N
20329,0,1,0,0,1,1,1,2,5.33,1.5,12.0,0.0,4,0.67,0.67,8.0,1,3,1,3,2,N
21112,19,1,12,6,1,1,1,11,134.27,3.82,1957.52,0.17,97,0.26,108.75,512.67,42,55,33,6,23,N
19542,0,1,0,0,1,1,1,0,7.74,1.5,17.41,0.0,5,0.67,0.97,11.61,2,3,2,3,0,N
22954,10,1,0,9,1,1,1,7,38.4,2.5,240.0,0.03,24,0.4,13.33,96.0,11,13,11,5,7,N
14504,0,1,0,0,1,1,1,0,12.18,3.0,109.62,0.01,11,0.33,6.09,36.54,4,7,4,6,0,N
20909,0,5,0,0,3,3,1,6,30.72,9.0,2488.36,0.09,62,0.11,138.24,276.48,18,44,11,11,6,N
14940,0,1,0,0,1,1,1,2,7.74,1.5,17.41,0.0,5,0.67,0.97,11.61,2,3,2,3,2,N
17047,0,1,0,0,1,1,1,0,0.0,0.0,0.0,0.0,1,0.0,0.0,0.0,0,1,0,1,0,N
19309,0,3,0,0,2,1,1,0,7.75,2.0,31.02,0.01,6,0.5,1.72,15.51,2,4,2,4,0,N
19166,0,1,0,0,1,1,1,0,7.75,2.0,31.02,0.01,6,0.5,1.72,15.51,2,4,2,4,0,N
19506,3,1,0,0,1,1,1,2,7.75,2.0,31.02,0.01,6,0.5,1.72,15.51,2,4,2,4,2,N
14614,7,15,1,6,8,5,7,34,73.7,11.83,10320.65,0.29,153,0.08,573.37,872.17,71,82,39,13,35,N
19268,0,1,0,0,1,1,1,0,0.0,0.0,0.0,0.0,0,0.0,0.0,0.0,0,0,0,0,0,N
15205,2,3,0,1,2,2,1,11,18.83,9.0,1525.13,0.06,38,0.11,84.73,169.46,15,23,10,12,11,N
23386,0,1,0,0,1,1,1,0,5.33,1.5,12.0,0.0,4,0.67,0.67,8.0,1,3,1,3,0,N
18574,0,1,0,0,1,1,1,0,7.75,2.0,31.02,0.01,6,0.5,1.72,15.51,2,4,2,4,0,N
20427,0,1,0,0,1,1,1,0,6.86,3.5,84.0,0.01,8,0.29,4.67,24.0,1,7,1,7,0,N
22905,0,1,0,0,1,1,1,3,6.89,3.0,62.04,0.01,8,0.33,3.45,20.68,3,5,2,4,3,N
17463,0,1,0,0,1,1,1,2,9.96,3.5,122.04,0.01,11,0.29,6.78,34.87,2,9,2,7,2,N
21880,0,1,0,0,1,1,1,0,0.0,0.0,0.0,0.0,0,0.0,0.0,0.0,0,0,0,0,0,N
17035,0,5,0,0,3,2,3,8,17.48,7.78,1057.26,0.05,32,0.13,58.74,135.93,14,18,9,10,8,N
18228,5,3,0,4,2,1,1,21,34.39,17.33,10332.61,0.2,124,0.06,574.03,596.11,40,84,15,13,21,N
17332,0,1,0,0,1,1,1,0,7.74,1.5,17.41,0.0,5,0.67,0.97,11.61,2,3,2,3,0,N
21501,0,1,0,0,1,1,1,0,8.3,6.0,298.97,0.02,15,0.17,16.61,49.83,3,12,2,8,0,N
20107,1,5,0,3,3,3,1,19,19.07,10.91,2270.01,0.07,46,0.09,126.11,208.08,20,26,11,12,19,N
21104,38,61,16,32,35,28,18,198,73.58,80.67,478798.2,1.98,840,0.01,26599.9,5935.51,330,510,90,44,214,N
23478,0,1,0,0,1,1,1,0,7.75,2.0,31.02,0.01,6,0.5,1.72,15.51,2,4,2,4,0,N
16656,8,17,32,3,13,10,4,48,49.82,25.34,31983.69,0.42,212,0.04,1776.87,1262.29,75,137,37,25,80,N
16886,0,1,0,0,1,1,1,2,7.81,9.0,632.78,0.02,19,0.11,35.15,70.31,8,11,4,9,2,N
18032,3,5,1,1,3,3,1,8,26.24,9.38,2305.97,0.08,56,0.11,128.11,245.97,25,31,12,9,9,N
17020,0,1,0,0,1,1,1,0,5.33,1.5,12.0,0.0,4,0.67,0.67,8.0,1,3,1,3,0,N
20716,0,1,0,0,1,1,1,0,7.74,1.5,17.41,0.0,5,0.67,0.97,11.61,2,3,2,3,0,N
19247,0,3,0,0,2,2,1,3,14.28,4.0,228.44,0.02,15,0.25,12.69,57.11,6,9,6,8,3,N
21547,0,1,0,0,1,1,1,2,5.33,1.5,12.0,0.0,4,0.67,0.67,8.0,1,3,1,3,2,N
17659,1,3,0,0,2,1,1,8,15.07,9.75,1432.72,0.05,34,0.1,79.6,146.95,13,21,8,12,8,N
22802,0,3,0,0,2,2,1,5,17.22,4.08,287.09,0.02,19,0.24,15.95,70.31,7,12,6,7,5,N
21165,7,1,7,1,1,1,1,6,83.2,3.33,924.42,0.09,59,0.3,51.36,277.33,28,31,21,5,13,N
16636,1,1,3,0,1,1,1,2,10.75,6.0,387.18,0.02,18,0.17,21.51,64.53,6,12,4,8,5,N
16703,1,1,0,0,1,1,1,1,0.0,0.0,0.0,0.0,1,0.0,0.0,0.0,0,1,0,1,1,N
17263,0,1,0,0,1,1,1,0,5.33,1.5,12.0,0.0,4,0.67,0.67,8.0,1,3,1,3,0,N
20979,0,1,0,0,1,1,1,2,7.86,2.5,49.13,0.01,7,0.4,2.73,19.65,2,5,2,5,2,N
19109,0,3,0,0,2,2,1,0,7.86,2.5,49.13,0.01,7,0.4,2.73,19.65,2,5,2,5,0,N
15153,0,1,0,0,1,1,1,0,5.33,1.5,12.0,0.0,4,0.67,0.67,8.0,1,3,1,3,0,N
18356,22,21,0,14,11,10,1,63,29.62,75.0,166603.99,0.74,386,0.01,9255.78,2221.39,150,236,27,27,63,N
21173,14,1,0,23,1,1,1,12,68.52,2.5,428.25,0.06,39,0.4,23.79,171.3,16,23,16,5,12,N
16158,0,1,0,0,1,1,1,4,9.47,2.67,67.38,0.01,9,0.38,3.74,25.27,4,5,3,4,4,N
20418,0,1,0,0,1,1,1,0,0.0,0.0,0.0,0.0,0,0.0,0.0,0.0,0,0,0,0,0,N
16525,0,1,0,0,1,1,1,0,5.8,2.0,23.22,0.0,5,0.5,1.29,11.61,1,4,1,4,0,N
19039,0,1,0,0,1,1,1,2,5.33,1.5,12.0,0.0,4,0.67,0.67,8.0,1,3,1,3,2,N
16096,0,1,0,0,1,1,1,0,7.74,1.5,17.41,0.0,5,0.67,0.97,11.61,2,3,2,3,0,N
23090,0,3,0,0,2,1,1,0,0.0,0.0,0.0,0.0,0,0.0,0.0,0.0,0,0,0,0,0,N
22573,2,5,0,1,3,2,1,23,19.78,20.04,7940.87,0.13,80,0.05,441.16,396.34,33,47,14,17,23,N
22322,0,1,0,0,1,1,1,0,0.0,0.0,0.0,0.0,0,0.0,0.0,0.0,0,0,0,0,0,N
14299,0,1,0,0,1,1,1,0,7.75,2.0,31.02,0.01,6,0.5,1.72,15.51,2,4,2,4,0,N
15086,4,5,0,1,3,3,1,18,28.22,8.25,1920.54,0.08,53,0.12,106.7,232.79,22,31,12,9,18,N
20752,1,5,1,0,3,1,1,14,18.47,12.0,2659.85,0.07,49,0.08,147.77,221.65,22,27,11,12,15,N
16002,0,1,0,0,1,1,1,0,7.74,1.5,17.41,0.0,5,0.67,0.97,11.61,2,3,2,3,0,N
21736,0,1,0,0,1,1,1,0,8.3,6.0,298.97,0.02,15,0.17,16.61,49.83,3,12,2,8,0,N
19324,0,1,0,0,1,1,1,0,6.55,3.0,58.95,0.01,7,0.33,3.28,19.65,1,6,1,6,0,N
15477,0,1,0,0,1,1,1,2,7.35,8.0,470.48,0.02,17,0.13,26.14,58.81,6,11,3,8,2,N
16252,0,1,0,0,1,1,1,0,9.0,3.0,81.0,0.01,9,0.33,4.5,27.0,2,7,2,6,0,N
14770,2,3,7,0,2,2,1,7,19.08,14.5,4010.75,0.09,64,0.07,222.82,276.6,29,35,10,10,14,N
15197,1,1,0,17,1,1,1,10,43.56,6.92,2088.02,0.1,71,0.14,116.0,301.6,30,41,13,6,10,N
17968,2,5,0,1,3,3,1,12,18.15,7.71,1080.0,0.05,35,0.13,60.0,140.0,12,23,7,9,12,N
21653,0,1,0,0,1,1,1,0,5.8,2.0,23.22,0.0,5,0.5,1.29,11.61,1,4,1,4,0,N
19183,0,1,0,0,1,1,1,2,5.33,1.5,12.0,0.0,4,0.67,0.67,8.0,1,3,1,3,2,N
15851,0,1,0,0,1,1,1,0,5.33,1.5,12.0,0.0,4,0.67,0.67,8.0,1,3,1,3,0,N
20986,4,11,0,3,6,3,1,29,20.31,38.25,29720.31,0.26,146,0.03,1651.13,777.0,51,95,16,24,29,N
16707,0,1,0,0,1,1,1,11,51.18,4.08,853.31,0.07,45,0.24,47.41,208.97,21,24,18,7,11,N
17562,7,3,0,0,2,2,1,7,7.35,8.0,470.48,0.02,17,0.13,26.14,58.81,6,11,3,8,7,N
21467,0,1,0,0,1,1,1,0,7.75,2.0,31.02,0.01,6,0.5,1.72,15.51,2,4,2,4,0,N
15110,0,1,2,0,1,1,1,1,13.79,1.5,31.02,0.01,8,0.67,1.72,20.68,3,5,3,3,3,N
20166,0,1,0,0,1,1,1,0,0.0,0.0,0.0,0.0,1,0.0,0.0,0.0,0,1,0,1,0,N
16329,0,1,0,0,1,1,1,0,5.33,1.5,12.0,0.0,4,0.67,0.67,8.0,1,3,1,3,0,N
21337,0,1,0,0,1,1,1,6,23.69,4.5,479.73,0.04,28,0.22,26.65,106.61,12,16,8,6,6,N
16686,13,5,2,4,3,2,3,39,55.48,19.5,21096.95,0.36,197,0.05,1172.05,1081.9,96,101,32,13,41,Y
14386,0,1,0,0,1,1,1,0,0.0,0.0,0.0,0.0,1,0.0,0.0,0.0,0,1,0,1,0,N
16722,0,1,0,0,1,1,1,0,5.33,1.5,12.0,0.0,4,0.67,0.67,8.0,1,3,1,3,0,N
16354,0,1,0,0,1,1,1,0,5.33,1.5,12.0,0.0,4,0.67,0.67,8.0,1,3,1,3,0,N
20814,0,7,0,0,4,2,4,7,11.7,22.5,5922.55,0.09,56,0.04,329.03,263.22,20,36,8,18,7,N
23350,0,3,0,0,2,2,1,5,17.22,4.08,287.09,0.02,19,0.24,15.95,70.31,7,12,6,7,5,N
16620,14,1,2,4,1,1,1,36,96.51,10.29,10209.86,0.33,192,0.1,567.21,992.63,72,120,28,8,38,N
19585,0,1,0,0,1,1,1,0,6.55,3.0,58.95,0.01,7,0.33,3.28,19.65,1,6,1,6,0,N
19205,0,1,0,0,1,1,1,0,5.33,1.5,12.0,0.0,4,0.67,0.67,8.0,1,3,1,3,0,N
16232,0,1,0,0,1,1,1,0,5.8,2.0,23.22,0.0,5,0.5,1.29,11.61,1,4,1,4,0,N
17210,0,1,0,0,1,1,1,3,11.63,2.0,46.53,0.01,9,0.5,2.58,23.26,4,5,3,3,3,N
22660,0,1,0,0,1,1,1,3,16.0,1.5,36.0,0.01,8,0.67,2.0,24.0,5,3,5,3,3,N
19923,0,1,0,0,1,1,1,2,5.33,1.5,12.0,0.0,4,0.67,0.67,8.0,1,3,1,3,2,N
23410,0,1,0,0,1,1,1,0,7.75,2.0,31.02,0.01,6,0.5,1.72,15.51,2,4,2,4,0,N
20518,2,13,1,8,7,6,6,54,25.11,40.0,40181.42,0.33,184,0.03,2232.3,1004.54,80,104,22,22,55,N
18040,2,5,1,1,3,2,1,7,19.46,7.5,1094.61,0.05,35,0.13,60.81,145.95,15,20,9,9,8,N
15501,0,1,0,0,1,1,1,0,5.33,1.5,12.0,0.0,4,0.67,0.67,8.0,1,3,1,3,0,N
21784,0,1,0,0,1,1,1,0,9.51,3.0,85.59,0.01,9,0.33,4.75,28.53,3,6,3,6,0,N
16593,2,23,9,6,17,15,7,43,34.14,30.0,30723.65,0.34,172,0.03,1706.87,1024.11,64,108,32,30,52,N
21034,5,3,3,2,2,2,1,12,31.67,12.63,5053.69,0.13,78,0.08,280.76,400.08,30,48,19,16,15,N
21926,0,3,0,0,2,1,1,0,7.75,2.0,31.02,0.01,6,0.5,1.72,15.51,2,4,2,4,0,N
22088,2,3,5,0,2,2,1,5,13.96,6.0,502.57,0.03,22,0.17,27.92,83.76,9,13,6,8,10,N
22214,0,1,0,0,1,1,1,0,6.55,3.0,58.95,0.01,7,0.33,3.28,19.65,1,6,1,6,0,N
19675,0,1,0,0,1,1,1,0,5.33,1.5,12.0,0.0,4,0.67,0.67,8.0,1,3,1,3,0,N
23413,0,1,0,0,1,1,1,0,7.75,2.0,31.02,0.01,6,0.5,1.72,15.51,2,4,2,4,0,N
14521,0,1,0,0,1,1,1,2,8.98,2.5,56.15,0.01,8,0.4,3.12,22.46,2,6,2,5,2,N
20912,0,5,0,0,3,3,1,6,30.72,9.0,2488.36,0.09,62,0.11,138.24,276.48,18,44,11,11,6,N
15357,0,1,0,0,1,1,1,0,0.0,0.0,0.0,0.0,0,0.0,0.0,0.0,0,0,0,0,0,N
20068,0,1,0,0,1,1,1,0,7.74,1.5,17.41,0.0,5,0.67,0.97,11.61,2,3,2,3,0,N
21086,3,9,0,1,5,3,5,33,13.21,29.25,11305.83,0.13,88,0.03,628.1,386.52,36,52,8,13,33,N
17800,0,1,0,0,1,1,1,0,7.33,4.5,148.5,0.01,11,0.22,8.25,33.0,3,8,2,6,0,N
14434,0,1,0,0,1,1,1,0,7.74,1.5,17.41,0.0,5,0.67,0.97,11.61,2,3,2,3,0,N
20352,0,1,0,0,1,1,1,0,5.33,1.5,12.0,0.0,4,0.67,0.67,8.0,1,3,1,3,0,N
19303,0,1,0,0,1,1,1,0,7.75,2.0,31.02,0.01,6,0.5,1.72,15.51,2,4,2,4,0,N
22531,0,1,0,0,1,1,1,2,5.33,1.5,12.0,0.0,4,0.67,0.67,8.0,1,3,1,3,2,N
22482,0,3,0,0,2,2,1,4,11.18,5.63,353.85,0.02,17,0.18,19.66,62.91,5,12,4,9,4,N
20324,0,1,0,0,1,1,1,2,8.98,2.5,56.15,0.01,8,0.4,3.12,22.46,2,6,2,5,2,N
19999,0,3,0,0,2,2,1,8,11.56,6.4,473.66,0.02,20,0.16,26.31,74.01,8,12,5,8,8,N
19222,0,1,0,0,1,1,1,0,5.33,1.5,12.0,0.0,4,0.67,0.67,8.0,1,3,1,3,0,N
16533,0,1,0,0,1,1,1,0,5.33,1.5,12.0,0.0,4,0.67,0.67,8.0,1,3,1,3,0,N
14095,18,18,14,27,1,1,1,67,28.6,47.67,64981.35,0.45,238,0.02,3610.07,1363.25,99,139,27,26,81,Y
16139,0,1,0,0,1,1,1,0,7.74,1.5,17.41,0.0,5,0.67,0.97,11.61,2,3,2,3,0,N
15726,0,3,0,0,2,2,1,4,11.18,5.63,353.85,0.02,17,0.18,19.66,62.91,5,12,4,9,4,N
14775,3,22,3,1,21,19,1,69,59.26,22.99,31321.11,0.45,212,0.04,1740.06,1362.37,67,145,51,35,72,N
21929,0,1,0,0,1,1,1,0,5.8,2.0,23.22,0.0,5,0.5,1.29,11.61,1,4,1,4,0,N
16816,0,1,0,0,1,1,1,0,0.0,0.0,0.0,0.0,1,0.0,0.0,0.0,0,1,0,1,0,N
15449,0,1,0,0,1,1,1,0,7.74,1.5,17.41,0.0,5,0.67,0.97,11.61,2,3,2,3,0,N
15797,0,1,0,0,1,1,1,0,16.5,2.0,66.0,0.01,11,0.5,3.67,33.0,4,7,4,4,0,N
16541,3,5,0,3,1,1,1,17,30.3,8.07,1971.68,0.08,52,0.12,109.54,244.42,22,30,15,11,17,N
17827,0,1,0,0,1,1,1,0,7.75,2.0,31.02,0.01,6,0.5,1.72,15.51,2,4,2,4,0,N
16398,0,1,0,0,1,1,1,0,5.33,1.5,12.0,0.0,4,0.67,0.67,8.0,1,3,1,3,0,N
14533,0,1,0,0,1,1,1,0,7.86,2.5,49.13,0.01,7,0.4,2.73,19.65,2,5,2,5,0,N
19236,1,5,0,0,3,3,1,13,16.4,7.07,820.29,0.04,29,0.14,45.57,116.0,11,18,7,9,13,N
18256,3,1,0,2,1,1,1,17,60.75,5.33,1728.0,0.11,81,0.19,96.0,324.0,32,49,12,4,17,N
19599,0,1,0,0,1,1,1,0,9.51,3.0,85.59,0.01,9,0.33,4.75,28.53,3,6,3,6,0,N
18155,3,5,0,2,3,3,1,11,26.82,5.32,758.5,0.05,33,0.19,42.14,142.62,13,20,11,9,11,N
15559,0,1,0,0,1,1,1,0,5.33,1.5,12.0,0.0,4,0.67,0.67,8.0,1,3,1,3,0,N
17751,0,3,0,0,2,2,1,0,7.86,2.5,49.13,0.01,7,0.4,2.73,19.65,2,5,2,5,0,N
14355,7,13,2,6,7,5,1,25,57.5,14.06,11359.43,0.27,154,0.07,631.08,808.18,69,85,27,11,27,N
20652,0,1,0,0,1,1,1,0,7.74,1.5,17.41,0.0,5,0.67,0.97,11.61,2,3,2,3,0,N
18631,0,1,0,0,1,1,1,0,7.75,2.0,31.02,0.01,6,0.5,1.72,15.51,2,4,2,4,0,N
18381,5,8,10,3,6,4,1,27,24.9,36.36,32923.55,0.3,163,0.03,1829.09,905.4,64,99,22,25,37,N
20757,1,5,0,1,1,1,1,22,32.46,17.2,9603.65,0.19,108,0.06,533.54,558.35,43,65,20,16,22,N
18938,0,1,0,0,1,1,1,0,5.33,1.5,12.0,0.0,4,0.67,0.67,8.0,1,3,1,3,0,N
17610,0,3,0,0,2,2,1,0,6.69,7.5,376.42,0.02,14,0.13,20.91,50.19,5,9,3,9,0,N
21710,3,1,0,0,1,1,1,2,7.75,2.0,31.02,0.01,6,0.5,1.72,15.51,2,4,2,4,2,N
16654,8,17,32,3,13,10,4,48,34.8,34.72,41961.57,0.4,212,0.03,2331.2,1208.49,75,137,27,25,80,N
15441,0,1,0,0,1,1,1,0,7.86,2.5,49.13,0.01,7,0.4,2.73,19.65,2,5,2,5,0,N
23035,0,1,0,0,1,1,1,0,0.0,0.0,0.0,0.0,1,0.0,0.0,0.0,0,1,0,1,0,N
21354,1,1,0,0,1,1,1,7,24.54,6.75,1118.27,0.06,39,0.15,62.13,165.67,15,24,10,9,7,N
14670,1,3,3,0,2,2,1,3,8.96,8.0,573.59,0.02,20,0.13,31.87,71.7,8,12,4,8,6,N
18424,0,1,0,0,1,1,1,0,8.6,7.5,483.97,0.02,18,0.13,26.89,64.53,5,13,3,9,0,N
20419,0,1,0,0,1,1,1,0,0.0,0.0,0.0,0.0,0,0.0,0.0,0.0,0,0,0,0,0,N
22563,0,1,0,0,1,1,1,0,9.51,3.0,85.59,0.01,9,0.33,4.75,28.53,3,6,3,6,0,N
20452,0,1,0,0,1,1,1,0,7.75,2.0,31.02,0.01,6,0.5,1.72,15.51,2,4,2,4,0,N
18831,0,1,0,0,1,1,1,0,7.75,2.0,31.02,0.01,6,0.5,1.72,15.51,2,4,2,4,0,N
14719,6,1,0,0,1,1,1,4,6.89,3.0,62.04,0.01,8,0.33,3.45,20.68,3,5,2,4,4,N
20454,0,3,0,0,2,1,1,0,7.75,2.0,31.02,0.01,6,0.5,1.72,15.51,2,4,2,4,0,N
23252,0,1,0,0,1,1,1,0,7.74,1.5,17.41,0.0,5,0.67,0.97,11.61,2,3,2,3,0,N
20096,0,3,0,0,2,2,1,4,21.5,7.15,1099.18,0.05,35,0.14,61.07,153.73,13,22,10,11,4,N
21137,3,1,0,3,1,1,1,2,0.0,0.0,0.0,0.0,3,0.0,0.0,4.75,0,3,0,3,2,N
17541,6,11,0,0,6,6,5,26,27.75,18.07,9063.48,0.17,108,0.06,503.53,501.54,46,62,14,11,26,N
21635,0,1,0,0,1,1,1,0,7.75,2.0,31.02,0.01,6,0.5,1.72,15.51,2,4,2,4,0,N
17063,0,1,0,0,1,1,1,0,5.33,1.5,12.0,0.0,4,0.67,0.67,8.0,1,3,1,3,0,N
22977,1,1,0,3,1,1,1,5,37.57,5.85,1283.91,0.07,50,0.17,71.33,219.62,19,31,13,8,5,N
18948,0,1,0,0,1,1,1,0,9.51,3.0,85.59,0.01,9,0.33,4.75,28.53,3,6,3,6,0,N
16617,14,1,2,4,1,1,1,36,96.51,10.29,10209.86,0.33,192,0.1,567.21,992.63,72,120,28,8,38,N
22324,0,3,0,0,2,1,1,0,0.0,0.0,0.0,0.0,0,0.0,0.0,0.0,0,0,0,0,0,N
19414,0,1,0,2,1,1,1,2,3.96,2.0,15.85,0.0,5,0.5,0.88,7.92,2,3,1,2,2,N
22018,0,1,0,0,1,1,1,2,7.86,2.5,49.13,0.01,7,0.4,2.73,19.65,2,5,2,5,2,N
23533,1,1,0,4,1,1,1,4,21.67,1.8,70.2,0.01,13,0.56,3.9,39.0,6,7,5,3,4,N
18139,0,1,0,0,1,1,1,2,8.98,2.5,56.15,0.01,8,0.4,3.12,22.46,2,6,2,5,2,N
18061,0,3,0,0,2,2,1,0,6.69,7.5,376.42,0.02,14,0.13,20.91,50.19,5,9,3,9,0,N
16233,0,1,0,0,1,1,1,0,7.75,2.0,31.02,0.01,6,0.5,1.72,15.51,2,4,2,4,0,N
14758,0,1,0,0,1,1,1,1,0.0,0.0,0.0,0.0,1,0.0,0.0,0.0,0,1,0,1,1,N
20984,0,1,0,1,1,1,1,1,0.0,0.0,0.0,0.0,1,0.0,0.0,0.0,0,1,0,1,1,N
17316,0,1,0,0,1,1,1,0,11.86,3.5,145.3,0.01,12,0.29,8.07,41.51,4,8,4,7,0,N
23158,0,1,0,0,1,1,1,0,5.8,2.0,23.22,0.0,5,0.5,1.29,11.61,1,4,1,4,0,N
21324,1,1,1,0,1,1,1,5,20.15,5.14,532.86,0.03,28,0.19,29.6,103.61,12,16,7,6,6,N
16534,0,1,0,0,1,1,1,0,5.33,1.5,12.0,0.0,4,0.67,0.67,8.0,1,3,1,3,0,N
18156,8,11,0,3,6,4,3,25,38.91,9.55,3545.04,0.12,73,0.1,196.95,371.38,35,38,22,12,25,Y
16910,0,1,0,0,1,1,1,0,7.74,1.5,17.41,0.0,5,0.67,0.97,11.61,2,3,2,3,0,N
17770,0,1,0,0,1,1,1,0,7.75,2.0,31.02,0.01,6,0.5,1.72,15.51,2,4,2,4,0,N
20340,0,1,0,0,1,1,1,0,6.55,3.0,58.95,0.01,7,0.33,3.28,19.65,1,6,1,6,0,N
19014,0,1,0,0,1,1,1,0,8.3,6.0,298.97,0.02,15,0.17,16.61,49.83,3,12,2,8,0,N
20019,0,1,0,0,1,1,1,5,20.8,3.2,213.02,0.02,21,0.31,11.83,66.57,8,13,5,4,5,N
18656,0,1,0,0,1,1,1,2,5.33,1.5,12.0,0.0,4,0.67,0.67,8.0,1,3,1,3,2,N
19857,0,1,0,0,1,1,1,2,9.83,2.0,39.3,0.01,7,0.5,2.18,19.65,3,4,3,4,2,N
18113,0,1,0,0,1,1,1,0,7.75,2.0,31.02,0.01,6,0.5,1.72,15.51,2,4,2,4,0,N
16303,0,1,0,0,1,1,1,0,5.33,1.5,12.0,0.0,4,0.67,0.67,8.0,1,3,1,3,0,N
21991,0,1,0,0,1,1,1,0,7.75,2.0,31.02,0.01,6,0.5,1.72,15.51,2,4,2,4,0,N
16393,1,21,0,2,11,11,1,21,41.42,9.23,3529.05,0.13,90,0.11,196.06,382.31,40,50,13,6,21,N
18951,0,1,0,0,1,1,1,0,9.83,2.0,39.3,0.01,7,0.5,2.18,19.65,3,4,3,4,0,N
14594,0,1,0,0,1,1,1,0,7.74,1.5,17.41,0.0,5,0.67,0.97,11.61,2,3,2,3,0,N
14595,0,1,0,0,1,1,1,0,7.74,1.5,17.41,0.0,5,0.67,0.97,11.61,2,3,2,3,0,N
19418,0,3,0,0,2,2,1,9,10.0,4.5,202.5,0.02,15,0.22,11.25,45.0,3,12,2,6,9,N
17432,0,1,0,0,1,1,1,0,9.31,2.5,58.16,0.01,9,0.4,3.23,23.26,1,8,1,5,0,N
15384,0,1,0,0,1,1,1,0,7.74,1.5,17.41,0.0,5,0.67,0.97,11.61,2,3,2,3,0,N
18056,0,1,0,0,1,1,1,4,9.47,2.67,67.38,0.01,9,0.38,3.74,25.27,4,5,3,4,4,N
20567,0,5,0,0,3,2,1,7,11.89,13.13,2048.55,0.05,35,0.08,113.81,156.08,15,20,8,14,7,N
23125,0,1,0,0,1,1,1,0,5.33,1.5,12.0,0.0,4,0.67,0.67,8.0,1,3,1,3,0,N
22327,0,1,0,0,1,1,1,0,0.0,0.0,0.0,0.0,0,0.0,0.0,0.0,0,0,0,0,0,N
14853,1,1,0,0,1,1,1,2,7.74,1.5,17.41,0.0,5,0.67,0.97,11.61,2,3,2,3,2,N
23529,1,1,0,4,1,1,1,4,21.67,1.8,70.2,0.01,13,0.56,3.9,39.0,6,7,5,3,4,N
21420,0,1,0,0,1,1,1,0,5.33,1.5,12.0,0.0,4,0.67,0.67,8.0,1,3,1,3,0,N
19680,0,1,0,0,1,1,1,0,9.51,3.0,85.59,0.01,9,0.33,4.75,28.53,3,6,3,6,0,N
20051,3,3,6,0,2,1,1,3,20.56,7.56,1173.56,0.05,38,0.13,65.2,155.32,17,21,9,8,9,N
14724,10,38,3,0,29,21,1,152,138.01,39.65,216976.11,1.82,732,0.03,12054.23,5472.24,324,408,143,35,155,N
22157,0,1,0,0,1,1,1,0,5.33,1.5,12.0,0.0,4,0.67,0.67,8.0,1,3,1,3,0,N
16269,0,1,0,0,1,1,1,0,5.33,1.5,12.0,0.0,4,0.67,0.67,8.0,1,3,1,3,0,N
21777,0,1,0,0,1,1,1,2,5.33,1.5,12.0,0.0,4,0.67,0.67,8.0,1,3,1,3,2,N
14442,0,1,0,0,1,1,1,0,7.74,1.5,17.41,0.0,5,0.67,0.97,11.61,2,3,2,3,0,N
23429,0,1,0,0,1,1,1,0,6.55,3.0,58.95,0.01,7,0.33,3.28,19.65,1,6,1,6,0,N
21180,15,1,0,24,1,1,1,13,74.92,2.5,468.24,0.06,42,0.4,26.01,187.3,17,25,17,5,13,Y
18287,6,1,0,4,1,1,1,19,35.77,15.32,8395.76,0.18,118,0.07,466.43,547.98,39,79,14,11,19,N
14450,0,1,0,0,1,1,1,0,8.3,6.0,298.97,0.02,15,0.17,16.61,49.83,3,12,2,8,0,N
21712,3,1,0,0,1,1,1,2,7.75,2.0,31.02,0.01,6,0.5,1.72,15.51,2,4,2,4,2,N
16289,0,1,0,0,1,1,1,0,7.74,1.5,17.41,0.0,5,0.67,0.97,11.61,2,3,2,3,0,N
22287,0,1,0,0,1,1,1,2,13.5,2.0,54.0,0.01,9,0.5,3.0,27.0,4,5,4,4,2,N
15686,0,1,0,0,1,1,1,4,10.24,7.0,501.89,0.02,20,0.14,27.88,71.7,7,13,4,8,4,N
15900,0,1,0,0,1,1,1,0,9.0,3.0,81.0,0.01,9,0.33,4.5,27.0,2,7,2,6,0,N
17705,0,1,0,0,1,1,1,0,7.86,2.5,49.13,0.01,7,0.4,2.73,19.65,2,5,2,5,0,N
15035,0,1,1,0,1,1,1,1,7.74,1.5,17.41,0.0,5,0.67,0.97,11.61,2,3,2,3,2,N
17066,0,1,0,0,1,1,1,0,5.33,1.5,12.0,0.0,4,0.67,0.67,8.0,1,3,1,3,0,N
20679,0,1,0,0,1,1,1,0,7.86,2.5,49.13,0.01,7,0.4,2.73,19.65,2,5,2,5,0,N
23228,0,1,0,0,1,1,1,0,7.74,1.5,17.41,0.0,5,0.67,0.97,11.61,2,3,2,3,0,N
16449,0,1,0,0,1,1,1,3,11.23,2.0,44.92,0.01,8,0.5,2.5,22.46,3,5,3,4,3,N
21421,0,1,0,0,1,1,1,0,5.33,1.5,12.0,0.0,4,0.67,0.67,8.0,1,3,1,3,0,N
14432,0,1,0,0,1,1,1,0,0.0,0.0,0.0,0.0,0,0.0,0.0,0.0,0,0,0,0,0,N
17912,0,1,0,0,1,1,1,2,8.98,2.5,56.15,0.01,8,0.4,3.12,22.46,2,6,2,5,2,N
21333,0,1,0,0,1,1,1,8,31.94,8.25,2174.2,0.09,60,0.12,120.79,263.54,22,38,12,9,8,N
15319,0,1,0,0,1,1,1,0,5.33,1.5,12.0,0.0,4,0.67,0.67,8.0,1,3,1,3,0,N
21644,0,3,0,0,2,2,1,4,10.88,5.6,341.29,0.02,17,0.18,18.96,60.94,8,9,5,7,4,N
20584,0,1,0,0,1,1,1,0,0.0,0.0,0.0,0.0,0,0.0,0.0,0.0,0,0,0,0,0,N
19160,0,1,0,0,1,1,1,0,7.75,2.0,31.02,0.01,6,0.5,1.72,15.51,2,4,2,4,0,N
17767,2,1,0,1,1,1,1,1,0.0,0.0,0.0,0.0,1,0.0,0.0,0.0,0,1,0,1,1,N
15646,0,1,0,0,1,1,1,0,7.74,1.5,17.41,0.0,5,0.67,0.97,11.61,2,3,2,3,0,N
20354,0,1,0,0,1,1,1,0,5.33,1.5,12.0,0.0,4,0.67,0.67,8.0,1,3,1,3,0,N
22024,2,1,0,0,1,1,1,2,7.74,1.5,17.41,0.0,5,0.67,0.97,11.61,2,3,2,3,2,N
16640,1,1,3,0,1,1,1,2,10.75,6.0,387.18,0.02,18,0.17,21.51,64.53,6,12,4,8,5,N
17496,0,3,0,0,2,1,1,0,7.75,2.0,31.02,0.01,6,0.5,1.72,15.51,2,4,2,4,0,N
16110,0,3,0,0,2,1,1,4,11.52,3.75,161.94,0.01,13,0.27,9.0,43.19,5,8,4,6,4,N
22817,0,1,0,0,1,1,1,0,7.75,2.0,31.02,0.01,6,0.5,1.72,15.51,2,4,2,4,0,N
14845,1,1,0,0,1,1,1,2,7.74,1.5,17.41,0.0,5,0.67,0.97,11.61,2,3,2,3,2,N
19453,0,1,0,0,1,1,1,0,7.86,2.5,49.13,0.01,7,0.4,2.73,19.65,2,5,2,5,0,N
23130,0,1,0,0,1,1,1,0,5.33,1.5,12.0,0.0,4,0.67,0.67,8.0,1,3,1,3,0,N
17635,0,1,0,0,1,1,1,1,7.74,1.5,17.41,0.0,5,0.67,0.97,11.61,2,3,2,3,1,N
14635,2,3,0,1,2,2,1,10,35.57,7.35,1922.93,0.09,55,0.14,106.83,261.51,25,30,17,10,10,N
20756,0,1,0,1,1,1,1,1,0.0,0.0,0.0,0.0,1,0.0,0.0,0.0,0,1,0,1,1,N
16619,14,1,2,4,1,1,1,36,96.51,10.29,10209.86,0.33,192,0.1,567.21,992.63,72,120,28,8,38,N
19583,0,1,0,0,1,1,1,0,7.86,2.5,49.13,0.01,7,0.4,2.73,19.65,2,5,2,5,0,N
19403,0,1,0,0,1,1,1,0,0.0,0.0,0.0,0.0,0,0.0,0.0,0.0,0,0,0,0,0,N
21258,2,1,0,0,1,1,1,14,15.29,13.8,2912.15,0.07,61,0.07,161.79,211.03,23,38,5,6,14,N
18604,0,1,0,0,1,1,1,4,16.0,3.0,144.0,0.02,16,0.33,8.0,48.0,6,10,4,4,4,N
15747,0,1,0,0,1,1,1,0,0.0,0.0,0.0,0.0,1,0.0,0.0,0.0,0,1,0,1,0,N
14438,0,1,0,0,1,1,1,0,7.75,2.0,31.02,0.01,6,0.5,1.72,15.51,2,4,2,4,0,N
21191,8,15,0,10,8,2,7,20,19.19,29.18,16337.89,0.19,111,0.03,907.66,559.93,43,68,14,19,20,N
21080,2,3,0,0,2,2,1,11,11.18,9.6,1030.2,0.04,29,0.1,57.23,107.31,12,17,5,8,11,N
18400,2,1,0,4,1,1,1,4,11.35,6.0,408.69,0.02,19,0.17,22.7,68.11,6,13,4,8,4,N
23522,1,1,0,4,1,1,1,4,21.67,1.8,70.2,0.01,13,0.56,3.9,39.0,6,7,5,3,4,N
14220,3,5,5,0,3,1,1,6,13.67,11.43,1786.01,0.05,40,0.09,99.22,156.28,20,20,7,8,11,N
15741,0,1,0,0,1,1,1,0,5.33,1.5,12.0,0.0,4,0.67,0.67,8.0,1,3,1,3,0,N
17161,4,7,1,8,4,1,1,23,25.56,20.0,10223.25,0.17,113,0.05,567.96,511.16,52,61,13,10,24,N
22439,3,3,6,3,1,1,1,7,24.67,10.08,2508.69,0.08,55,0.1,139.37,248.8,22,33,12,11,13,N
14480,4,21,6,4,11,8,7,37,61.59,17.5,18863.21,0.36,193,0.06,1047.96,1077.9,85,108,34,14,43,N
23145,0,1,0,0,1,1,1,0,7.75,2.0,31.02,0.01,6,0.5,1.72,15.51,2,4,2,4,0,N
17529,5,5,0,4,1,1,1,9,13.75,16.89,3921.48,0.08,50,0.06,217.86,232.19,19,31,9,16,9,N
20259,0,1,0,0,1,1,1,0,8.3,6.0,298.97,0.02,15,0.17,16.61,49.83,3,12,2,8,0,N
18255,5,5,0,4,3,3,1,23,22.98,28.81,19072.03,0.22,122,0.03,1059.56,662.0,55,67,21,22,23,N
17649,0,1,0,0,1,1,1,0,11.86,3.5,145.3,0.01,12,0.29,8.07,41.51,4,8,4,7,0,N
17344,0,1,0,0,1,1,1,0,8.3,6.0,298.97,0.02,15,0.17,16.61,49.83,3,12,2,8,0,N
19013,0,1,0,0,1,1,1,0,8.3,6.0,298.97,0.02,15,0.17,16.61,49.83,3,12,2,8,0,N
15104,1,3,2,0,2,1,1,2,8.72,4.0,139.48,0.01,11,0.25,7.75,34.87,4,7,3,6,4,N
21169,15,1,0,24,1,1,1,13,74.92,2.5,468.24,0.06,42,0.4,26.01,187.3,17,25,17,5,13,N
20303,0,3,0,0,2,1,1,0,7.75,2.0,31.02,0.01,6,0.5,1.72,15.51,2,4,2,4,0,N
20665,0,1,0,0,1,1,1,0,7.75,2.0,31.02,0.01,6,0.5,1.72,15.51,2,4,2,4,0,N
23360,0,1,0,0,1,1,1,0,0.0,0.0,0.0,0.0,0,0.0,0.0,0.0,0,0,0,0,0,N
20797,8,39,1,16,1,1,1,64,32.06,61.5,121246.74,0.66,353,0.02,6735.93,1971.49,123,230,24,24,65,N
21202,0,1,0,0,1,1,1,2,9.83,2.0,39.3,0.01,7,0.5,2.18,19.65,3,4,3,4,2,N
14928,2,5,4,0,3,1,1,14,22.42,7.11,1133.59,0.05,39,0.14,62.98,159.41,16,23,9,8,18,N
17999,10,21,4,16,11,10,11,36,57.78,23.9,33016.0,0.46,253,0.04,1834.22,1381.24,114,139,31,13,40,N
14151,0,1,1,0,1,1,1,1,9.83,2.0,39.3,0.01,7,0.5,2.18,19.65,3,4,3,4,2,N
16320,0,1,0,0,1,1,1,0,7.74,1.5,17.41,0.0,5,0.67,0.97,11.61,2,3,2,3,0,N
21476,0,1,0,0,1,1,1,0,9.31,2.5,58.16,0.01,9,0.4,3.23,23.26,1,8,1,5,0,N
22104,0,1,0,0,1,1,1,0,5.33,1.5,12.0,0.0,4,0.67,0.67,8.0,1,3,1,3,0,N
23490,26,29,13,12,1,1,1,47,45.0,22.17,22112.96,0.33,175,0.05,1228.5,997.58,77,98,33,19,60,N
23133,0,1,0,0,1,1,1,0,5.33,1.5,12.0,0.0,4,0.67,0.67,8.0,1,3,1,3,0,N
22868,0,1,0,0,1,1,1,0,7.75,2.0,31.02,0.01,6,0.5,1.72,15.51,2,4,2,4,0,N
21540,0,1,0,0,1,1,1,2,5.33,1.5,12.0,0.0,4,0.67,0.67,8.0,1,3,1,3,2,N
14861,1,1,0,0,1,1,1,2,7.74,1.5,17.41,0.0,5,0.67,0.97,11.61,2,3,2,3,2,N
16352,0,1,0,0,1,1,1,0,5.33,1.5,12.0,0.0,4,0.67,0.67,8.0,1,3,1,3,0,N
18168,1,11,0,2,6,4,1,22,18.66,13.54,3420.02,0.08,52,0.07,190.0,252.62,22,30,13,16,22,N
17970,3,5,1,8,3,3,1,12,23.67,9.09,1956.58,0.07,49,0.11,108.7,215.22,20,29,11,10,13,N
21128,21,1,11,30,1,1,1,11,127.35,3.75,1790.86,0.16,91,0.27,99.49,477.56,40,51,32,6,22,N
22657,0,1,0,0,1,1,1,0,7.75,2.0,31.02,0.01,6,0.5,1.72,15.51,2,4,2,4,0,N
23019,0,3,0,0,2,2,1,0,9.32,5.0,233.02,0.02,13,0.2,12.95,46.6,5,8,4,8,0,N
17704,0,1,0,0,1,1,1,3,12.0,2.5,75.0,0.01,10,0.4,4.17,30.0,3,7,3,5,3,N
22188,0,1,0,0,1,1,1,0,5.33,1.5,12.0,0.0,4,0.67,0.67,8.0,1,3,1,3,0,N
20345,0,1,0,0,1,1,1,0,5.33,1.5,12.0,0.0,4,0.67,0.67,8.0,1,3,1,3,0,N
14497,0,1,0,0,1,1,1,0,5.33,1.5,12.0,0.0,4,0.67,0.67,8.0,1,3,1,3,0,N
14465,0,1,0,0,1,1,1,0,5.33,1.5,12.0,0.0,4,0.67,0.67,8.0,1,3,1,3,0,N
22165,0,1,0,0,1,1,1,0,0.0,0.0,0.0,0.0,0,0.0,0.0,0.0,0,0,0,0,0,N
14089,0,1,0,0,1,1,1,0,0.0,0.0,0.0,0.0,1,0.0,0.0,0.0,0,1,0,1,0,N
22175,0,1,0,0,1,1,1,0,7.74,1.5,17.41,0.0,5,0.67,0.97,11.61,2,3,2,3,0,N
18273,14,7,0,23,4,4,1,41,28.38,51.4,74995.63,0.49,278,0.02,4166.42,1458.92,127,151,21,17,41,N
16745,0,1,0,0,1,1,1,0,0.0,0.0,0.0,0.0,2,0.0,0.0,2.0,0,2,0,2,0,N
16517,0,1,0,0,1,1,1,0,5.33,1.5,12.0,0.0,4,0.67,0.67,8.0,1,3,1,3,0,N
20770,13,27,0,21,15,8,5,79,40.13,53.57,115173.52,0.72,357,0.02,6398.53,2149.99,133,224,36,29,79,N
21836,2,7,0,0,4,2,3,11,12.35,16.0,3162.47,0.07,45,0.06,175.69,197.65,16,29,7,14,11,N
21401,0,3,0,0,2,1,1,7,16.78,6.29,663.06,0.04,27,0.16,36.84,105.49,11,16,7,8,7,N
17566,0,1,0,0,1,1,1,0,5.33,1.5,12.0,0.0,4,0.67,0.67,8.0,1,3,1,3,0,N
20117,1,5,0,0,3,3,1,13,17.24,7.5,969.51,0.04,31,0.13,53.86,129.27,12,19,8,10,13,N
15532,0,1,0,0,1,1,1,0,5.33,1.5,12.0,0.0,4,0.67,0.67,8.0,1,3,1,3,0,N
21907,0,1,0,0,1,1,1,2,6.2,2.5,38.77,0.01,6,0.4,2.15,15.51,1,5,1,5,2,N
21984,0,1,0,0,1,1,1,0,12.68,2.5,79.25,0.01,10,0.4,4.4,31.7,4,6,4,5,0,N
21395,0,1,0,0,1,1,1,11,29.28,11.78,4063.55,0.11,71,0.08,225.75,344.92,29,42,16,13,11,N
21271,0,1,0,0,1,1,1,0,5.33,1.5,12.0,0.0,4,0.67,0.67,8.0,1,3,1,3,0,N
17908,2,5,1,0,3,3,1,15,30.54,8.67,2294.06,0.09,57,0.12,127.45,264.7,26,31,15,10,16,N
22886,4,9,0,0,5,2,4,9,20.61,10.96,2476.71,0.08,47,0.09,137.6,225.95,19,28,13,15,9,N
19756,0,1,0,0,1,1,1,0,9.6,2.5,60.0,0.01,8,0.4,3.33,24.0,3,5,3,5,0,N
22349,0,1,0,0,1,1,1,0,13.5,2.0,54.0,0.01,9,0.5,3.0,27.0,4,5,4,4,0,N
19900,0,1,0,0,1,1,1,0,0.0,0.0,0.0,0.0,0,0.0,0.0,0.0,0,0,0,0,0,N
23300,0,1,0,0,1,1,1,0,7.74,1.5,17.41,0.0,5,0.67,0.97,11.61,2,3,2,3,0,N
18797,12,17,0,6,10,5,4,60,43.24,29.88,38605.2,0.43,217,0.03,2144.73,1292.06,68,149,33,29,60,N
22358,0,1,0,0,1,1,1,0,7.75,2.0,31.02,0.01,6,0.5,1.72,15.51,2,4,2,4,0,N
19960,0,1,0,0,1,1,1,3,12.0,2.5,75.0,0.01,10,0.4,4.17,30.0,3,7,3,5,3,N
16428,0,1,0,0,1,1,1,0,7.74,1.5,17.41,0.0,5,0.67,0.97,11.61,2,3,2,3,0,N
20109,1,3,0,2,2,2,1,12,14.73,8.94,1176.94,0.04,31,0.11,65.39,131.69,13,18,8,11,12,N
18871,0,1,0,0,1,1,1,0,9.31,2.5,58.16,0.01,9,0.4,3.23,23.26,1,8,1,5,0,N
16515,0,1,0,0,1,1,1,0,5.33,1.5,12.0,0.0,4,0.67,0.67,8.0,1,3,1,3,0,N
23259,0,1,0,0,1,1,1,0,7.75,2.0,31.02,0.01,6,0.5,1.72,15.51,2,4,2,4,0,N
18665,0,1,0,0,1,1,1,0,9.51,3.0,85.59,0.01,9,0.33,4.75,28.53,3,6,3,6,0,N
22371,0,1,0,0,1,1,1,0,6.55,3.0,58.95,0.01,7,0.33,3.28,19.65,1,6,1,6,0,N
14537,0,1,0,0,1,1,1,0,6.55,3.0,58.95,0.01,7,0.33,3.28,19.65,1,6,1,6,0,N
14236,6,1,0,9,1,1,1,3,16.84,1.5,37.9,0.01,9,0.67,2.11,25.27,4,5,4,3,3,N
22835,0,1,0,0,1,1,1,0,7.75,2.0,31.02,0.01,6,0.5,1.72,15.51,2,4,2,4,0,N
23001,0,1,0,0,1,1,1,0,8.6,7.5,483.97,0.02,18,0.13,26.89,64.53,5,13,3,9,0,N
21757,0,1,0,0,1,1,1,0,7.75,2.0,31.02,0.01,6,0.5,1.72,15.51,2,4,2,4,0,N
23328,0,3,0,0,2,2,1,0,9.32,5.0,233.02,0.02,13,0.2,12.95,46.6,5,8,4,8,0,N
20709,0,1,0,0,1,1,1,0,9.0,3.0,81.0,0.01,9,0.33,4.5,27.0,2,7,2,6,0,N
14314,2,1,0,1,1,1,1,1,0.0,0.0,0.0,0.0,1,0.0,0.0,0.0,0,1,0,1,1,N
16082,0,1,0,0,1,1,1,0,5.33,1.5,12.0,0.0,4,0.67,0.67,8.0,1,3,1,3,0,N
20429,0,1,0,0,1,1,1,2,6.2,2.5,38.77,0.01,6,0.4,2.15,15.51,1,5,1,5,2,N
17157,4,7,1,8,4,1,1,23,25.56,20.0,10223.25,0.17,113,0.05,567.96,511.16,52,61,13,10,24,N
20281,0,3,0,0,2,2,1,4,10.88,5.6,341.29,0.02,17,0.18,18.96,60.94,8,9,5,7,4,N
14973,0,1,0,0,1,1,1,2,7.74,1.5,17.41,0.0,5,0.67,0.97,11.61,2,3,2,3,2,N
19615,0,1,0,0,1,1,1,0,5.33,1.5,12.0,0.0,4,0.67,0.67,8.0,1,3,1,3,0,N
20080,0,1,0,0,1,1,1,0,7.74,1.5,17.41,0.0,5,0.67,0.97,11.61,2,3,2,3,0,N
20866,2,9,1,2,1,1,1,28,26.8,21.03,11848.79,0.19,109,0.05,658.27,563.52,47,62,19,17,29,N
22398,0,1,0,0,1,1,1,0,7.75,2.0,31.02,0.01,6,0.5,1.72,15.51,2,4,2,4,0,N
18910,0,1,0,0,1,1,1,0,7.75,2.0,31.02,0.01,6,0.5,1.72,15.51,2,4,2,4,0,N
16366,0,1,0,0,1,1,1,0,5.33,1.5,12.0,0.0,4,0.67,0.67,8.0,1,3,1,3,0,N
20621,0,1,0,0,1,1,1,0,7.75,2.0,31.02,0.01,6,0.5,1.72,15.51,2,4,2,4,0,N
21158,14,1,0,23,1,1,1,12,68.52,2.5,428.25,0.06,39,0.4,23.79,171.3,16,23,16,5,12,N
18554,1,5,0,3,3,3,1,19,19.07,10.91,2270.01,0.07,46,0.09,126.11,208.08,20,26,11,12,19,N
19375,2,7,0,0,4,2,3,11,12.35,16.0,3162.47,0.07,45,0.06,175.69,197.65,16,29,7,14,11,N
18678,0,1,0,0,1,1,1,0,5.33,1.5,12.0,0.0,4,0.67,0.67,8.0,1,3,1,3,0,N
17789,0,1,0,0,1,1,1,0,0.0,0.0,0.0,0.0,0,0.0,0.0,0.0,0,0,0,0,0,N
22652,0,1,0,0,1,1,1,0,5.33,1.5,12.0,0.0,4,0.67,0.67,8.0,1,3,1,3,0,N
20213,0,1,0,0,1,1,1,0,0.0,0.0,0.0,0.0,0,0.0,0.0,0.0,0,0,0,0,0,N
15837,0,1,0,0,1,1,1,0,5.33,1.5,12.0,0.0,4,0.67,0.67,8.0,1,3,1,3,0,N
22049,5,5,6,0,3,3,1,8,30.59,3.75,430.18,0.04,31,0.27,23.9,114.71,12,19,8,5,14,N
15622,0,1,0,0,1,1,1,0,5.33,1.5,12.0,0.0,4,0.67,0.67,8.0,1,3,1,3,0,N
17102,0,1,0,0,1,1,1,0,5.33,1.5,12.0,0.0,4,0.67,0.67,8.0,1,3,1,3,0,N
22256,0,3,0,0,2,2,1,4,21.5,7.15,1099.18,0.05,35,0.14,61.07,153.73,13,22,10,11,4,N
20371,0,3,0,0,2,2,1,4,13.67,6.0,492.27,0.03,21,0.17,27.35,82.04,6,15,5,10,4,N
20735,1,17,0,7,9,8,3,25,19.39,47.27,43326.7,0.31,185,0.02,2407.04,916.53,52,133,11,20,25,N
20699,3,7,0,4,1,1,1,27,34.35,13.68,6431.58,0.16,94,0.07,357.31,470.0,40,54,19,13,27,N
16117,0,1,0,0,1,1,1,0,5.33,1.5,12.0,0.0,4,0.67,0.67,8.0,1,3,1,3,0,N
14840,1,1,0,0,1,1,1,2,7.74,1.5,17.41,0.0,5,0.67,0.97,11.61,2,3,2,3,2,N
19766,0,1,0,0,1,1,1,0,6.55,3.0,58.95,0.01,7,0.33,3.28,19.65,1,6,1,6,0,N
15581,0,1,0,0,1,1,1,0,7.74,1.5,17.41,0.0,5,0.67,0.97,11.61,2,3,2,3,0,N
17375,0,1,0,0,1,1,1,0,7.75,2.0,31.02,0.01,6,0.5,1.72,15.51,2,4,2,4,0,N
18590,0,1,0,0,1,1,1,0,0.0,0.0,0.0,0.0,0,0.0,0.0,0.0,0,0,0,0,0,N
18292,1,1,0,7,1,1,1,9,41.68,6.43,1722.6,0.09,62,0.16,95.7,267.96,30,32,14,6,9,N
22659,0,1,0,0,1,1,1,0,8.3,6.0,298.97,0.02,15,0.17,16.61,49.83,3,12,2,8,0,N
21166,14,1,1,23,1,1,1,11,68.52,2.5,428.25,0.06,39,0.4,23.79,171.3,16,23,16,5,12,N
17365,0,1,0,0,1,1,1,0,7.86,2.5,49.13,0.01,7,0.4,2.73,19.65,2,5,2,5,0,N
14892,1,1,0,0,1,1,1,2,7.74,1.5,17.41,0.0,5,0.67,0.97,11.61,2,3,2,3,2,N
15476,0,1,0,0,1,1,1,0,5.33,1.5,12.0,0.0,4,0.67,0.67,8.0,1,3,1,3,0,N
15455,0,1,0,0,1,1,1,0,7.74,1.5,17.41,0.0,5,0.67,0.97,11.61,2,3,2,3,0,N
16221,0,1,0,0,1,1,1,0,7.75,2.0,31.02,0.01,6,0.5,1.72,15.51,2,4,2,4,0,N
21001,0,1,0,0,1,1,1,2,7.74,1.5,17.41,0.0,5,0.67,0.97,11.61,2,3,2,3,2,N
19744,0,1,0,0,1,1,1,0,0.0,0.0,0.0,0.0,0,0.0,0.0,0.0,0,0,0,0,0,N
15711,0,1,0,0,1,1,1,0,7.75,2.0,31.02,0.01,6,0.5,1.72,15.51,2,4,2,4,0,N
19964,0,1,0,0,1,1,1,2,8.98,2.5,56.15,0.01,8,0.4,3.12,22.46,2,6,2,5,2,N
14681,0,1,0,0,1,1,1,2,11.86,3.5,145.3,0.01,12,0.29,8.07,41.51,4,8,4,7,2,N
20980,1,11,1,8,6,1,1,11,14.66,18.2,4857.4,0.09,59,0.05,269.86,266.89,28,31,10,13,12,N
14472,0,1,0,0,1,1,1,0,5.33,1.5,12.0,0.0,4,0.67,0.67,8.0,1,3,1,3,0,N
20479,0,1,0,0,1,1,1,0,7.75,2.0,31.02,0.01,6,0.5,1.72,15.51,2,4,2,4,0,N
14955,0,1,0,0,1,1,1,2,7.74,1.5,17.41,0.0,5,0.67,0.97,11.61,2,3,2,3,2,N
17638,2,1,0,1,1,1,1,1,0.0,0.0,0.0,0.0,1,0.0,0.0,0.0,0,1,0,1,1,N
18358,6,1,0,8,1,1,1,14,27.22,16.0,6969.14,0.15,95,0.06,387.17,435.57,32,63,12,12,14,N
15252,0,3,0,0,1,1,1,8,13.83,8.57,1016.03,0.04,29,0.12,56.45,118.54,12,17,7,10,8,N
19521,0,3,0,0,2,1,1,0,0.0,0.0,0.0,0.0,0,0.0,0.0,0.0,0,0,0,0,0,N
18317,8,1,0,0,1,1,1,11,54.79,3.64,724.55,0.07,51,0.28,40.25,199.25,20,31,11,4,11,N
19291,0,1,0,0,1,1,1,0,7.75,2.0,31.02,0.01,6,0.5,1.72,15.51,2,4,2,4,0,N
21474,2,1,0,1,1,1,1,1,0.0,0.0,0.0,0.0,1,0.0,0.0,0.0,0,1,0,1,1,N
16203,0,1,0,0,1,1,1,0,12.68,2.5,79.25,0.01,10,0.4,4.4,31.7,4,6,4,5,0,N
19151,0,1,0,0,1,1,1,0,7.74,1.5,17.41,0.0,5,0.67,0.97,11.61,2,3,2,3,0,N
14529,0,1,0,0,1,1,1,2,5.33,1.5,12.0,0.0,4,0.67,0.67,8.0,1,3,1,3,2,N
19655,0,1,0,0,1,1,1,0,5.33,1.5,12.0,0.0,4,0.67,0.67,8.0,1,3,1,3,0,N
19248,0,1,0,0,1,1,1,0,0.0,0.0,0.0,0.0,1,0.0,0.0,0.0,0,1,0,1,0,N
16023,0,1,0,0,1,1,1,0,5.33,1.5,12.0,0.0,4,0.67,0.67,8.0,1,3,1,3,0,N
19445,0,1,0,0,1,1,1,0,5.8,2.0,23.22,0.0,5,0.5,1.29,11.61,1,4,1,4,0,N
14762,4,1,3,3,1,1,1,14,45.8,8.0,2931.27,0.12,81,0.13,162.85,366.41,30,51,15,8,17,N
22446,2,13,1,8,7,6,6,54,25.11,40.0,40181.42,0.33,184,0.03,2232.3,1004.54,80,104,22,22,55,N
20598,0,1,0,0,1,1,1,0,7.74,1.5,17.41,0.0,5,0.67,0.97,11.61,2,3,2,3,0,N
23370,0,1,0,0,1,1,1,0,7.74,1.5,17.41,0.0,5,0.67,0.97,11.61,2,3,2,3,0,N
20561,4,7,0,3,4,3,4,10,26.1,9.43,2320.6,0.08,53,0.11,128.91,246.12,24,29,14,11,10,N
20994,7,27,5,17,14,6,1,72,24.57,81.89,164734.96,0.67,378,0.01,9151.94,2011.69,134,244,18,22,77,N
16026,0,1,0,0,1,1,1,0,5.33,1.5,12.0,0.0,4,0.67,0.67,8.0,1,3,1,3,0,N
19709,0,3,0,0,2,2,1,0,7.75,2.0,31.02,0.01,6,0.5,1.72,15.51,2,4,2,4,0,N
21786,0,1,0,0,1,1,1,0,9.51,3.0,85.59,0.01,9,0.33,4.75,28.53,3,6,3,6,0,N
20683,0,1,0,0,1,1,1,2,8.98,2.5,56.15,0.01,8,0.4,3.12,22.46,2,6,2,5,2,N
16783,0,1,0,0,1,1,1,0,5.33,1.5,12.0,0.0,4,0.67,0.67,8.0,1,3,1,3,0,N
23352,0,1,0,0,1,1,1,0,0.0,0.0,0.0,0.0,0,0.0,0.0,0.0,0,0,0,0,0,N
22121,1,9,0,0,5,3,3,12,17.46,16.55,4779.2,0.1,63,0.06,265.51,288.85,28,35,11,13,12,N
18422,0,1,0,0,1,1,1,0,8.3,6.67,369.01,0.02,16,0.15,20.5,55.35,5,11,3,8,0,N
18211,10,1,4,9,1,1,1,12,41.56,18.41,14082.95,0.26,153,0.05,782.39,765.0,81,72,22,10,16,N
15957,0,1,0,0,1,1,1,0,5.33,1.5,12.0,0.0,4,0.67,0.67,8.0,1,3,1,3,0,N
22229,0,1,0,0,1,1,1,0,7.74,1.5,17.41,0.0,5,0.67,0.97,11.61,2,3,2,3,0,N
18558,1,5,0,0,3,3,1,13,16.4,7.07,820.29,0.04,29,0.14,45.57,116.0,11,18,7,9,13,N
16567,2,3,2,0,2,1,1,9,12.13,11.0,1467.81,0.04,32,0.09,81.55,133.44,11,21,6,12,11,N
21814,0,1,0,0,1,1,1,4,9.47,2.67,67.38,0.01,9,0.38,3.74,25.27,4,5,3,4,4,N
17109,0,1,0,0,1,1,1,0,7.74,1.5,17.41,0.0,5,0.67,0.97,11.61,2,3,2,3,0,N
19850,4,15,0,0,1,1,1,16,21.5,25.33,13797.14,0.18,101,0.04,766.51,544.62,38,63,18,24,16,N
17676,0,1,0,0,1,1,1,0,9.6,2.5,60.0,0.01,8,0.4,3.33,24.0,3,5,3,5,0,N
14918,0,1,0,0,1,1,1,2,7.74,1.5,17.41,0.0,5,0.67,0.97,11.61,2,3,2,3,2,N
14615,7,15,1,6,8,5,7,34,73.7,11.83,10320.65,0.29,153,0.08,573.37,872.17,71,82,39,13,35,N
17797,0,1,0,0,1,1,1,0,0.0,0.0,0.0,0.0,1,0.0,0.0,0.0,0,1,0,1,0,N
18260,1,1,0,0,1,1,1,9,42.67,3.56,539.44,0.05,41,0.28,29.97,151.72,16,25,9,4,9,N
17752,2,7,0,0,4,2,3,11,12.35,16.0,3162.47,0.07,45,0.06,175.69,197.65,16,29,7,14,11,N
22489,0,1,0,0,1,1,1,0,0.0,0.0,0.0,0.0,0,0.0,0.0,0.0,0,0,0,0,0,N
20148,0,1,0,0,1,1,1,0,7.75,2.0,31.02,0.01,6,0.5,1.72,15.51,2,4,2,4,0,N
21404,1,1,0,0,1,1,1,6,21.58,5.25,594.82,0.04,29,0.19,33.05,113.3,12,17,8,7,6,N
22590,0,3,0,0,2,2,1,3,14.28,4.0,228.44,0.02,15,0.25,12.69,57.11,6,9,6,8,3,N
21529,0,1,0,0,1,1,1,0,7.74,1.5,17.41,0.0,5,0.67,0.97,11.61,2,3,2,3,0,N
21210,0,1,0,0,1,1,1,3,11.63,2.0,46.53,0.01,9,0.5,2.58,23.26,4,5,3,3,3,N
17037,0,1,0,0,1,1,1,0,7.74,1.5,17.41,0.0,5,0.67,0.97,11.61,2,3,2,3,0,N
16602,2,23,9,6,17,15,7,43,34.14,30.0,30723.65,0.34,172,0.03,1706.87,1024.11,64,108,32,30,52,N
19845,35,72,9,11,1,1,1,151,77.57,45.92,163597.93,1.19,514,0.02,9088.77,3562.4,211,303,85,37,160,N
15121,6,5,10,0,3,1,1,15,22.9,11.46,3006.28,0.09,58,0.09,167.02,262.37,25,33,12,11,25,N
21118,22,1,12,88,1,1,1,10,122.07,3.6,1582.0,0.15,85,0.28,87.89,439.44,36,49,30,6,22,Y
16033,0,1,0,0,1,1,1,0,0.0,0.0,0.0,0.0,3,0.0,0.0,4.75,0,3,0,3,0,N
16603,2,23,9,6,17,15,7,43,34.14,30.0,30723.65,0.34,172,0.03,1706.87,1024.11,64,108,32,30,52,N
22056,5,5,6,0,3,3,1,8,30.59,3.75,430.18,0.04,31,0.27,23.9,114.71,12,19,8,5,14,N
20597,0,1,0,0,1,1,1,0,6.86,3.5,84.0,0.01,8,0.29,4.67,24.0,1,7,1,7,0,N
14310,0,1,0,0,1,1,1,0,5.8,2.0,23.22,0.0,5,0.5,1.29,11.61,1,4,1,4,0,N
18990,0,1,0,0,1,1,1,0,9.31,2.5,58.16,0.01,9,0.4,3.23,23.26,1,8,1,5,0,N
20552,0,1,0,0,1,1,1,0,7.75,2.0,31.02,0.01,6,0.5,1.72,15.51,2,4,2,4,0,N
15206,2,3,0,1,2,2,1,11,18.83,9.0,1525.13,0.06,38,0.11,84.73,169.46,15,23,10,12,11,N
21049,4,5,0,2,3,2,1,20,50.07,8.26,3417.03,0.14,82,0.12,189.83,413.64,38,44,23,10,20,N
19974,0,1,0,0,1,1,1,0,8.3,6.0,298.97,0.02,15,0.17,16.61,49.83,3,12,2,8,0,N
22638,0,1,0,0,1,1,1,0,7.75,2.0,31.02,0.01,6,0.5,1.72,15.51,2,4,2,4,0,N
18332,1,5,0,2,3,2,1,10,14.31,15.11,3267.33,0.07,46,0.07,181.52,216.22,16,30,9,17,10,N
22435,0,3,0,0,2,1,1,0,12.18,3.0,109.62,0.01,11,0.33,6.09,36.54,4,7,4,6,0,N
21038,5,3,4,2,2,2,1,16,45.05,14.81,9887.86,0.22,123,0.07,549.33,667.43,50,73,27,16,20,N
23518,1,1,0,4,1,1,1,4,21.67,1.8,70.2,0.01,13,0.56,3.9,39.0,6,7,5,3,4,N
22086,2,3,5,0,2,2,1,5,13.96,6.0,502.57,0.03,22,0.17,27.92,83.76,9,13,6,8,10,N
22215,0,1,0,0,1,1,1,2,8.98,2.5,56.15,0.01,8,0.4,3.12,22.46,2,6,2,5,2,N
19729,0,3,0,0,2,1,1,3,5.07,8.75,388.32,0.01,14,0.11,21.57,44.38,5,9,2,7,3,N
22341,0,1,0,0,1,1,1,0,0.0,0.0,0.0,0.0,0,0.0,0.0,0.0,0,0,0,0,0,N
20170,0,3,0,0,2,1,1,3,5.07,8.75,388.32,0.01,14,0.11,21.57,44.38,5,9,2,7,3,N
19980,0,3,0,0,2,2,1,4,13.67,6.0,492.27,0.03,21,0.17,27.35,82.04,6,15,5,10,4,N
17051,0,1,0,0,1,1,1,2,7.81,9.0,632.78,0.02,19,0.11,35.15,70.31,8,11,4,9,2,N
22455,1,5,0,0,3,3,1,13,17.24,7.5,969.51,0.04,31,0.13,53.86,129.27,12,19,8,10,13,N
22874,0,3,0,0,2,2,1,3,15.56,5.14,411.43,0.03,20,0.19,22.86,80.0,8,12,7,9,3,N
20794,1,1,0,5,1,1,1,25,188.48,4.9,4519.03,0.31,155,0.2,251.06,922.9,142,13,58,4,25,N
19597,0,1,0,0,1,1,1,0,9.51,3.0,85.59,0.01,9,0.33,4.75,28.53,3,6,3,6,0,N
22325,0,1,0,0,1,1,1,0,0.0,0.0,0.0,0.0,0,0.0,0.0,0.0,0,0,0,0,0,N
21391,0,1,0,0,1,1,1,12,32.45,11.73,4467.3,0.13,81,0.09,248.18,380.74,32,49,15,11,12,N
22154,0,1,0,0,1,1,1,0,0.0,0.0,0.0,0.0,3,0.0,0.0,4.75,0,3,0,3,0,N
21247,0,3,0,0,2,1,1,10,12.16,10.08,1236.46,0.04,30,0.1,68.69,122.62,11,19,6,11,10,N
17992,20,41,13,26,21,19,19,78,84.23,48.37,197048.57,1.36,679,0.02,10947.14,4074.0,316,363,49,15,91,N
17211,0,1,0,0,1,1,1,5,28.56,3.33,317.28,0.03,25,0.3,17.63,95.18,12,13,9,5,5,N
22986,4,1,0,0,1,1,1,5,21.25,2.4,122.4,0.02,17,0.42,6.8,51.0,8,9,5,3,5,N
19862,0,3,0,0,2,2,1,8,23.46,10.29,2485.24,0.08,52,0.1,138.07,241.48,19,33,12,13,8,N
18146,0,1,0,0,1,1,1,0,7.75,2.0,31.02,0.01,6,0.5,1.72,15.51,2,4,2,4,0,N
17360,0,1,0,0,1,1,1,2,5.33,1.5,12.0,0.0,4,0.67,0.67,8.0,1,3,1,3,2,N
17302,0,1,0,0,1,1,1,1,7.74,1.5,17.41,0.0,5,0.67,0.97,11.61,2,3,2,3,1,N
15899,0,1,0,0,1,1,1,0,7.75,2.0,31.02,0.01,6,0.5,1.72,15.51,2,4,2,4,0,N
19621,0,1,0,0,1,1,1,0,0.0,0.0,0.0,0.0,1,0.0,0.0,0.0,0,1,0,1,0,N
14666,3,1,1,0,1,1,1,2,16.84,1.5,37.9,0.01,9,0.67,2.11,25.27,4,5,4,3,3,N
16798,0,1,0,0,1,1,1,0,7.74,1.5,17.41,0.0,5,0.67,0.97,11.61,2,3,2,3,0,N
18210,10,1,4,9,1,1,1,12,41.56,18.41,14082.95,0.26,153,0.05,782.39,765.0,81,72,22,10,16,N
14633,1,7,0,2,4,3,1,13,23.37,9.45,2087.42,0.07,52,0.11,115.97,220.89,21,31,10,9,13,N
22402,0,1,0,0,1,1,1,0,9.51,3.0,85.59,0.01,9,0.33,4.75,28.53,3,6,3,6,0,N
21720,0,1,0,0,1,1,1,0,6.2,2.5,38.77,0.01,6,0.4,2.15,15.51,1,5,1,5,0,N
14316,3,1,0,0,1,1,1,2,7.75,2.0,31.02,0.01,6,0.5,1.72,15.51,2,4,2,4,2,N
19508,2,1,0,2,1,1,1,5,22.19,2.0,88.76,0.01,14,0.5,4.93,44.38,5,9,5,4,5,N
18510,0,3,0,0,2,1,1,0,7.75,2.0,31.02,0.01,6,0.5,1.72,15.51,2,4,2,4,0,N
21602,0,1,0,0,1,1,1,1,7.74,1.5,17.41,0.0,5,0.67,0.97,11.61,2,3,2,3,1,N
14478,5,17,3,5,9,9,7,34,77.51,14.27,15784.32,0.37,197,0.07,876.91,1106.1,88,109,37,12,37,N
15515,0,5,0,0,3,1,3,3,8.96,6.0,322.65,0.02,15,0.17,17.92,53.77,6,9,4,8,3,N
14334,0,1,0,0,1,1,1,0,7.74,1.5,17.41,0.0,5,0.67,0.97,11.61,2,3,2,3,0,N
21345,0,1,0,0,1,1,1,10,43.64,7.88,2706.21,0.11,74,0.13,150.34,343.65,28,46,16,9,10,N
23098,0,1,0,0,1,1,1,0,7.33,4.5,148.5,0.01,11,0.22,8.25,33.0,3,8,2,6,0,N
15762,0,1,0,1,1,1,1,5,26.94,2.0,107.78,0.02,17,0.5,5.99,53.89,8,9,6,3,5,N
15798,0,1,0,0,1,1,1,0,5.33,1.5,12.0,0.0,4,0.67,0.67,8.0,1,3,1,3,0,N
22580,1,5,0,0,3,3,1,13,17.24,7.5,969.51,0.04,31,0.13,53.86,129.27,12,19,8,10,13,N
19003,0,3,0,0,2,1,1,0,0.0,0.0,0.0,0.0,0,0.0,0.0,0.0,0,0,0,0,0,N
20035,6,1,0,0,1,1,1,7,44.81,2.0,179.25,0.03,25,0.5,9.96,89.62,12,13,9,3,7,N
16569,2,3,2,0,2,1,1,9,12.13,11.0,1467.81,0.04,32,0.09,81.55,133.44,11,21,6,12,11,N
22596,0,1,0,0,1,1,1,0,7.74,1.5,17.41,0.0,5,0.67,0.97,11.61,2,3,2,3,0,N
20977,0,1,0,0,1,1,1,2,7.86,2.5,49.13,0.01,7,0.4,2.73,19.65,2,5,2,5,2,N
20179,2,1,0,1,1,1,1,1,0.0,0.0,0.0,0.0,1,0.0,0.0,0.0,0,1,0,1,1,N
21362,0,1,0,0,1,1,1,10,23.44,11.0,2836.27,0.09,57,0.09,157.57,257.83,24,33,12,11,10,N
14413,0,1,0,0,1,1,1,0,0.0,0.0,0.0,0.0,1,0.0,0.0,0.0,0,1,0,1,0,N
21646,0,1,0,0,1,1,1,0,12.68,2.5,79.25,0.01,10,0.4,4.4,31.7,4,6,4,5,0,N
15674,0,1,0,0,1,1,1,0,5.33,1.5,12.0,0.0,4,0.67,0.67,8.0,1,3,1,3,0,N
23409,0,1,0,0,1,1,1,0,12.18,3.0,109.62,0.01,11,0.33,6.09,36.54,4,7,4,6,0,N
21701,0,3,0,0,2,2,1,3,14.28,4.0,228.44,0.02,15,0.25,12.69,57.11,6,9,6,8,3,N
19855,1,5,0,0,3,3,1,9,14.69,11.7,2011.18,0.06,38,0.09,111.73,171.9,18,20,10,13,9,N
18649,0,1,0,0,1,1,1,0,7.86,2.5,49.13,0.01,7,0.4,2.73,19.65,2,5,2,5,0,N
17798,0,1,0,0,1,1,1,0,0.0,0.0,0.0,0.0,0,0.0,0.0,0.0,0,0,0,0,0,N
16629,1,1,3,0,1,1,1,2,10.75,6.0,387.18,0.02,18,0.17,21.51,64.53,6,12,4,8,5,N
16858,0,1,0,0,1,1,1,0,5.33,1.5,12.0,0.0,4,0.67,0.67,8.0,1,3,1,3,0,N
15596,0,1,0,0,1,1,1,0,5.33,1.5,12.0,0.0,4,0.67,0.67,8.0,1,3,1,3,0,N
22152,0,1,0,0,1,1,1,0,0.0,0.0,0.0,0.0,0,0.0,0.0,0.0,0,0,0,0,0,N
16904,0,1,0,0,1,1,1,0,5.33,1.5,12.0,0.0,4,0.67,0.67,8.0,1,3,1,3,0,N
15085,4,5,0,1,3,3,1,18,28.22,8.25,1920.54,0.08,53,0.12,106.7,232.79,22,31,12,9,18,N
21725,0,1,0,0,1,1,1,0,0.0,0.0,0.0,0.0,0,0.0,0.0,0.0,0,0,0,0,0,N
18968,1,5,0,0,3,3,1,13,17.24,7.5,969.51,0.04,31,0.13,53.86,129.27,12,19,8,10,13,N
15839,0,1,0,0,1,1,1,0,5.33,1.5,12.0,0.0,4,0.67,0.67,8.0,1,3,1,3,0,N
18624,0,1,0,0,1,1,1,0,7.75,2.0,31.02,0.01,6,0.5,1.72,15.51,2,4,2,4,0,N
21923,0,1,0,0,1,1,1,0,7.75,2.0,31.02,0.01,6,0.5,1.72,15.51,2,4,2,4,0,N
20622,0,3,0,0,2,2,1,4,8.54,5.83,290.67,0.02,15,0.17,16.14,49.83,5,10,3,7,4,N
18110,0,1,0,0,1,1,1,0,9.6,2.5,60.0,0.01,8,0.4,3.33,24.0,3,5,3,5,0,N
23010,1,5,0,0,3,3,1,13,16.4,7.07,820.29,0.04,29,0.14,45.57,116.0,11,18,7,9,13,N
14221,3,5,5,0,3,1,1,6,13.67,11.43,1786.01,0.05,40,0.09,99.22,156.28,20,20,7,8,11,N
14358,0,5,0,0,3,2,1,7,11.89,13.13,2048.55,0.05,35,0.08,113.81,156.08,15,20,8,14,7,N
23207,0,1,0,0,1,1,1,0,0.0,0.0,0.0,0.0,3,0.0,0.0,4.75,0,3,0,3,0,N
14436,0,1,0,0,1,1,1,0,9.6,2.5,60.0,0.01,8,0.4,3.33,24.0,3,5,3,5,0,N
19440,0,3,0,0,2,1,1,0,7.75,2.0,31.02,0.01,6,0.5,1.72,15.51,2,4,2,4,0,N
23486,11,3,0,5,2,2,1,16,25.41,12.54,3993.6,0.11,67,0.08,221.87,318.58,27,40,14,13,16,N
21763,0,1,0,0,1,1,1,0,7.75,2.0,31.02,0.01,6,0.5,1.72,15.51,2,4,2,4,0,N
23020,0,1,0,0,1,1,1,0,6.55,3.0,58.95,0.01,7,0.33,3.28,19.65,1,6,1,6,0,N
18798,12,17,0,6,10,5,4,60,43.24,29.88,38605.2,0.43,217,0.03,2144.73,1292.06,68,149,33,29,60,N
20843,8,55,4,17,1,1,1,71,35.59,83.83,250072.91,0.99,516,0.01,13892.94,2983.18,187,329,29,26,75,N
18516,0,1,0,0,1,1,1,0,10.0,1.0,10.0,0.0,5,1.0,0.56,10.0,2,3,2,2,0,N
14309,0,1,0,0,1,1,1,0,5.8,2.0,23.22,0.0,5,0.5,1.29,11.61,1,4,1,4,0,N
23146,0,1,0,0,1,1,1,0,7.75,2.0,31.02,0.01,6,0.5,1.72,15.51,2,4,2,4,0,N
16635,1,1,3,0,1,1,1,2,10.75,6.0,387.18,0.02,18,0.17,21.51,64.53,6,12,4,8,5,N
21196,0,1,0,0,1,1,1,7,20.09,7.0,984.54,0.05,36,0.14,54.7,140.65,16,20,8,7,7,N
21665,0,1,0,0,1,1,1,2,5.33,1.5,12.0,0.0,4,0.67,0.67,8.0,1,3,1,3,2,N
23162,0,1,0,0,1,1,1,0,12.18,3.0,109.62,0.01,11,0.33,6.09,36.54,4,7,4,6,0,N
19592,0,1,0,0,1,1,1,0,5.33,1.5,12.0,0.0,4,0.67,0.67,8.0,1,3,1,3,0,N
23172,0,1,0,0,1,1,1,0,7.75,2.0,31.02,0.01,6,0.5,1.72,15.51,2,4,2,4,0,N
17156,4,7,1,8,4,1,1,23,23.26,21.67,10918.18,0.17,113,0.05,606.57,503.92,52,61,12,10,24,N
17032,0,1,0,0,1,1,1,0,7.74,1.5,17.41,0.0,5,0.67,0.97,11.61,2,3,2,3,0,N
16175,0,1,0,0,1,1,1,0,7.75,2.0,31.02,0.01,6,0.5,1.72,15.51,2,4,2,4,0,N
14705,3,5,9,0,3,3,1,8,31.33,6.0,1128.0,0.06,47,0.17,62.67,188.0,20,27,10,6,17,N
21515,0,1,0,0,1,1,1,2,5.33,1.5,12.0,0.0,4,0.67,0.67,8.0,1,3,1,3,2,N
16566,6,5,5,0,3,1,1,12,14.82,12.83,2440.45,0.06,44,0.08,135.58,190.16,21,23,9,11,17,N
16738,0,1,0,0,1,1,1,0,9.51,3.0,85.59,0.01,9,0.33,4.75,28.53,3,6,3,6,0,N
22645,0,1,0,0,1,1,1,2,5.33,1.5,12.0,0.0,4,0.67,0.67,8.0,1,3,1,3,2,N
18479,0,1,0,0,1,1,1,0,0.0,0.0,0.0,0.0,0,0.0,0.0,0.0,0,0,0,0,0,N
22041,17,1,0,0,1,1,1,11,25.02,7.77,1511.69,0.06,45,0.13,83.98,194.49,19,26,11,9,11,N
22943,10,1,0,9,1,1,1,7,44.77,2.18,213.1,0.03,25,0.46,11.84,97.67,12,13,11,4,7,N
16407,0,1,0,0,1,1,1,0,5.33,1.5,12.0,0.0,4,0.67,0.67,8.0,1,3,1,3,0,N
22317,0,1,0,0,1,1,1,0,0.0,0.0,0.0,0.0,0,0.0,0.0,0.0,0,0,0,0,0,N
20669,0,1,0,0,1,1,1,0,7.75,2.0,31.02,0.01,6,0.5,1.72,15.51,2,4,2,4,0,N
17692,0,1,0,0,1,1,1,0,12.18,3.0,109.62,0.01,11,0.33,6.09,36.54,4,7,4,6,0,N
19634,0,1,0,0,1,1,1,0,5.33,1.5,12.0,0.0,4,0.67,0.67,8.0,1,3,1,3,0,N
17956,1,1,0,0,1,1,1,9,31.26,4.75,705.19,0.05,38,0.21,39.18,148.46,19,19,10,5,9,N
21434,1,1,1,1,1,1,1,5,15.99,5.0,399.77,0.03,21,0.2,22.21,79.95,10,11,7,7,6,N
18284,5,5,0,3,3,3,1,23,24.9,27.5,18832.67,0.23,127,0.04,1046.26,684.82,55,72,21,21,23,N
23071,0,1,0,0,1,1,1,0,6.2,2.5,38.77,0.01,6,0.4,2.15,15.51,1,5,1,5,0,N
15567,0,1,0,0,1,1,1,0,5.33,1.5,12.0,0.0,4,0.67,0.67,8.0,1,3,1,3,0,N
16474,0,1,0,0,1,1,1,0,5.33,1.5,12.0,0.0,4,0.67,0.67,8.0,1,3,1,3,0,N
17947,3,7,0,4,1,1,1,27,34.35,13.68,6431.58,0.16,94,0.07,357.31,470.0,40,54,19,13,27,N
15305,0,1,0,0,1,1,1,0,5.33,1.5,12.0,0.0,4,0.67,0.67,8.0,1,3,1,3,0,N
16734,0,1,0,0,1,1,1,0,5.33,1.5,12.0,0.0,4,0.67,0.67,8.0,1,3,1,3,0,N
16890,0,1,0,0,1,1,1,0,5.33,1.5,12.0,0.0,4,0.67,0.67,8.0,1,3,1,3,0,N
21486,0,1,0,0,1,1,1,0,0.0,0.0,0.0,0.0,0,0.0,0.0,0.0,0,0,0,0,0,N
16847,0,1,0,0,1,1,1,0,5.33,1.5,12.0,0.0,4,0.67,0.67,8.0,1,3,1,3,0,N
23364,0,1,0,0,1,1,1,0,0.0,0.0,0.0,0.0,0,0.0,0.0,0.0,0,0,0,0,0,N
22595,0,1,0,0,1,1,1,0,7.75,2.0,31.02,0.01,6,0.5,1.72,15.51,2,4,2,4,0,N
18226,5,5,0,3,3,2,1,21,26.36,25.5,17138.3,0.22,130,0.04,952.13,672.09,51,79,18,18,21,N
22153,0,1,0,0,1,1,1,0,6.2,2.5,38.77,0.01,6,0.4,2.15,15.51,1,5,1,5,0,N
17134,0,3,0,0,2,1,1,0,0.0,0.0,0.0,0.0,0,0.0,0.0,0.0,0,0,0,0,0,N
14139,2,1,0,3,1,1,1,7,20.08,5.5,607.27,0.04,29,0.18,33.74,110.41,11,18,7,7,7,N
23487,6,1,0,0,1,1,1,13,35.16,5.0,879.05,0.06,45,0.2,48.84,175.81,20,25,10,5,13,N
15808,0,1,0,0,1,1,1,0,9.6,2.5,60.0,0.01,8,0.4,3.33,24.0,3,5,3,5,0,N
16896,0,1,0,0,1,1,1,0,5.33,1.5,12.0,0.0,4,0.67,0.67,8.0,1,3,1,3,0,N
20365,0,1,0,0,1,1,1,0,9.51,3.0,85.59,0.01,9,0.33,4.75,28.53,3,6,3,6,0,N
18328,18,11,0,27,6,4,1,42,49.26,38.25,72074.4,0.63,319,0.03,4004.13,1884.3,153,166,40,20,42,N
21524,0,1,0,0,1,1,1,3,9.51,3.0,85.59,0.01,9,0.33,4.75,28.53,3,6,3,6,3,N
16548,0,1,0,0,1,1,1,0,7.74,1.5,17.41,0.0,5,0.67,0.97,11.61,2,3,2,3,0,N
16637,1,1,3,0,1,1,1,2,10.75,6.0,387.18,0.02,18,0.17,21.51,64.53,6,12,4,8,5,N
23523,1,1,0,4,1,1,1,4,21.67,1.8,70.2,0.01,13,0.56,3.9,39.0,6,7,5,3,4,N
17786,0,1,0,0,1,1,1,0,5.33,1.5,12.0,0.0,4,0.67,0.67,8.0,1,3,1,3,0,N
23212,0,1,0,0,1,1,1,0,9.0,3.0,81.0,0.01,9,0.33,4.5,27.0,2,7,2,6,0,N
22565,0,1,0,0,1,1,1,0,9.51,3.0,85.59,0.01,9,0.33,4.75,28.53,3,6,3,6,0,N
15877,0,1,0,0,1,1,1,0,0.0,0.0,0.0,0.0,0,0.0,0.0,0.0,0,0,0,0,0,N
14780,1,1,0,0,1,1,1,2,7.74,1.5,17.41,0.0,5,0.67,0.97,11.61,2,3,2,3,2,N
17119,0,1,0,0,1,1,1,0,7.74,1.5,17.41,0.0,5,0.67,0.97,11.61,2,3,2,3,0,N
22766,0,3,0,0,2,2,1,8,23.46,10.29,2485.24,0.08,52,0.1,138.07,241.48,19,33,12,13,8,N
19262,0,5,0,0,3,2,1,7,11.89,13.13,2048.55,0.05,35,0.08,113.81,156.08,15,20,8,14,7,N
15987,0,1,0,0,1,1,1,0,5.33,1.5,12.0,0.0,4,0.67,0.67,8.0,1,3,1,3,0,N
19545,0,1,0,0,1,1,1,0,7.75,2.0,31.02,0.01,6,0.5,1.72,15.51,2,4,2,4,0,N
20864,1,5,1,0,3,2,1,20,24.4,15.79,6079.8,0.13,81,0.06,337.77,385.15,34,47,14,13,21,N
14145,0,1,1,0,1,1,1,1,9.83,2.0,39.3,0.01,7,0.5,2.18,19.65,3,4,3,4,2,N
20091,18,25,27,9,13,3,10,29,30.98,35.81,39723.42,0.37,202,0.03,2206.86,1109.35,98,104,26,19,56,N
18521,0,1,0,0,1,1,1,2,5.33,1.5,12.0,0.0,4,0.67,0.67,8.0,1,3,1,3,2,N
19933,0,1,0,0,1,1,1,2,7.74,1.5,17.41,0.0,5,0.67,0.97,11.61,2,3,2,3,2,N
18912,0,1,0,0,1,1,1,0,7.75,2.0,31.02,0.01,6,0.5,1.72,15.51,2,4,2,4,0,N
18204,1,1,0,0,1,1,1,9,42.67,3.56,539.44,0.05,41,0.28,29.97,151.72,16,25,9,4,9,N
19174,0,1,0,0,1,1,1,2,5.33,1.5,12.0,0.0,4,0.67,0.67,8.0,1,3,1,3,2,N
20837,2,3,0,2,2,2,1,17,17.73,24.89,10980.14,0.15,95,0.04,610.01,441.17,28,67,9,16,17,N
15263,0,1,0,0,1,1,1,0,5.33,1.5,12.0,0.0,4,0.67,0.67,8.0,1,3,1,3,0,N
20504,0,1,0,0,1,1,1,2,9.6,2.5,60.0,0.01,8,0.4,3.33,24.0,3,5,3,5,2,N
16674,13,5,2,4,3,2,3,39,55.48,19.5,21096.95,0.36,197,0.05,1172.05,1081.9,96,101,32,13,41,N
15198,1,1,0,17,1,1,1,10,43.56,6.92,2088.02,0.1,71,0.14,116.0,301.6,30,41,13,6,10,N
15314,0,1,0,0,1,1,1,0,5.33,1.5,12.0,0.0,4,0.67,0.67,8.0,1,3,1,3,0,N
21457,0,3,0,0,2,2,1,0,6.69,7.5,376.42,0.02,14,0.13,20.91,50.19,5,9,3,9,0,N
17675,0,1,0,0,1,1,1,3,9.9,3.33,110.0,0.01,11,0.3,6.11,33.0,4,7,3,5,3,N
16422,0,1,0,0,1,1,1,0,5.33,1.5,12.0,0.0,4,0.67,0.67,8.0,1,3,1,3,0,N
22204,0,1,0,0,1,1,1,0,5.8,2.0,23.22,0.0,5,0.5,1.29,11.61,1,4,1,4,0,N
17424,0,1,0,0,1,1,1,0,7.75,2.0,31.02,0.01,6,0.5,1.72,15.51,2,4,2,4,0,N
19167,0,1,0,0,1,1,1,0,7.75,2.0,31.02,0.01,6,0.5,1.72,15.51,2,4,2,4,0,N
20675,0,1,0,0,1,1,1,2,5.33,1.5,12.0,0.0,4,0.67,0.67,8.0,1,3,1,3,2,N
18081,0,1,0,1,1,1,1,1,0.0,0.0,0.0,0.0,1,0.0,0.0,0.0,0,1,0,1,1,N
21451,1,9,0,0,5,3,3,12,17.46,16.55,4779.2,0.1,63,0.06,265.51,288.85,28,35,11,13,12,N
20853,6,5,2,8,3,3,1,23,17.39,29.75,15389.5,0.17,116,0.03,854.97,517.28,34,82,8,14,25,N
15650,0,1,0,0,1,1,1,0,5.33,1.5,12.0,0.0,4,0.67,0.67,8.0,1,3,1,3,0,N
17979,10,21,4,16,11,10,11,37,68.57,22.03,33269.8,0.5,269,0.05,1848.32,1510.36,122,147,36,13,41,N
17802,1,3,0,0,2,1,1,8,15.07,9.75,1432.72,0.05,34,0.1,79.6,146.95,13,21,8,12,8,N
18431,0,3,0,0,2,2,1,4,11.99,6.67,533.03,0.03,21,0.15,29.61,79.95,10,11,6,8,4,N
19995,0,1,1,0,1,1,1,2,11.23,2.0,44.92,0.01,8,0.5,2.5,22.46,3,5,3,4,3,N
15416,0,1,0,0,1,1,1,0,5.33,1.5,12.0,0.0,4,0.67,0.67,8.0,1,3,1,3,0,N
23527,1,1,0,4,1,1,1,4,21.67,1.8,70.2,0.01,13,0.56,3.9,39.0,6,7,5,3,4,N
22284,0,3,0,0,2,2,1,0,7.92,4.0,126.8,0.01,10,0.25,7.04,31.7,4,6,3,6,0,N
14513,0,1,0,0,1,1,1,0,5.8,2.0,23.22,0.0,5,0.5,1.29,11.61,1,4,1,4,0,N
20725,0,1,0,0,1,1,1,0,7.74,1.5,17.41,0.0,5,0.67,0.97,11.61,2,3,2,3,0,N
15173,12,1,13,9,1,1,1,6,76.17,7.41,4179.42,0.19,110,0.14,232.19,564.22,50,60,27,8,19,N
16710,1,1,0,0,1,1,1,8,74.67,1.5,168.0,0.04,28,0.67,9.33,112.0,13,15,13,3,8,N
21739,0,1,0,0,1,1,1,0,7.75,2.0,31.02,0.01,6,0.5,1.72,15.51,2,4,2,4,0,N
14722,5,5,6,5,1,1,1,13,26.83,11.08,3292.14,0.1,64,0.09,182.9,297.21,24,40,13,12,19,N
15619,0,1,0,0,1,1,1,0,7.74,1.5,17.41,0.0,5,0.67,0.97,11.61,2,3,2,3,0,N
21400,0,1,0,0,1,1,1,9,22.08,10.5,2434.85,0.08,52,0.1,135.27,231.89,21,31,11,11,9,N
15060,0,5,4,0,3,2,1,5,11.81,4.5,239.18,0.02,16,0.22,13.29,53.15,6,10,4,6,9,N
22298,3,1,0,0,1,1,1,2,7.75,2.0,31.02,0.01,6,0.5,1.72,15.51,2,4,2,4,2,N
16925,0,1,0,1,1,1,1,2,7.74,1.5,17.41,0.0,5,0.67,0.97,11.61,2,3,2,3,2,N
17576,1,3,0,0,2,2,1,4,9.08,5.33,258.3,0.02,14,0.19,14.35,48.43,4,10,3,8,4,N
21898,0,1,0,0,1,1,1,0,9.6,2.5,60.0,0.01,8,0.4,3.33,24.0,3,5,3,5,0,N
20877,1,9,0,6,5,4,4,10,9.32,19.6,3580.15,0.06,43,0.05,198.9,182.66,14,29,5,14,10,N
14703,0,1,2,0,1,1,1,1,13.79,1.5,31.02,0.01,8,0.67,1.72,20.68,3,5,3,3,3,N
18841,0,1,0,0,1,1,1,0,8.3,6.67,369.01,0.02,16,0.15,20.5,55.35,5,11,3,8,0,N
15322,0,1,0,0,1,1,1,0,5.33,1.5,12.0,0.0,4,0.67,0.67,8.0,1,3,1,3,0,N
21504,0,1,0,1,1,1,1,2,5.8,2.0,23.22,0.0,5,0.5,1.29,11.61,1,4,1,4,2,N
14555,0,1,0,0,1,1,1,0,0.0,0.0,0.0,0.0,3,0.0,0.0,4.75,0,3,0,3,0,N
15657,0,1,0,0,1,1,1,2,7.35,8.0,470.48,0.02,17,0.13,26.14,58.81,6,11,3,8,2,N
20903,27,15,11,12,1,1,1,46,35.44,92.28,301801.36,1.09,571,0.01,16766.74,3270.64,223,348,29,24,57,N
18749,4,1,0,3,1,1,1,7,24.9,5.73,816.84,0.05,33,0.17,45.38,142.62,14,19,11,9,7,N
20458,0,1,0,0,1,1,1,0,7.75,2.0,31.02,0.01,6,0.5,1.72,15.51,2,4,2,4,0,N
15535,0,1,0,0,1,1,1,0,5.33,1.5,12.0,0.0,4,0.67,0.67,8.0,1,3,1,3,0,N
17113,0,1,0,0,1,1,1,0,7.74,1.5,17.41,0.0,5,0.67,0.97,11.61,2,3,2,3,0,N
19083,0,1,0,0,1,1,1,0,5.33,1.5,12.0,0.0,4,0.67,0.67,8.0,1,3,1,3,0,N
22330,0,1,0,0,1,1,1,0,9.6,2.5,60.0,0.01,8,0.4,3.33,24.0,3,5,3,5,0,N
21073,5,9,0,1,5,2,1,22,15.64,22.56,7958.45,0.12,78,0.04,442.14,352.84,29,49,9,14,22,N
17346,0,1,0,0,1,1,1,0,7.75,2.0,31.02,0.01,6,0.5,1.72,15.51,2,4,2,4,0,N
21407,0,7,0,0,4,3,1,8,19.43,5.14,513.83,0.03,27,0.19,28.55,99.91,12,15,7,6,8,N
21300,0,1,0,0,1,1,1,5,29.57,4.31,548.7,0.04,29,0.23,30.48,127.38,14,15,13,8,5,N
17756,0,1,0,0,1,1,1,0,0.0,0.0,0.0,0.0,1,0.0,0.0,0.0,0,1,0,1,0,N
20747,5,11,0,7,6,5,1,20,18.59,38.0,26850.51,0.24,144,0.03,1491.69,706.59,44,100,11,19,20,N
20880,2,1,0,2,1,1,1,4,12.55,4.5,254.13,0.02,17,0.22,14.12,56.47,6,11,4,6,4,N
18218,17,7,0,21,4,4,1,44,33.53,50.43,85301.8,0.56,320,0.02,4738.99,1691.33,145,175,23,16,44,N
23290,0,1,0,0,1,1,1,0,5.33,1.5,12.0,0.0,4,0.67,0.67,8.0,1,3,1,3,0,N
21737,0,1,0,0,1,1,1,0,8.3,6.0,298.97,0.02,15,0.17,16.61,49.83,3,12,2,8,0,N
19027,0,1,0,0,1,1,1,0,7.75,2.0,31.02,0.01,6,0.5,1.72,15.51,2,4,2,4,0,N
17298,0,1,0,0,1,1,1,0,7.75,2.0,31.02,0.01,6,0.5,1.72,15.51,2,4,2,4,0,N
15145,1,1,4,0,1,1,1,1,20.97,3.0,188.72,0.02,17,0.33,10.48,62.91,7,10,7,6,5,N
18888,0,1,0,0,1,1,1,0,0.0,0.0,0.0,0.0,0,0.0,0.0,0.0,0,0,0,0,0,N
21865,0,1,0,0,1,1,1,0,7.75,2.0,31.02,0.01,6,0.5,1.72,15.51,2,4,2,4,0,N
16704,5,31,3,0,16,1,7,40,42.94,41.35,73428.57,0.59,310,0.02,4079.37,1775.66,148,162,34,19,43,N
20898,37,9,22,28,5,1,1,107,60.81,116.23,821531.72,2.36,1178,0.01,45640.65,7068.0,476,702,43,21,129,N
15733,0,1,0,0,1,1,1,0,0.0,0.0,0.0,0.0,1,0.0,0.0,0.0,0,1,0,1,0,N
19825,4,5,0,1,3,3,1,22,25.59,17.06,7451.42,0.15,89,0.06,413.97,436.71,39,50,16,14,22,N
16498,0,1,0,0,1,1,1,0,5.33,1.5,12.0,0.0,4,0.67,0.67,8.0,1,3,1,3,0,N
19152,0,1,0,0,1,1,1,0,12.68,2.5,79.25,0.01,10,0.4,4.4,31.7,4,6,4,5,0,N
22724,12,25,5,12,13,10,9,87,69.2,35.36,86504.3,0.82,387,0.03,4805.79,2446.59,165,222,56,24,92,N
19975,0,1,0,0,1,1,1,2,5.33,1.5,12.0,0.0,4,0.67,0.67,8.0,1,3,1,3,2,N
18689,0,1,0,0,1,1,1,0,5.33,1.5,12.0,0.0,4,0.67,0.67,8.0,1,3,1,3,0,N
17170,3,5,6,7,3,1,1,7,18.89,8.44,1345.03,0.05,39,0.12,74.72,159.41,15,24,8,9,13,N
18049,2,13,1,8,7,6,6,54,25.11,40.0,40181.42,0.33,184,0.03,2232.3,1004.54,80,104,22,22,55,N
15316,0,1,0,0,1,1,1,0,5.33,1.5,12.0,0.0,4,0.67,0.67,8.0,1,3,1,3,0,N
22039,18,3,0,1,2,2,1,15,53.57,6.46,2234.24,0.12,68,0.15,124.12,345.95,31,37,24,10,15,N
15373,0,1,0,0,1,1,1,0,0.0,0.0,0.0,0.0,0,0.0,0.0,0.0,0,0,0,0,0,N
21358,0,1,1,0,1,1,1,2,11.58,2.67,82.35,0.01,11,0.38,4.57,30.88,4,7,3,4,3,N
21103,38,61,16,32,35,28,18,198,73.58,80.67,478798.2,1.98,840,0.01,26599.9,5935.51,330,510,90,44,214,N
20357,0,1,0,0,1,1,1,0,9.0,3.0,81.0,0.01,9,0.33,4.5,27.0,2,7,2,6,0,N
21864,0,1,0,0,1,1,1,0,7.75,2.0,31.02,0.01,6,0.5,1.72,15.51,2,4,2,4,0,N
20775,8,13,0,10,7,2,1,34,24.46,36.42,32440.57,0.3,171,0.03,1802.25,890.82,69,102,18,19,34,N
19554,0,1,0,0,1,1,1,0,5.33,1.5,12.0,0.0,4,0.67,0.67,8.0,1,3,1,3,0,N
15781,0,1,0,0,1,1,1,0,0.0,0.0,0.0,0.0,0,0.0,0.0,0.0,0,0,0,0,0,N
19568,0,1,0,0,1,1,1,0,5.8,2.0,23.22,0.0,5,0.5,1.29,11.61,1,4,1,4,0,N
19364,0,1,0,0,1,1,1,4,9.47,2.67,67.38,0.01,9,0.38,3.74,25.27,4,5,3,4,4,N
15481,0,1,0,0,1,1,1,0,7.74,1.5,17.41,0.0,5,0.67,0.97,11.61,2,3,2,3,0,N
15918,0,1,0,0,1,1,1,0,7.74,1.5,17.41,0.0,5,0.67,0.97,11.61,2,3,2,3,0,N
15871,0,3,0,0,2,1,1,0,7.75,2.0,31.02,0.01,6,0.5,1.72,15.51,2,4,2,4,0,N
18030,5,13,0,7,7,4,6,24,49.18,11.8,6842.92,0.19,109,0.08,380.16,580.09,49,60,27,13,24,N
15548,0,1,0,0,1,1,1,0,7.74,1.5,17.41,0.0,5,0.67,0.97,11.61,2,3,2,3,0,N
21937,0,1,0,0,1,1,1,0,7.75,2.0,31.02,0.01,6,0.5,1.72,15.51,2,4,2,4,0,N
14108,18,18,15,27,1,1,1,67,31.0,44.38,61064.32,0.46,238,0.02,3392.46,1375.96,99,139,29,26,82,N
19120,3,1,0,0,1,1,1,2,7.75,2.0,31.02,0.01,6,0.5,1.72,15.51,2,4,2,4,2,N
20514,12,1,1,2,1,1,1,5,27.88,3.3,303.6,0.03,23,0.3,16.87,92.0,11,12,10,6,6,N
14517,6,11,2,5,6,5,1,31,77.08,13.04,13111.83,0.34,182,0.08,728.44,1005.29,83,99,35,11,33,N
23416,0,1,0,0,1,1,1,0,5.8,2.0,23.22,0.0,5,0.5,1.29,11.61,1,4,1,4,0,N
16432,0,1,0,0,1,1,1,0,7.74,1.5,17.41,0.0,5,0.67,0.97,11.61,2,3,2,3,0,N
22951,7,1,0,7,1,1,1,4,17.17,2.4,98.9,0.01,13,0.42,5.49,41.21,6,7,5,4,4,N
17727,0,3,0,0,2,2,1,4,21.5,7.15,1099.18,0.05,35,0.14,61.07,153.73,13,22,10,11,4,N
20375,0,3,0,0,2,2,1,8,23.46,10.29,2485.24,0.08,52,0.1,138.07,241.48,19,33,12,13,8,N
21125,16,1,12,8,1,1,1,8,108.16,3.78,1543.58,0.14,81,0.26,85.75,408.6,34,47,27,6,20,N
19231,0,1,0,0,1,1,1,0,8.6,7.5,483.97,0.02,18,0.13,26.89,64.53,5,13,3,9,0,N
17252,0,1,0,0,1,1,1,0,0.0,0.0,0.0,0.0,3,0.0,0.0,4.75,0,3,0,3,0,N
15359,0,1,0,0,1,1,1,0,5.33,1.5,12.0,0.0,4,0.67,0.67,8.0,1,3,1,3,0,N
22116,0,1,0,0,1,1,1,0,8.3,6.67,369.01,0.02,16,0.15,20.5,55.35,5,11,3,8,0,N
18518,0,1,0,0,1,1,1,0,5.8,2.0,23.22,0.0,5,0.5,1.29,11.61,1,4,1,4,0,N
17489,0,1,0,0,1,1,1,0,8.3,6.0,298.97,0.02,15,0.17,16.61,49.83,3,12,2,8,0,N
16210,0,1,0,0,1,1,1,0,7.75,2.0,31.02,0.01,6,0.5,1.72,15.51,2,4,2,4,0,N
20860,1,5,1,0,3,1,1,15,20.67,11.5,2733.62,0.08,55,0.09,151.87,237.71,23,32,10,10,16,N
16709,0,1,0,0,1,1,1,7,25.18,7.5,1416.52,0.06,43,0.13,78.7,188.87,20,23,12,9,7,N
18089,0,1,0,0,1,1,1,0,11.86,3.5,145.3,0.01,12,0.29,8.07,41.51,4,8,4,7,0,N
18170,10,21,0,1,11,5,1,39,30.17,28.56,24609.46,0.29,156,0.04,1367.19,861.68,68,88,25,21,39,N
15754,0,1,0,0,1,1,1,0,5.33,1.5,12.0,0.0,4,0.67,0.67,8.0,1,3,1,3,0,N
20886,0,1,1,1,1,1,1,2,8.4,4.0,134.42,0.01,13,0.25,7.47,33.6,4,9,2,4,3,N
23303,0,1,0,0,1,1,1,0,5.33,1.5,12.0,0.0,4,0.67,0.67,8.0,1,3,1,3,0,N
21968,0,1,0,0,1,1,1,2,5.33,1.5,12.0,0.0,4,0.67,0.67,8.0,1,3,1,3,2,N
22555,0,1,0,0,1,1,1,0,7.74,1.5,17.41,0.0,5,0.67,0.97,11.61,2,3,2,3,0,N
19840,14,7,0,7,4,4,1,50,21.93,88.91,173356.49,0.65,353,0.01,9630.92,1949.82,163,190,22,24,50,N
21682,2,13,1,8,7,6,6,54,25.11,40.0,40181.42,0.33,184,0.03,2232.3,1004.54,80,104,22,22,55,N
19348,0,1,0,0,1,1,1,0,5.8,2.0,23.22,0.0,5,0.5,1.29,11.61,1,4,1,4,0,N
20967,0,1,0,3,1,1,1,2,7.75,2.0,31.02,0.01,6,0.5,1.72,15.51,2,4,2,4,2,N
15765,0,3,0,0,2,2,1,4,10.88,5.6,341.29,0.02,17,0.18,18.96,60.94,8,9,5,7,4,N
23456,0,1,0,0,1,1,1,0,9.51,3.0,85.59,0.01,9,0.33,4.75,28.53,3,6,3,6,0,N
22478,0,1,0,0,1,1,1,0,7.75,2.0,31.02,0.01,6,0.5,1.72,15.51,2,4,2,4,0,N
17708,0,1,0,0,1,1,1,2,8.98,2.5,56.15,0.01,8,0.4,3.12,22.46,2,6,2,5,2,N
14445,0,1,0,0,1,1,1,0,7.75,2.0,31.02,0.01,6,0.5,1.72,15.51,2,4,2,4,0,N
21224,2,11,2,0,6,1,3,32,19.66,21.25,8877.96,0.14,86,0.05,493.22,417.79,30,56,12,17,34,N
15036,0,1,1,0,1,1,1,1,7.74,1.5,17.41,0.0,5,0.67,0.97,11.61,2,3,2,3,2,N
20085,1,1,1,10,1,1,1,3,21.59,2.0,86.37,0.01,13,0.5,4.8,43.19,6,7,6,4,4,N
19526,1,3,0,0,2,1,1,8,15.07,9.75,1432.72,0.05,34,0.1,79.6,146.95,13,21,8,12,8,N
19994,0,1,1,0,1,1,1,2,11.23,2.0,44.92,0.01,8,0.5,2.5,22.46,3,5,3,4,3,N
18955,0,1,0,0,1,1,1,0,0.0,0.0,0.0,0.0,1,0.0,0.0,0.0,0,1,0,1,0,N
18638,0,1,0,0,1,1,1,0,7.75,2.0,31.02,0.01,6,0.5,1.72,15.51,2,4,2,4,0,N
14213,7,1,5,6,1,1,1,14,46.18,8.5,3336.69,0.13,80,0.12,185.37,392.55,34,46,20,10,19,N
18957,0,3,0,0,2,2,1,4,21.5,7.15,1099.18,0.05,35,0.14,61.07,153.73,13,22,10,11,4,N
18492,0,1,0,0,1,1,1,0,6.55,3.0,58.95,0.01,7,0.33,3.28,19.65,1,6,1,6,0,N
23191,0,1,0,0,1,1,1,2,8.98,2.5,56.15,0.01,8,0.4,3.12,22.46,2,6,2,5,2,N
22614,0,1,0,0,1,1,1,0,0.0,0.0,0.0,0.0,0,0.0,0.0,0.0,0,0,0,0,0,N
14787,7,3,1,0,2,2,1,7,19.16,5.33,545.0,0.03,25,0.19,30.28,102.19,12,13,9,8,8,N
19996,1,3,0,0,2,2,1,9,15.23,6.0,548.26,0.03,24,0.17,30.46,91.38,9,15,6,8,9,N
21009,1,7,0,2,1,1,1,19,26.29,17.5,8052.16,0.15,89,0.06,447.34,460.12,35,54,18,18,19,N
20615,0,1,0,0,1,1,1,0,5.33,1.5,12.0,0.0,4,0.67,0.67,8.0,1,3,1,3,0,N
19316,0,1,0,0,1,1,1,0,7.75,2.0,31.02,0.01,6,0.5,1.72,15.51,2,4,2,4,0,N
17261,3,3,0,3,2,2,1,7,9.87,6.75,449.6,0.02,18,0.15,24.98,66.61,6,12,4,9,7,N
22937,1,5,4,1,3,2,1,6,20.54,4.38,393.13,0.03,23,0.23,21.84,89.86,10,13,8,7,10,N
18504,0,1,0,0,1,1,1,0,8.3,6.0,298.97,0.02,15,0.17,16.61,49.83,3,12,2,8,0,N
21685,0,1,0,0,1,1,1,0,8.6,7.5,483.97,0.02,18,0.13,26.89,64.53,5,13,3,9,0,N
20835,21,30,4,24,19,4,4,100,44.28,51.35,116742.55,0.76,365,0.02,6485.7,2273.52,138,227,43,32,104,N
14479,5,17,3,5,9,9,7,34,77.51,14.27,15784.32,0.37,197,0.07,876.91,1106.1,88,109,37,12,37,N
14093,0,1,0,0,1,1,1,2,7.35,8.0,470.48,0.02,17,0.13,26.14,58.81,6,11,3,8,2,N
15077,1,1,0,0,1,1,1,1,0.0,0.0,0.0,0.0,1,0.0,0.0,0.0,0,1,0,1,1,N
21704,0,1,0,0,1,1,1,0,7.75,2.0,31.02,0.01,6,0.5,1.72,15.51,2,4,2,4,0,N
19059,0,1,0,0,1,1,1,0,9.51,3.0,85.59,0.01,9,0.33,4.75,28.53,3,6,3,6,0,N
16484,0,1,0,0,1,1,1,0,7.74,1.5,17.41,0.0,5,0.67,0.97,11.61,2,3,2,3,0,N
16618,14,1,2,4,1,1,1,36,96.51,10.29,10209.86,0.33,192,0.1,567.21,992.63,72,120,28,8,38,N
22198,0,1,0,0,1,1,1,0,5.8,2.0,23.22,0.0,5,0.5,1.29,11.61,1,4,1,4,0,N
16463,0,1,0,0,1,1,1,0,5.33,1.5,12.0,0.0,4,0.67,0.67,8.0,1,3,1,3,0,N
22515,0,1,0,0,1,1,1,0,7.75,2.0,31.02,0.01,6,0.5,1.72,15.51,2,4,2,4,0,N
14115,8,11,14,4,6,3,1,20,26.76,22.02,12978.67,0.2,110,0.05,721.04,589.33,51,59,22,19,34,N
16903,0,1,0,0,1,1,1,0,5.33,1.5,12.0,0.0,4,0.67,0.67,8.0,1,3,1,3,0,N
19932,0,5,0,2,3,1,3,5,12.6,6.67,560.0,0.03,21,0.15,31.11,84.0,8,13,6,10,5,N
17444,0,1,0,0,1,1,1,0,11.86,3.5,145.3,0.01,12,0.29,8.07,41.51,4,8,4,7,0,N
17095,0,1,0,0,1,1,1,0,5.33,1.5,12.0,0.0,4,0.67,0.67,8.0,1,3,1,3,0,N
17437,0,3,0,0,2,2,1,4,11.18,5.63,353.85,0.02,17,0.18,19.66,62.91,5,12,4,9,4,N
18472,0,1,0,0,1,1,1,0,11.86,3.5,145.3,0.01,12,0.29,8.07,41.51,4,8,4,7,0,N
19325,0,1,0,0,1,1,1,0,6.55,3.0,58.95,0.01,7,0.33,3.28,19.65,1,6,1,6,0,N
14084,0,1,0,0,1,1,1,0,0.0,0.0,0.0,0.0,0,0.0,0.0,0.0,0,0,0,0,0,N
18833,0,5,0,0,3,1,3,5,10.99,6.4,449.97,0.02,19,0.16,25.0,70.31,8,11,5,8,5,N
15250,0,1,0,0,1,1,1,0,0.0,0.0,0.0,0.0,0,0.0,0.0,0.0,0,0,0,0,0,N
21461,0,3,0,0,2,2,1,0,7.75,2.0,31.02,0.01,6,0.5,1.72,15.51,2,4,2,4,0,N
20845,1,3,0,3,2,1,1,13,18.83,17.73,5916.14,0.11,71,0.06,328.67,333.73,26,45,11,15,13,N
16020,0,1,0,0,1,1,1,0,5.33,1.5,12.0,0.0,4,0.67,0.67,8.0,1,3,1,3,0,N
16574,2,3,2,0,2,1,1,9,12.13,11.0,1467.81,0.04,32,0.09,81.55,133.44,11,21,6,12,11,N
22853,0,1,0,0,1,1,1,0,9.0,3.0,81.0,0.01,9,0.33,4.5,27.0,2,7,2,6,0,N
16936,0,1,0,0,1,1,1,0,5.33,1.5,12.0,0.0,4,0.67,0.67,8.0,1,3,1,3,0,N
20544,0,1,0,0,1,1,1,0,7.75,2.0,31.02,0.01,6,0.5,1.72,15.51,2,4,2,4,0,N
17938,0,1,0,0,1,1,1,0,9.29,1.5,20.9,0.0,6,0.67,1.16,13.93,2,4,2,3,0,N
20301,0,1,0,0,1,1,1,0,7.75,2.0,31.02,0.01,6,0.5,1.72,15.51,2,4,2,4,0,N
15099,0,1,0,0,1,1,1,2,7.74,1.5,17.41,0.0,5,0.67,0.97,11.61,2,3,2,3,2,N
17921,0,1,0,0,1,1,1,0,6.55,3.0,58.95,0.01,7,0.33,3.28,19.65,1,6,1,6,0,N
17062,0,1,0,0,1,1,1,0,5.33,1.5,12.0,0.0,4,0.67,0.67,8.0,1,3,1,3,0,N
15034,0,1,1,0,1,1,1,1,7.74,1.5,17.41,0.0,5,0.67,0.97,11.61,2,3,2,3,2,N
16962,0,1,0,0,1,1,1,0,0.0,0.0,0.0,0.0,0,0.0,0.0,0.0,0,0,0,0,0,N
21190,3,5,0,3,3,2,1,8,16.72,15.27,3900.84,0.09,55,0.07,216.71,255.41,24,31,11,14,8,N
17088,3,6,0,3,1,1,1,17,22.16,9.33,1930.31,0.07,44,0.11,107.24,206.82,16,28,12,14,17,N
21083,3,9,0,0,5,1,4,19,12.61,16.63,3484.49,0.07,47,0.06,193.58,209.59,19,28,8,14,19,N
17411,0,3,0,0,2,2,1,4,11.99,6.67,533.03,0.03,21,0.15,29.61,79.95,10,11,6,8,4,N
20178,3,1,0,0,1,1,1,2,7.75,2.0,31.02,0.01,6,0.5,1.72,15.51,2,4,2,4,2,N
20318,0,1,0,0,1,1,1,0,10.0,1.0,10.0,0.0,5,1.0,0.56,10.0,2,3,2,2,0,N
22061,5,5,6,0,3,3,1,8,30.59,3.75,430.18,0.04,31,0.27,23.9,114.71,12,19,8,5,14,N
20507,4,1,0,1,1,1,1,2,10.57,3.0,95.1,0.01,10,0.33,5.28,31.7,3,7,3,6,2,N
21753,0,1,0,0,1,1,1,0,7.74,1.5,17.41,0.0,5,0.67,0.97,11.61,2,3,2,3,0,N
14808,0,1,0,0,1,1,1,2,7.74,1.5,17.41,0.0,5,0.67,0.97,11.61,2,3,2,3,2,N
18473,0,1,0,0,1,1,1,0,0.0,0.0,0.0,0.0,0,0.0,0.0,0.0,0,0,0,0,0,N
15513,0,1,0,0,1,1,1,0,0.0,0.0,0.0,0.0,3,0.0,0.0,4.75,0,3,0,3,0,N
23299,0,1,0,0,1,1,1,0,7.74,1.5,17.41,0.0,5,0.67,0.97,11.61,2,3,2,3,0,N
23103,0,1,0,0,1,1,1,0,7.74,1.5,17.41,0.0,5,0.67,0.97,11.61,2,3,2,3,0,N
16948,0,1,0,0,1,1,1,0,0.0,0.0,0.0,0.0,3,0.0,0.0,4.75,0,3,0,3,0,N
18059,0,3,0,0,2,2,1,4,11.99,6.67,533.03,0.03,21,0.15,29.61,79.95,10,11,6,8,4,N
14989,1,1,0,0,1,1,1,2,7.74,1.5,17.41,0.0,5,0.67,0.97,11.61,2,3,2,3,2,N
22678,11,1,0,10,1,1,1,9,86.0,1.6,220.17,0.05,33,0.63,12.23,137.61,16,17,15,3,9,N
22386,0,3,0,0,2,2,1,5,17.4,6.29,687.61,0.04,28,0.16,38.2,109.39,11,17,7,8,5,N
18162,4,7,0,2,4,4,1,30,44.58,6.98,2168.6,0.1,64,0.14,120.48,310.91,31,33,20,9,30,N
23148,0,1,0,0,1,1,1,0,7.75,2.0,31.02,0.01,6,0.5,1.72,15.51,2,4,2,4,0,N
21305,1,1,0,0,1,1,1,11,44.21,8.72,3360.56,0.13,83,0.11,186.7,385.44,31,52,16,9,11,N
17799,0,1,0,0,1,1,1,0,0.0,0.0,0.0,0.0,0,0.0,0.0,0.0,0,0,0,0,0,N
16845,0,1,0,0,1,1,1,0,5.33,1.5,12.0,0.0,4,0.67,0.67,8.0,1,3,1,3,0,N
15697,1,5,0,0,3,3,1,13,16.4,7.07,820.29,0.04,29,0.14,45.57,116.0,11,18,7,9,13,N
14527,0,1,0,0,1,1,1,2,5.33,1.5,12.0,0.0,4,0.67,0.67,8.0,1,3,1,3,2,N
14894,0,1,0,0,1,1,1,2,7.74,1.5,17.41,0.0,5,0.67,0.97,11.61,2,3,2,3,2,N
15440,0,1,0,0,1,1,1,0,5.33,1.5,12.0,0.0,4,0.67,0.67,8.0,1,3,1,3,0,N
17785,0,1,0,0,1,1,1,0,0.0,0.0,0.0,0.0,0,0.0,0.0,0.0,0,0,0,0,0,N
23399,0,1,0,0,1,1,1,0,7.75,2.0,31.02,0.01,6,0.5,1.72,15.51,2,4,2,4,0,N
15461,0,1,0,0,1,1,1,0,7.74,1.5,17.41,0.0,5,0.67,0.97,11.61,2,3,2,3,0,N
14923,0,1,0,0,1,1,1,2,7.74,1.5,17.41,0.0,5,0.67,0.97,11.61,2,3,2,3,2,N
21519,0,5,0,5,3,2,1,13,13.41,19.29,4988.19,0.09,58,0.05,277.12,258.64,18,40,7,15,13,N
15073,1,1,0,0,1,1,1,1,0.0,0.0,0.0,0.0,1,0.0,0.0,0.0,0,1,0,1,1,N
22561,0,1,0,0,1,1,1,11,12.68,10.0,1267.97,0.04,40,0.1,70.44,126.8,10,30,3,6,11,Y
22138,0,1,0,0,1,1,1,0,7.75,2.0,31.02,0.01,6,0.5,1.72,15.51,2,4,2,4,0,N
18187,16,11,1,23,6,6,1,36,35.32,41.43,60620.78,0.49,262,0.02,3367.82,1463.26,116,146,28,20,37,N
15710,0,1,0,0,1,1,1,2,13.5,2.0,54.0,0.01,9,0.5,3.0,27.0,4,5,4,4,2,N
15740,0,1,0,0,1,1,1,0,9.51,3.0,85.59,0.01,9,0.33,4.75,28.53,3,6,3,6,0,N
18662,0,1,0,0,1,1,1,0,9.51,3.0,85.59,0.01,9,0.33,4.75,28.53,3,6,3,6,0,N
17246,0,1,0,0,1,1,1,0,5.33,1.5,12.0,0.0,4,0.67,0.67,8.0,1,3,1,3,0,N
21621,0,1,0,0,1,1,1,0,0.0,0.0,0.0,0.0,0,0.0,0.0,0.0,0,0,0,0,0,N
17754,0,1,0,0,1,1,1,0,7.75,2.0,31.02,0.01,6,0.5,1.72,15.51,2,4,2,4,0,N
15420,0,1,0,0,1,1,1,0,5.33,1.5,12.0,0.0,4,0.67,0.67,8.0,1,3,1,3,0,N
22967,0,1,2,0,1,1,1,2,21.67,1.8,70.2,0.01,13,0.56,3.9,39.0,6,7,5,3,4,N
14561,0,1,0,0,1,1,1,0,9.29,1.5,20.9,0.0,6,0.67,1.16,13.93,2,4,2,3,0,N
17303,0,1,0,0,1,1,1,0,5.8,2.0,23.22,0.0,5,0.5,1.29,11.61,1,4,1,4,0,N
21981,0,3,0,0,2,2,1,4,10.88,5.6,341.29,0.02,17,0.18,18.96,60.94,8,9,5,7,4,N
21728,0,1,0,0,1,1,1,0,0.0,0.0,0.0,0.0,0,0.0,0.0,0.0,0,0,0,0,0,N
22326,0,1,0,0,1,1,1,0,0.0,0.0,0.0,0.0,0,0.0,0.0,0.0,0,0,0,0,0,N
22250,0,1,0,0,1,1,1,0,9.51,3.0,85.59,0.01,9,0.33,4.75,28.53,3,6,3,6,0,N
18856,0,3,0,0,2,2,1,0,7.75,2.0,31.02,0.01,6,0.5,1.72,15.51,2,4,2,4,0,N
19281,0,1,0,0,1,1,1,0,8.3,6.0,298.97,0.02,15,0.17,16.61,49.83,3,12,2,8,0,N
17305,2,1,0,1,1,1,1,1,0.0,0.0,0.0,0.0,1,0.0,0.0,0.0,0,1,0,1,1,N
19777,0,1,0,0,1,1,1,0,7.75,2.0,31.02,0.01,6,0.5,1.72,15.51,2,4,2,4,0,N
23197,0,1,0,0,1,1,1,2,5.33,1.5,12.0,0.0,4,0.67,0.67,8.0,1,3,1,3,2,N
14776,3,22,3,1,21,20,1,69,62.55,22.36,31277.79,0.47,216,0.04,1737.66,1398.76,69,147,54,35,72,N
19178,0,1,0,0,1,1,1,0,6.55,3.0,58.95,0.01,7,0.33,3.28,19.65,1,6,1,6,0,N
22483,0,1,0,0,1,1,1,0,0.0,0.0,0.0,0.0,0,0.0,0.0,0.0,0,0,0,0,0,N
17364,0,1,0,0,1,1,1,3,12.0,2.5,75.0,0.01,10,0.4,4.17,30.0,3,7,3,5,3,N
17746,0,3,0,0,2,2,1,0,6.69,7.5,376.42,0.02,14,0.13,20.91,50.19,5,9,3,9,0,N
16481,0,1,0,0,1,1,1,0,7.74,1.5,17.41,0.0,5,0.67,0.97,11.61,2,3,2,3,0,N
23142,0,1,0,0,1,1,1,0,5.33,1.5,12.0,0.0,4,0.67,0.67,8.0,1,3,1,3,0,N
15400,0,1,0,0,1,1,1,0,7.74,1.5,17.41,0.0,5,0.67,0.97,11.61,2,3,2,3,0,N
23189,0,1,0,0,1,1,1,0,6.55,3.0,58.95,0.01,7,0.33,3.28,19.65,1,6,1,6,0,N
19846,0,1,0,0,1,1,1,0,0.0,0.0,0.0,0.0,0,0.0,0.0,0.0,0,0,0,0,0,N
20168,0,1,0,0,1,1,1,0,7.74,1.5,17.41,0.0,5,0.67,0.97,11.61,2,3,2,3,0,N
19479,0,1,0,0,1,1,1,0,8.6,7.5,483.97,0.02,18,0.13,26.89,64.53,5,13,3,9,0,N
21913,0,1,0,0,1,1,1,0,8.3,6.0,298.97,0.02,15,0.17,16.61,49.83,3,12,2,8,0,N
22603,0,1,0,0,1,1,1,2,7.74,1.5,17.41,0.0,5,0.67,0.97,11.61,2,3,2,3,2,N
22102,0,1,0,0,1,1,1,0,9.51,3.0,85.59,0.01,9,0.33,4.75,28.53,3,6,3,6,0,N
20156,0,1,0,0,1,1,1,0,6.2,2.5,38.77,0.01,6,0.4,2.15,15.51,1,5,1,5,0,N
18982,0,1,0,0,1,1,1,0,7.75,2.0,31.02,0.01,6,0.5,1.72,15.51,2,4,2,4,0,N
18513,0,1,0,0,1,1,1,0,12.18,3.0,109.62,0.01,11,0.33,6.09,36.54,4,7,4,6,0,N
15936,0,1,0,0,1,1,1,0,9.51,3.0,85.59,0.01,9,0.33,4.75,28.53,3,6,3,6,0,N
15059,8,23,11,1,12,3,1,27,29.02,11.14,3602.85,0.11,68,0.09,200.16,323.33,24,44,14,13,38,N
18756,4,5,0,2,3,1,3,8,13.78,10.08,1401.32,0.05,34,0.1,77.85,138.97,11,23,6,11,8,N
18025,3,5,0,2,3,3,1,12,21.89,8.0,1401.09,0.06,42,0.13,77.84,175.14,16,26,9,9,12,N
20960,0,1,2,0,1,1,1,1,11.23,2.0,44.92,0.01,8,0.5,2.5,22.46,3,5,3,4,3,N
22810,0,1,0,0,1,1,1,0,0.0,0.0,0.0,0.0,0,0.0,0.0,0.0,0,0,0,0,0,N
22643,0,1,0,0,1,1,1,0,5.33,1.5,12.0,0.0,4,0.67,0.67,8.0,1,3,1,3,0,N
22297,2,1,0,1,1,1,1,1,0.0,0.0,0.0,0.0,1,0.0,0.0,0.0,0,1,0,1,1,N
18122,0,1,0,0,1,1,1,0,5.8,2.0,23.22,0.0,5,0.5,1.29,11.61,1,4,1,4,0,N
20330,0,1,0,0,1,1,1,2,5.33,1.5,12.0,0.0,4,0.67,0.67,8.0,1,3,1,3,2,N
17558,10,3,0,0,2,2,1,10,16.78,6.29,663.06,0.04,27,0.16,36.84,105.49,11,16,7,8,10,N
20162,0,11,0,0,6,1,3,21,8.36,27.0,6094.62,0.08,61,0.04,338.59,225.73,24,37,4,9,21,N
16547,0,1,0,0,1,1,1,0,7.74,1.5,17.41,0.0,5,0.67,0.97,11.61,2,3,2,3,0,N
23431,0,1,0,0,1,1,1,2,8.98,2.5,56.15,0.01,8,0.4,3.12,22.46,2,6,2,5,2,N
19311,0,1,0,0,1,1,1,0,7.75,2.0,31.02,0.01,6,0.5,1.72,15.51,2,4,2,4,0,N
20527,1,5,0,0,3,3,1,13,16.4,7.07,820.29,0.04,29,0.14,45.57,116.0,11,18,7,9,13,N
21433,1,1,1,1,1,1,1,5,15.99,5.0,399.77,0.03,21,0.2,22.21,79.95,10,11,7,7,6,N
17946,2,7,0,4,1,1,1,30,39.58,14.77,8638.18,0.19,114,0.07,479.9,584.74,50,64,22,13,30,N
15271,0,1,0,0,1,1,1,0,0.0,0.0,0.0,0.0,1,0.0,0.0,0.0,0,1,0,1,0,N
18254,5,5,0,4,3,3,1,23,22.98,28.81,19072.03,0.22,122,0.03,1059.56,662.0,55,67,21,22,23,N
15591,0,1,0,0,1,1,1,0,5.33,1.5,12.0,0.0,4,0.67,0.67,8.0,1,3,1,3,0,N
22651,0,1,0,0,1,1,1,2,5.33,1.5,12.0,0.0,4,0.67,0.67,8.0,1,3,1,3,2,N
19550,0,1,0,0,1,1,1,0,5.33,1.5,12.0,0.0,4,0.67,0.67,8.0,1,3,1,3,0,N
21896,1,3,0,0,2,1,1,8,15.07,9.75,1432.72,0.05,34,0.1,79.6,146.95,13,21,8,12,8,N
20885,0,1,1,1,1,1,1,2,8.4,4.0,134.42,0.01,13,0.25,7.47,33.6,4,9,2,4,3,N
15872,0,1,0,0,1,1,1,0,5.33,1.5,12.0,0.0,4,0.67,0.67,8.0,1,3,1,3,0,N
15087,4,5,0,1,3,3,1,18,28.22,8.25,1920.54,0.08,53,0.12,106.7,232.79,22,31,12,9,18,N
14201,7,1,5,6,1,1,1,14,46.18,8.5,3336.69,0.13,80,0.12,185.37,392.55,34,46,20,10,19,N
15437,0,1,0,0,1,1,1,0,7.74,1.5,17.41,0.0,5,0.67,0.97,11.61,2,3,2,3,0,N
22332,0,1,0,0,1,1,1,0,6.86,3.5,84.0,0.01,8,0.29,4.67,24.0,1,7,1,7,0,N
21248,0,3,0,0,2,1,1,10,12.16,10.08,1236.46,0.04,30,0.1,68.69,122.62,11,19,6,11,10,N
18543,0,3,0,0,2,2,1,4,13.67,6.0,492.27,0.03,21,0.17,27.35,82.04,6,15,5,10,4,N
14964,0,1,0,0,1,1,1,2,7.74,1.5,17.41,0.0,5,0.67,0.97,11.61,2,3,2,3,2,N
16866,0,1,0,0,1,1,1,0,0.0,0.0,0.0,0.0,3,0.0,0.0,4.75,0,3,0,3,0,N
16042,2,3,0,3,2,2,1,15,61.81,7.65,3614.76,0.16,106,0.13,200.82,472.7,52,54,17,5,15,N
19528,0,1,0,0,1,1,1,0,7.75,2.0,31.02,0.01,6,0.5,1.72,15.51,2,4,2,4,0,N
18476,0,1,0,0,1,1,1,0,0.0,0.0,0.0,0.0,0,0.0,0.0,0.0,0,0,0,0,0,N
19830,4,13,0,2,7,5,1,42,68.41,12.36,10456.49,0.28,154,0.08,580.92,845.75,68,86,33,12,42,N
20600,0,1,0,0,1,1,1,0,7.75,2.0,31.02,0.01,6,0.5,1.72,15.51,2,4,2,4,0,N
20367,0,1,0,0,1,1,1,0,9.51,3.0,85.59,0.01,9,0.33,4.75,28.53,3,6,3,6,0,N
17996,5,11,3,5,6,6,1,21,52.79,15.18,12164.32,0.27,155,0.07,675.8,801.34,69,86,25,11,24,N
19486,0,3,0,0,2,2,1,4,11.99,6.67,533.03,0.03,21,0.15,29.61,79.95,10,11,6,8,4,N
21668,0,1,0,0,1,1,1,2,5.33,1.5,12.0,0.0,4,0.67,0.67,8.0,1,3,1,3,2,N
22798,0,1,0,0,1,1,1,0,9.31,2.5,58.16,0.01,9,0.4,3.23,23.26,1,8,1,5,0,N
17322,0,1,0,0,1,1,1,0,0.0,0.0,0.0,0.0,0,0.0,0.0,0.0,0,0,0,0,0,N
20643,0,1,0,0,1,1,1,0,7.75,2.0,31.02,0.01,6,0.5,1.72,15.51,2,4,2,4,0,N
20711,0,1,0,0,1,1,1,0,8.3,6.0,298.97,0.02,15,0.17,16.61,49.83,3,12,2,8,0,N
21424,0,1,0,0,1,1,1,0,0.0,0.0,0.0,0.0,1,0.0,0.0,0.0,0,1,0,1,0,N
22748,1,1,0,4,1,1,1,11,53.35,6.08,1971.59,0.11,69,0.16,109.53,324.33,33,36,19,7,11,N
22346,0,5,0,0,3,3,3,9,17.18,8.56,1257.2,0.05,34,0.12,69.84,146.95,14,20,9,11,9,N
15281,0,1,0,0,1,1,1,0,7.74,1.5,17.41,0.0,5,0.67,0.97,11.61,2,3,2,3,0,N
17941,5,11,0,5,6,5,6,20,42.08,11.3,5376.72,0.16,92,0.09,298.71,475.63,40,52,23,13,20,N
21546,0,1,0,0,1,1,1,2,8.98,2.5,56.15,0.01,8,0.4,3.12,22.46,2,6,2,5,2,N
23013,1,5,0,0,3,3,1,13,17.24,7.5,969.51,0.04,31,0.13,53.86,129.27,12,19,8,10,13,N
18138,0,1,0,0,1,1,1,0,6.55,3.0,58.95,0.01,7,0.33,3.28,19.65,1,6,1,6,0,N
22779,0,3,0,0,2,2,1,0,6.69,7.5,376.42,0.02,14,0.13,20.91,50.19,5,9,3,9,0,N
22278,0,3,0,0,2,2,1,0,7.75,2.0,31.02,0.01,6,0.5,1.72,15.51,2,4,2,4,0,N
15312,0,1,0,0,1,1,1,0,5.33,1.5,12.0,0.0,4,0.67,0.67,8.0,1,3,1,3,0,N
16362,0,1,0,0,1,1,1,0,5.33,1.5,12.0,0.0,4,0.67,0.67,8.0,1,3,1,3,0,N
16813,0,1,0,0,1,1,1,0,5.33,1.5,12.0,0.0,4,0.67,0.67,8.0,1,3,1,3,0,N
14348,0,1,0,0,1,1,1,2,7.81,9.0,632.78,0.02,19,0.11,35.15,70.31,8,11,4,9,2,N
18658,0,1,0,0,1,1,1,0,5.33,1.5,12.0,0.0,4,0.67,0.67,8.0,1,3,1,3,0,N
15108,10,40,40,12,28,16,13,74,61.8,40.48,101245.81,0.83,379,0.02,5624.77,2501.37,150,229,63,34,114,N
15302,0,1,0,0,1,1,1,0,7.86,2.5,49.13,0.01,7,0.4,2.73,19.65,2,5,2,5,0,N
20907,0,1,0,3,1,1,1,2,7.75,2.0,31.02,0.01,6,0.5,1.72,15.51,2,4,2,4,2,N
15081,3,3,5,0,2,1,1,8,24.82,8.4,1751.07,0.07,51,0.12,97.28,208.46,24,27,10,7,13,N
19353,0,1,0,0,1,1,1,0,0.0,0.0,0.0,0.0,1,0.0,0.0,0.0,0,1,0,1,0,N
21820,0,3,0,0,2,2,1,4,11.99,6.67,533.03,0.03,21,0.15,29.61,79.95,10,11,6,8,4,N
19251,0,1,0,0,1,1,1,0,7.75,2.0,31.02,0.01,6,0.5,1.72,15.51,2,4,2,4,0,N
17901,0,1,0,0,1,1,1,0,5.8,2.0,23.22,0.0,5,0.5,1.29,11.61,1,4,1,4,0,N
16605,2,23,9,6,17,15,7,43,34.14,30.0,30723.65,0.34,172,0.03,1706.87,1024.11,64,108,32,30,52,N
18366,5,3,9,1,2,1,1,4,26.92,12.44,4168.89,0.11,67,0.08,231.6,335.0,32,35,18,14,13,N
15131,0,1,0,0,1,1,1,2,7.74,1.5,17.41,0.0,5,0.67,0.97,11.61,2,3,2,3,2,N
20335,0,1,0,0,1,1,1,0,7.86,2.5,49.13,0.01,7,0.4,2.73,19.65,2,5,2,5,0,N
21241,2,1,0,2,1,1,1,10,11.49,9.33,1000.93,0.04,31,0.11,55.61,107.24,7,24,3,8,10,N
22972,0,1,2,0,1,1,1,2,21.67,1.8,70.2,0.01,13,0.56,3.9,39.0,6,7,5,3,4,N
14354,7,13,2,6,7,5,1,25,57.5,14.06,11359.43,0.27,154,0.07,631.08,808.18,69,85,27,11,27,N
15116,0,1,2,0,1,1,1,1,11.23,2.0,44.92,0.01,8,0.5,2.5,22.46,3,5,3,4,3,N
15389,2,7,0,4,1,1,1,20,32.91,9.72,3111.11,0.11,64,0.1,172.84,320.0,25,39,18,14,20,N
20727,2,6,0,0,5,1,1,11,22.96,8.8,1778.01,0.07,46,0.11,98.78,202.05,16,30,10,11,11,N
15041,1,1,2,0,1,1,1,1,11.23,2.0,44.92,0.01,8,0.5,2.5,22.46,3,5,3,4,3,N
16454,0,1,0,0,1,1,1,2,7.35,8.0,470.48,0.02,17,0.13,26.14,58.81,6,11,3,8,2,N
18026,7,13,0,7,7,4,6,24,49.18,11.8,6842.92,0.19,109,0.08,380.16,580.09,49,60,27,13,24,N
16012,4,7,0,3,1,1,1,35,47.96,20.64,20429.39,0.33,190,0.05,1134.97,989.8,86,104,25,12,35,N
21875,0,1,0,0,1,1,1,0,0.0,0.0,0.0,0.0,0,0.0,0.0,0.0,0,0,0,0,0,N
15347,0,1,0,0,1,1,1,0,7.74,1.5,17.41,0.0,5,0.67,0.97,11.61,2,3,2,3,0,N
14692,3,1,1,0,1,1,1,2,16.84,1.5,37.9,0.01,9,0.67,2.11,25.27,4,5,4,3,3,N
21959,0,1,0,0,1,1,1,0,6.55,3.0,58.95,0.01,7,0.33,3.28,19.65,1,6,1,6,0,N
15815,0,1,0,0,1,1,1,0,8.3,6.0,298.97,0.02,15,0.17,16.61,49.83,3,12,2,8,0,N
15463,0,1,0,0,1,1,1,0,5.33,1.5,12.0,0.0,4,0.67,0.67,8.0,1,3,1,3,0,N
16276,1,3,0,0,2,1,1,7,14.16,8.0,906.4,0.04,29,0.13,50.36,113.3,14,15,7,8,7,N
20016,2,5,0,0,3,1,1,12,15.81,10.08,1607.39,0.05,39,0.1,89.3,159.41,11,28,6,11,12,N
15652,0,1,0,0,1,1,1,0,0.0,0.0,0.0,0.0,2,0.0,0.0,2.0,0,2,0,2,0,N
15728,0,1,0,0,1,1,1,0,5.33,1.5,12.0,0.0,4,0.67,0.67,8.0,1,3,1,3,0,N
17641,0,1,0,0,1,1,1,3,6.89,3.0,62.04,0.01,8,0.33,3.45,20.68,3,5,2,4,3,N
16425,0,1,0,0,1,1,1,0,5.33,1.5,12.0,0.0,4,0.67,0.67,8.0,1,3,1,3,0,N
16285,0,1,0,0,1,1,1,0,7.86,2.5,49.13,0.01,7,0.4,2.73,19.65,2,5,2,5,0,N
21444,0,3,0,0,2,2,1,8,23.46,10.29,2485.24,0.08,52,0.1,138.07,241.48,19,33,12,13,8,N
20189,0,5,0,0,3,2,1,7,11.89,13.13,2048.55,0.05,35,0.08,113.81,156.08,15,20,8,14,7,N
23509,1,1,0,4,1,1,1,4,21.67,1.8,70.2,0.01,13,0.56,3.9,39.0,6,7,5,3,4,N
20125,0,1,0,0,1,1,1,0,7.86,2.5,49.13,0.01,7,0.4,2.73,19.65,2,5,2,5,0,N
17251,0,1,0,0,1,1,1,0,7.86,2.5,49.13,0.01,7,0.4,2.73,19.65,2,5,2,5,0,N
17265,0,3,0,0,2,2,1,3,9.6,2.5,60.0,0.01,8,0.4,3.33,24.0,3,5,3,5,3,N
15380,0,1,0,0,1,1,1,0,5.33,1.5,12.0,0.0,4,0.67,0.67,8.0,1,3,1,3,0,N
20172,0,3,0,0,2,1,1,3,5.07,8.75,388.32,0.01,14,0.11,21.57,44.38,5,9,2,7,3,N
21102,0,1,0,0,1,1,1,2,7.74,1.5,17.41,0.0,5,0.67,0.97,11.61,2,3,2,3,2,N
14648,0,1,3,0,1,1,1,1,19.02,2.0,76.08,0.01,12,0.5,4.23,38.04,5,7,5,4,4,N
16433,0,1,0,0,1,1,1,0,7.74,1.5,17.41,0.0,5,0.67,0.97,11.61,2,3,2,3,0,N
20729,0,1,1,0,1,1,1,1,7.75,2.0,31.02,0.01,6,0.5,1.72,15.51,2,4,2,4,2,N
21188,1,3,0,2,2,1,1,4,11.71,7.33,629.47,0.03,21,0.14,34.97,85.84,8,13,6,11,4,N
19875,0,3,0,0,2,2,1,0,6.69,7.5,376.42,0.02,14,0.13,20.91,50.19,5,9,3,9,0,N
22399,2,3,0,0,2,2,1,7,15.65,7.31,836.91,0.04,28,0.14,46.49,114.45,13,15,8,9,7,N
21516,0,1,0,0,1,1,1,2,5.33,1.5,12.0,0.0,4,0.67,0.67,8.0,1,3,1,3,2,N
22238,0,1,0,0,1,1,1,0,9.0,3.0,81.0,0.01,9,0.33,4.5,27.0,2,7,2,6,0,N
15353,0,1,0,0,1,1,1,0,5.33,1.5,12.0,0.0,4,0.67,0.67,8.0,1,3,1,3,0,N
22570,0,3,0,0,2,2,1,8,23.46,10.29,2485.24,0.08,52,0.1,138.07,241.48,19,33,12,13,8,N
19030,0,1,0,0,1,1,1,0,5.8,2.0,23.22,0.0,5,0.5,1.29,11.61,1,4,1,4,0,N
22641,0,1,0,0,1,1,1,2,8.98,2.5,56.15,0.01,8,0.4,3.12,22.46,2,6,2,5,2,N
19970,0,1,0,0,1,1,1,0,5.33,1.5,12.0,0.0,4,0.67,0.67,8.0,1,3,1,3,0,N
19797,0,1,0,0,1,1,1,2,5.33,1.5,12.0,0.0,4,0.67,0.67,8.0,1,3,1,3,2,N
16066,0,1,0,0,1,1,1,0,5.33,1.5,12.0,0.0,4,0.67,0.67,8.0,1,3,1,3,0,N
16712,0,3,0,0,2,1,1,8,32.36,3.5,396.55,0.04,29,0.29,22.03,113.3,14,15,10,5,8,N
14342,0,1,0,0,1,1,1,0,7.75,2.0,31.02,0.01,6,0.5,1.72,15.51,2,4,2,4,0,N
14702,0,1,2,0,1,1,1,1,11.23,2.0,44.92,0.01,8,0.5,2.5,22.46,3,5,3,4,3,N
22467,0,1,0,0,1,1,1,2,13.5,2.0,54.0,0.01,9,0.5,3.0,27.0,4,5,4,4,2,N
17154,4,7,1,8,4,1,1,23,23.26,21.67,10918.18,0.17,113,0.05,606.57,503.92,52,61,12,10,24,N
17539,1,5,0,0,3,2,3,6,7.47,8.0,478.36,0.02,18,0.13,26.58,59.79,4,14,2,8,6,N
20503,3,5,0,0,3,2,1,14,27.33,6.75,1245.22,0.06,42,0.15,69.18,184.48,18,24,12,9,14,N
22884,6,5,1,11,3,1,1,11,13.3,41.33,22726.68,0.18,109,0.02,1262.59,549.84,31,78,9,24,12,N
21135,3,1,0,3,1,1,1,2,0.0,0.0,0.0,0.0,3,0.0,0.0,4.75,0,3,0,3,2,N
18469,0,1,0,0,1,1,1,0,0.0,0.0,0.0,0.0,0,0.0,0.0,0.0,0,0,0,0,0,N
18096,0,1,0,0,1,1,1,0,0.0,0.0,0.0,0.0,0,0.0,0.0,0.0,0,0,0,0,0,N
23317,0,1,0,0,1,1,1,4,9.47,2.67,67.38,0.01,9,0.38,3.74,25.27,4,5,3,4,4,N
19616,0,1,0,0,1,1,1,0,5.33,1.5,12.0,0.0,4,0.67,0.67,8.0,1,3,1,3,0,N
19641,0,1,0,0,1,1,1,0,7.74,1.5,17.41,0.0,5,0.67,0.97,11.61,2,3,2,3,0,N
16119,0,1,0,0,1,1,1,0,0.0,0.0,0.0,0.0,1,0.0,0.0,0.0,0,1,0,1,0,N
18429,1,5,0,0,3,3,1,13,16.4,7.07,820.29,0.04,29,0.14,45.57,116.0,11,18,7,9,13,N
22416,7,9,4,15,5,1,1,17,47.97,8.57,3524.56,0.14,83,0.12,195.81,411.2,36,47,21,10,21,N
22089,2,3,5,0,2,2,1,5,13.96,6.0,502.57,0.03,22,0.17,27.92,83.76,9,13,6,8,10,N
16186,0,5,0,0,3,2,1,7,11.89,13.13,2048.55,0.05,35,0.08,113.81,156.08,15,20,8,14,7,N
14100,18,18,14,27,1,1,1,67,28.6,47.67,64981.35,0.45,238,0.02,3610.07,1363.25,99,139,27,26,81,N
16113,0,1,0,0,1,1,1,0,5.33,1.5,12.0,0.0,4,0.67,0.67,8.0,1,3,1,3,0,N
18001,11,21,6,17,11,10,11,36,57.5,25.16,36402.08,0.48,265,0.04,2022.34,1446.75,120,145,31,13,42,N
17011,0,1,0,0,1,1,1,0,5.33,1.5,12.0,0.0,4,0.67,0.67,8.0,1,3,1,3,0,N
17289,0,1,0,0,1,1,1,0,7.86,2.5,49.13,0.01,7,0.4,2.73,19.65,2,5,2,5,0,N
19006,0,1,0,0,1,1,1,0,7.33,4.5,148.5,0.01,11,0.22,8.25,33.0,3,8,2,6,0,N
17887,0,1,0,0,1,1,1,0,5.8,2.0,23.22,0.0,5,0.5,1.29,11.61,1,4,1,4,0,N
14202,7,1,5,6,1,1,1,14,46.18,8.5,3336.69,0.13,80,0.12,185.37,392.55,34,46,20,10,19,N
22118,0,1,0,0,1,1,1,0,8.6,7.5,483.97,0.02,18,0.13,26.89,64.53,5,13,3,9,0,N
20177,3,1,0,0,1,1,1,2,7.75,2.0,31.02,0.01,6,0.5,1.72,15.51,2,4,2,4,2,N
16351,0,1,0,0,1,1,1,0,5.33,1.5,12.0,0.0,4,0.67,0.67,8.0,1,3,1,3,0,N
18672,0,1,0,0,1,1,1,0,0.0,0.0,0.0,0.0,1,0.0,0.0,0.0,0,1,0,1,0,N
14086,0,1,0,0,1,1,1,0,0.0,0.0,0.0,0.0,1,0.0,0.0,0.0,0,1,0,1,0,N
22799,0,1,0,0,1,1,1,0,7.75,2.0,31.02,0.01,6,0.5,1.72,15.51,2,4,2,4,0,N
18549,0,3,0,0,2,2,1,8,23.46,10.29,2485.24,0.08,52,0.1,138.07,241.48,19,33,12,13,8,N
20020,3,3,0,0,2,1,1,13,5.57,34.83,6763.77,0.06,51,0.03,375.76,194.18,19,32,3,11,13,N
15598,0,1,0,1,1,1,1,1,0.0,0.0,0.0,0.0,1,0.0,0.0,0.0,0,1,0,1,1,N
16438,0,1,1,0,1,1,1,2,11.23,2.0,44.92,0.01,8,0.5,2.5,22.46,3,5,3,4,3,N
18721,0,3,0,0,2,1,1,5,13.84,3.5,169.51,0.02,14,0.29,9.42,48.43,4,10,4,7,5,N
17125,2,3,0,1,2,1,1,7,16.97,9.17,1426.24,0.05,36,0.11,79.24,155.59,15,21,9,11,7,N
18078,2,1,0,1,1,1,1,1,0.0,0.0,0.0,0.0,1,0.0,0.0,0.0,0,1,0,1,1,N
21053,5,5,0,2,3,2,1,22,50.43,10.62,5682.29,0.18,102,0.09,315.68,535.29,46,56,26,12,22,N
16413,0,1,0,0,1,1,1,0,5.33,1.5,12.0,0.0,4,0.67,0.67,8.0,1,3,1,3,0,N
14447,0,1,0,0,1,1,1,9,16.05,10.31,1708.46,0.06,39,0.1,94.91,165.67,15,24,8,11,9,N
23368,1,3,0,0,2,1,1,8,15.07,9.75,1432.72,0.05,34,0.1,79.6,146.95,13,21,8,12,8,N
20550,0,1,0,0,1,1,1,0,9.83,2.0,39.3,0.01,7,0.5,2.18,19.65,3,4,3,4,0,N
14598,0,1,0,0,1,1,1,0,9.51,3.0,85.59,0.01,9,0.33,4.75,28.53,3,6,3,6,0,N
15012,1,3,2,0,2,1,1,2,8.72,4.0,139.48,0.01,11,0.25,7.75,34.87,4,7,3,6,4,N
17442,0,1,0,0,1,1,1,3,10.34,2.0,41.36,0.01,8,0.5,2.3,20.68,2,6,2,4,3,N
19791,0,1,0,0,1,1,1,0,7.75,2.0,31.02,0.01,6,0.5,1.72,15.51,2,4,2,4,0,N
18646,0,1,0,0,1,1,1,2,5.33,1.5,12.0,0.0,4,0.67,0.67,8.0,1,3,1,3,2,N
20968,0,5,0,0,3,3,1,6,30.72,9.0,2488.36,0.09,62,0.11,138.24,276.48,18,44,11,11,6,N
16220,0,1,0,0,1,1,1,0,8.3,6.0,298.97,0.02,15,0.17,16.61,49.83,3,12,2,8,0,N
17664,0,1,0,0,1,1,1,0,6.55,3.0,58.95,0.01,7,0.33,3.28,19.65,1,6,1,6,0,N
18962,0,1,0,0,1,1,1,0,8.6,7.5,483.97,0.02,18,0.13,26.89,64.53,5,13,3,9,0,N
23073,0,1,0,0,1,1,1,0,0.0,0.0,0.0,0.0,3,0.0,0.0,4.75,0,3,0,3,0,N
17031,0,1,0,0,1,1,1,0,4.75,1.0,4.75,0.0,3,1.0,0.26,4.75,1,2,1,2,0,N
20237,0,1,0,0,1,1,1,1,0.0,0.0,0.0,0.0,1,0.0,0.0,0.0,0,1,0,1,1,N
17696,0,1,0,0,1,1,1,0,7.75,2.0,31.02,0.01,6,0.5,1.72,15.51,2,4,2,4,0,N
14602,0,1,0,0,1,1,1,0,9.51,3.0,85.59,0.01,9,0.33,4.75,28.53,3,6,3,6,0,N
23154,0,1,0,0,1,1,1,0,5.33,1.5,12.0,0.0,4,0.67,0.67,8.0,1,3,1,3,0,N
17787,0,1,0,0,1,1,1,0,5.33,1.5,12.0,0.0,4,0.67,0.67,8.0,1,3,1,3,0,N
22391,0,3,0,0,2,2,1,4,10.88,5.6,341.29,0.02,17,0.18,18.96,60.94,8,9,5,7,4,N
18805,0,1,0,0,1,1,1,0,7.74,1.5,17.41,0.0,5,0.67,0.97,11.61,2,3,2,3,0,N
15342,6,9,11,2,1,1,1,14,51.89,12.22,7751.92,0.21,120,0.08,430.66,634.25,55,65,27,12,25,N
18354,17,21,0,15,11,10,1,61,28.94,67.5,131842.41,0.65,341,0.01,7324.58,1953.22,130,211,26,27,61,N
15467,0,1,0,0,1,1,1,0,0.0,0.0,0.0,0.0,3,0.0,0.0,4.75,0,3,0,3,0,N
18923,0,1,0,0,1,1,1,0,7.75,2.0,31.02,0.01,6,0.5,1.72,15.51,2,4,2,4,0,N
18082,0,1,0,0,1,1,1,0,7.75,2.0,31.02,0.01,6,0.5,1.72,15.51,2,4,2,4,0,N
18463,0,1,0,0,1,1,1,0,9.31,2.5,58.16,0.01,9,0.4,3.23,23.26,1,8,1,5,0,N
15870,0,1,0,0,1,1,1,0,5.8,2.0,23.22,0.0,5,0.5,1.29,11.61,1,4,1,4,0,N
17052,0,1,0,0,1,1,1,0,7.74,1.5,17.41,0.0,5,0.67,0.97,11.61,2,3,2,3,0,N
15514,0,1,0,0,1,1,1,0,0.0,0.0,0.0,0.0,3,0.0,0.0,4.75,0,3,0,3,0,N
22187,0,1,0,0,1,1,1,0,5.33,1.5,12.0,0.0,4,0.67,0.67,8.0,1,3,1,3,0,N
16698,0,1,0,0,1,1,1,1,0.0,0.0,0.0,0.0,1,0.0,0.0,0.0,0,1,0,1,1,N
17884,0,1,0,0,1,1,1,0,5.33,1.5,12.0,0.0,4,0.67,0.67,8.0,1,3,1,3,0,N
19704,0,1,0,0,1,1,1,0,6.55,3.0,58.95,0.01,7,0.33,3.28,19.65,1,6,1,6,0,N
22205,0,1,0,0,1,1,1,0,7.75,2.0,31.02,0.01,6,0.5,1.72,15.51,2,4,2,4,0,N
21357,1,1,0,0,1,1,1,7,24.54,6.75,1118.27,0.06,39,0.15,62.13,165.67,15,24,10,9,7,N
15346,0,1,0,0,1,1,1,0,7.74,1.5,17.41,0.0,5,0.67,0.97,11.61,2,3,2,3,0,N
20636,0,1,0,0,1,1,1,0,12.68,2.5,79.25,0.01,10,0.4,4.4,31.7,4,6,4,5,0,N
21857,3,1,0,0,1,1,1,2,7.75,2.0,31.02,0.01,6,0.5,1.72,15.51,2,4,2,4,2,N
18776,3,5,1,2,3,3,3,14,14.42,14.44,3005.14,0.07,49,0.07,166.95,208.15,21,28,8,11,15,N
21163,15,1,1,24,1,1,1,12,74.92,2.5,468.24,0.06,42,0.4,26.01,187.3,17,25,17,5,13,Y
15785,0,1,0,0,1,1,1,0,7.74,1.5,17.41,0.0,5,0.67,0.97,11.61,2,3,2,3,0,N
21802,0,1,0,0,1,1,1,0,8.3,6.67,369.01,0.02,16,0.15,20.5,55.35,5,11,3,8,0,N
23306,0,1,0,0,1,1,1,4,10.24,7.0,501.89,0.02,20,0.14,27.88,71.7,7,13,4,8,4,N
15028,0,1,1,0,1,1,1,1,7.74,1.5,17.41,0.0,5,0.67,0.97,11.61,2,3,2,3,2,N
20748,5,11,0,7,6,5,1,20,18.59,38.0,26850.51,0.24,144,0.03,1491.69,706.59,44,100,11,19,20,N
22112,0,1,0,0,1,1,1,4,10.24,7.0,501.89,0.02,20,0.14,27.88,71.7,7,13,4,8,4,N
22493,0,1,0,0,1,1,1,0,7.33,4.5,148.5,0.01,11,0.22,8.25,33.0,3,8,2,6,0,N
22946,10,1,0,9,1,1,1,7,38.4,2.5,240.0,0.03,24,0.4,13.33,96.0,11,13,11,5,7,N
23129,0,1,0,0,1,1,1,0,5.33,1.5,12.0,0.0,4,0.67,0.67,8.0,1,3,1,3,0,N
21021,4,13,1,5,7,6,1,38,52.13,20.79,22530.1,0.36,185,0.05,1251.67,1083.73,79,106,38,20,39,N
14476,0,1,0,0,1,1,1,0,5.33,1.5,12.0,0.0,4,0.67,0.67,8.0,1,3,1,3,0,N
16144,0,1,0,0,1,1,1,0,7.74,1.5,17.41,0.0,5,0.67,0.97,11.61,2,3,2,3,0,N
23292,0,1,0,0,1,1,1,0,7.74,1.5,17.41,0.0,5,0.67,0.97,11.61,2,3,2,3,0,N
16050,0,1,0,0,1,1,1,0,7.74,1.5,17.41,0.0,5,0.67,0.97,11.61,2,3,2,3,0,N
14231,3,5,5,0,3,1,1,6,13.67,11.43,1786.01,0.05,40,0.09,99.22,156.28,20,20,7,8,11,N
19917,0,1,0,0,1,1,1,0,8.3,6.0,298.97,0.02,15,0.17,16.61,49.83,3,12,2,8,0,N
21078,2,3,0,0,2,1,1,9,8.51,8.0,544.91,0.02,19,0.13,30.27,68.11,8,11,4,8,9,N
17961,0,1,0,0,1,1,1,0,7.74,1.5,17.41,0.0,5,0.67,0.97,11.61,2,3,2,3,0,N
19524,0,1,0,0,1,1,1,0,5.33,1.5,12.0,0.0,4,0.67,0.67,8.0,1,3,1,3,0,N
14975,0,1,0,0,1,1,1,2,7.74,1.5,17.41,0.0,5,0.67,0.97,11.61,2,3,2,3,2,N
14425,2,5,1,0,3,3,1,25,69.28,9.62,6412.06,0.22,127,0.1,356.23,666.49,62,65,29,9,26,N
19399,0,1,0,0,1,1,1,0,0.0,0.0,0.0,0.0,0,0.0,0.0,0.0,0,0,0,0,0,N
20151,0,1,0,0,1,1,1,0,6.2,2.5,38.77,0.01,6,0.4,2.15,15.51,1,5,1,5,0,N
20309,0,1,0,0,1,1,1,0,12.18,3.0,109.62,0.01,11,0.33,6.09,36.54,4,7,4,6,0,N
18613,1,3,0,0,2,2,1,6,15.9,5.79,532.29,0.03,23,0.17,29.57,92.0,9,14,7,9,6,N
18203,1,1,0,0,1,1,1,9,42.67,3.56,539.44,0.05,41,0.28,29.97,151.72,16,25,9,4,9,N
14827,1,1,0,0,1,1,1,2,7.74,1.5,17.41,0.0,5,0.67,0.97,11.61,2,3,2,3,2,N
19906,0,1,0,0,1,1,1,0,0.0,0.0,0.0,0.0,0,0.0,0.0,0.0,0,0,0,0,0,N
17044,0,1,0,0,1,1,1,0,0.0,0.0,0.0,0.0,2,0.0,0.0,2.0,0,2,0,2,0,N
21883,0,1,0,0,1,1,1,0,0.0,0.0,0.0,0.0,0,0.0,0.0,0.0,0,0,0,0,0,N
15155,0,1,0,0,1,1,1,0,5.33,1.5,12.0,0.0,4,0.67,0.67,8.0,1,3,1,3,0,N
16993,1,3,0,2,2,1,1,6,18.6,5.25,512.78,0.03,25,0.19,28.49,97.67,12,13,8,7,6,N
14384,0,1,0,0,1,1,1,0,0.0,0.0,0.0,0.0,2,0.0,0.0,2.0,0,2,0,2,0,N
21592,0,3,0,0,2,2,1,0,7.75,2.0,31.02,0.01,6,0.5,1.72,15.51,2,4,2,4,0,N
18717,0,3,0,1,2,1,1,8,14.97,9.29,1290.47,0.05,34,0.11,71.69,138.97,13,21,7,10,8,N
14734,4,3,0,0,2,2,1,27,98.83,17.19,29200.73,0.57,290,0.06,1622.26,1698.81,119,171,45,13,27,N
21130,30,3,21,38,2,2,1,25,181.4,5.48,5450.52,0.33,167,0.18,302.81,994.35,74,93,54,8,46,N
16062,0,1,0,0,1,1,1,0,5.33,1.5,12.0,0.0,4,0.67,0.67,8.0,1,3,1,3,0,N
17738,1,5,0,0,3,3,1,13,16.4,7.07,820.29,0.04,29,0.14,45.57,116.0,11,18,7,9,13,N
14379,0,1,0,0,1,1,1,0,0.0,0.0,0.0,0.0,1,0.0,0.0,0.0,0,1,0,1,0,N
16408,0,1,0,0,1,1,1,0,5.33,1.5,12.0,0.0,4,0.67,0.67,8.0,1,3,1,3,0,N
18863,0,1,0,0,1,1,1,0,7.75,2.0,31.02,0.01,6,0.5,1.72,15.51,2,4,2,4,0,N
16429,0,1,0,0,1,1,1,0,7.74,1.5,17.41,0.0,5,0.67,0.97,11.61,2,3,2,3,0,N
17775,0,3,0,0,2,2,1,4,11.18,5.63,353.85,0.02,17,0.18,19.66,62.91,5,12,4,9,4,N
17877,0,1,0,0,1,1,1,0,7.75,2.0,31.02,0.01,6,0.5,1.72,15.51,2,4,2,4,0,N
16000,0,1,0,0,1,1,1,0,7.74,1.5,17.41,0.0,5,0.67,0.97,11.61,2,3,2,3,0,N
22903,0,1,0,0,1,1,1,5,27.63,2.81,218.56,0.03,21,0.36,12.14,77.71,9,12,8,5,5,N
17500,0,1,0,0,1,1,1,0,7.75,2.0,31.02,0.01,6,0.5,1.72,15.51,2,4,2,4,0,N
14822,1,1,0,0,1,1,1,2,7.74,1.5,17.41,0.0,5,0.67,0.97,11.61,2,3,2,3,2,N
17711,0,1,0,0,1,1,1,2,5.33,1.5,12.0,0.0,4,0.67,0.67,8.0,1,3,1,3,2,N
22259,0,1,0,0,1,1,1,0,8.3,6.67,369.01,0.02,16,0.15,20.5,55.35,5,11,3,8,0,N
21971,0,1,0,0,1,1,1,2,5.33,1.5,12.0,0.0,4,0.67,0.67,8.0,1,3,1,3,2,N
15339,0,1,0,0,1,1,1,0,7.74,1.5,17.41,0.0,5,0.67,0.97,11.61,2,3,2,3,0,N
22769,2,5,0,1,3,2,1,23,19.78,20.04,7940.87,0.13,80,0.05,441.16,396.34,33,47,14,17,23,N
15633,0,1,0,0,1,1,1,0,5.33,1.5,12.0,0.0,4,0.67,0.67,8.0,1,3,1,3,0,N
17029,3,5,0,3,1,1,1,15,32.04,6.6,1396.03,0.07,45,0.15,77.56,211.52,18,27,15,11,15,N
17668,0,1,0,0,1,1,1,0,7.74,1.5,17.41,0.0,5,0.67,0.97,11.61,2,3,2,3,0,N
16207,0,1,0,0,1,1,1,0,5.33,1.5,12.0,0.0,4,0.67,0.67,8.0,1,3,1,3,0,N
21252,14,11,6,1,6,4,4,30,29.0,15.0,6525.0,0.15,87,0.07,362.5,435.0,30,57,16,16,36,N
21230,0,3,0,1,2,1,1,14,14.94,18.33,5020.77,0.09,67,0.05,278.93,273.86,20,47,6,11,14,N
21194,0,1,0,0,1,1,1,2,7.74,1.5,17.41,0.0,5,0.67,0.97,11.61,2,3,2,3,2,N
19139,0,1,0,0,1,1,1,0,7.33,4.5,148.5,0.01,11,0.22,8.25,33.0,3,8,2,6,0,N
18182,13,13,3,11,7,3,3,52,48.19,31.87,48957.02,0.51,259,0.03,2719.83,1536.06,113,146,39,22,55,N
19042,0,1,0,0,1,1,1,2,5.33,1.5,12.0,0.0,4,0.67,0.67,8.0,1,3,1,3,2,N
18977,2,7,0,0,4,2,3,11,12.35,16.0,3162.47,0.07,45,0.06,175.69,197.65,16,29,7,14,11,N
21367,0,1,0,0,1,1,1,18,49.27,15.44,11741.46,0.25,146,0.06,652.3,760.58,57,89,24,13,18,N
14587,0,1,0,0,1,1,1,0,7.74,1.5,17.41,0.0,5,0.67,0.97,11.61,2,3,2,3,0,N
14967,1,1,0,0,1,1,1,2,7.74,1.5,17.41,0.0,5,0.67,0.97,11.61,2,3,2,3,2,N
14482,2,11,5,0,6,5,4,18,34.8,12.29,5260.09,0.14,89,0.08,292.23,427.85,38,51,17,11,23,N
22167,0,1,0,0,1,1,1,0,7.33,4.5,148.5,0.01,11,0.22,8.25,33.0,3,8,2,6,0,N
23519,1,1,0,4,1,1,1,4,21.67,1.8,70.2,0.01,13,0.56,3.9,39.0,6,7,5,3,4,N
17534,0,1,1,0,1,1,1,2,11.23,2.0,44.92,0.01,8,0.5,2.5,22.46,3,5,3,4,3,N
14972,0,1,0,0,1,1,1,2,7.74,1.5,17.41,0.0,5,0.67,0.97,11.61,2,3,2,3,2,N
14280,0,3,0,0,2,2,1,0,9.32,5.0,233.02,0.02,13,0.2,12.95,46.6,5,8,4,8,0,N
19276,1,3,0,0,2,1,1,8,15.07,9.75,1432.72,0.05,34,0.1,79.6,146.95,13,21,8,12,8,N
14531,0,1,0,0,1,1,1,3,12.0,2.5,75.0,0.01,10,0.4,4.17,30.0,3,7,3,5,3,N
16127,0,1,0,0,1,1,1,0,4.75,1.0,4.75,0.0,3,1.0,0.26,4.75,1,2,1,2,0,N
16503,0,1,0,0,1,1,1,0,7.74,1.5,17.41,0.0,5,0.67,0.97,11.61,2,3,2,3,0,N
14323,6,17,2,5,9,5,1,37,78.21,15.38,18496.28,0.4,209,0.07,1027.56,1202.77,97,112,41,13,39,N
22770,0,1,0,0,1,1,1,0,8.6,7.5,483.97,0.02,18,0.13,26.89,64.53,5,13,3,9,0,N
19510,0,1,0,0,1,1,1,0,10.68,4.67,232.53,0.02,15,0.21,12.92,49.83,4,11,3,7,0,N
15180,12,1,13,9,1,1,1,6,69.36,8.0,4439.07,0.18,110,0.13,246.61,554.88,50,60,25,8,19,N
17462,0,1,0,0,1,1,1,2,7.71,3.5,94.5,0.01,9,0.29,5.25,27.0,1,8,1,7,2,N
20052,3,3,6,0,2,1,1,3,20.56,7.56,1173.56,0.05,38,0.13,65.2,155.32,17,21,9,8,9,N
15786,0,1,0,0,1,1,1,0,7.33,4.5,148.5,0.01,11,0.22,8.25,33.0,3,8,2,6,0,N
17984,10,21,10,16,11,10,11,36,63.83,25.24,40649.79,0.54,290,0.04,2258.32,1610.83,132,158,34,13,46,N
19456,0,1,0,0,1,1,1,2,8.98,2.5,56.15,0.01,8,0.4,3.12,22.46,2,6,2,5,2,N
14788,0,1,0,0,1,1,1,2,7.74,1.5,17.41,0.0,5,0.67,0.97,11.61,2,3,2,3,2,N
21610,0,5,0,0,3,2,1,7,11.89,13.13,2048.55,0.05,35,0.08,113.81,156.08,15,20,8,14,7,N
14625,4,5,0,4,3,3,1,15,43.59,6.0,1569.11,0.09,55,0.17,87.17,261.51,24,31,18,9,15,N
15512,0,1,0,0,1,1,1,0,7.86,2.5,49.13,0.01,7,0.4,2.73,19.65,2,5,2,5,0,N
16343,0,1,0,0,1,1,1,0,5.33,1.5,12.0,0.0,4,0.67,0.67,8.0,1,3,1,3,0,N
23392,0,1,0,0,1,1,1,0,5.33,1.5,12.0,0.0,4,0.67,0.67,8.0,1,3,1,3,0,N
17217,0,1,0,0,1,1,1,0,0.0,0.0,0.0,0.0,2,0.0,0.0,2.0,0,2,0,2,0,N
20990,4,11,0,3,6,3,1,29,20.31,38.25,29720.31,0.26,146,0.03,1651.13,777.0,51,95,16,24,29,N
16129,0,1,0,0,1,1,1,0,7.74,1.5,17.41,0.0,5,0.67,0.97,11.61,2,3,2,3,0,N
15998,0,1,0,0,1,1,1,0,7.74,1.5,17.41,0.0,5,0.67,0.97,11.61,2,3,2,3,0,N
14707,3,1,0,0,1,1,1,2,7.74,1.5,17.41,0.0,5,0.67,0.97,11.61,2,3,2,3,2,N
20155,0,1,0,0,1,1,1,0,6.2,2.5,38.77,0.01,6,0.4,2.15,15.51,1,5,1,5,0,N
14389,0,1,0,0,1,1,1,0,5.33,1.5,12.0,0.0,4,0.67,0.67,8.0,1,3,1,3,0,N
22843,0,1,0,0,1,1,1,0,6.55,3.0,58.95,0.01,7,0.33,3.28,19.65,1,6,1,6,0,N
23234,0,1,0,0,1,1,1,0,9.51,3.0,85.59,0.01,9,0.33,4.75,28.53,3,6,3,6,0,N
19497,0,1,0,0,1,1,1,2,13.5,2.0,54.0,0.01,9,0.5,3.0,27.0,4,5,4,4,2,N
14500,0,1,0,0,1,1,1,0,5.8,2.0,23.22,0.0,5,0.5,1.29,11.61,1,4,1,4,0,N
22127,0,3,0,0,2,2,1,0,6.69,7.5,376.42,0.02,14,0.13,20.91,50.19,5,9,3,9,0,N
14178,2,3,4,0,2,1,1,4,8.76,10.0,875.69,0.03,23,0.1,48.65,87.57,8,15,4,10,8,N
17114,0,1,0,0,1,1,1,0,4.75,1.0,4.75,0.0,3,1.0,0.26,4.75,1,2,1,2,0,N
18311,20,21,0,80,11,10,1,63,28.39,77.78,171770.62,0.74,382,0.01,9542.81,2208.48,150,232,27,28,63,N
16242,0,1,0,0,1,1,1,0,6.55,3.0,58.95,0.01,7,0.33,3.28,19.65,1,6,1,6,0,N
15782,0,1,0,0,1,1,1,0,0.0,0.0,0.0,0.0,0,0.0,0.0,0.0,0,0,0,0,0,N
14162,0,1,1,0,1,1,1,1,9.83,2.0,39.3,0.01,7,0.5,2.18,19.65,3,4,3,4,2,N
21087,6,6,0,3,1,1,1,21,19.91,14.4,4128.87,0.1,61,0.07,229.38,286.73,18,43,10,16,21,N
21406,0,7,0,0,4,3,1,8,19.43,5.14,513.83,0.03,27,0.19,28.55,99.91,12,15,7,6,8,N
16314,0,1,0,0,1,1,1,0,16.84,1.5,37.9,0.01,9,0.67,2.11,25.27,4,5,4,3,0,N
17247,0,1,0,0,1,1,1,0,5.33,1.5,12.0,0.0,4,0.67,0.67,8.0,1,3,1,3,0,N
22172,0,1,0,0,1,1,1,0,9.6,2.5,60.0,0.01,8,0.4,3.33,24.0,3,5,3,5,0,N
21906,0,1,0,0,1,1,1,2,6.2,2.5,38.77,0.01,6,0.4,2.15,15.51,1,5,1,5,2,N
20332,0,1,0,0,1,1,1,2,5.33,1.5,12.0,0.0,4,0.67,0.67,8.0,1,3,1,3,2,N
20805,0,3,1,4,2,2,1,8,16.92,18.69,5909.86,0.11,72,0.05,328.33,316.25,23,49,8,13,9,N
16022,0,1,0,0,1,1,1,0,5.33,1.5,12.0,0.0,4,0.67,0.67,8.0,1,3,1,3,0,N
18117,0,1,0,0,1,1,1,0,7.75,2.0,31.02,0.01,6,0.5,1.72,15.51,2,4,2,4,0,N
23393,0,1,0,0,1,1,1,0,7.75,2.0,31.02,0.01,6,0.5,1.72,15.51,2,4,2,4,0,N
16921,0,1,0,0,1,1,1,0,0.0,0.0,0.0,0.0,2,0.0,0.0,2.0,0,2,0,2,0,N
20441,0,1,0,0,1,1,1,2,7.74,1.5,17.41,0.0,5,0.67,0.97,11.61,2,3,2,3,2,N
14074,0,1,0,0,1,1,1,0,0.0,0.0,0.0,0.0,1,0.0,0.0,0.0,0,1,0,1,0,N
20212,0,1,0,0,1,1,1,0,0.0,0.0,0.0,0.0,0,0.0,0.0,0.0,0,0,0,0,0,N
18410,0,3,0,0,2,2,1,10,11.26,10.0,1125.88,0.04,27,0.1,62.55,112.59,10,17,6,12,10,N
20120,0,3,0,0,2,2,1,4,11.99,6.67,533.03,0.03,21,0.15,29.61,79.95,10,11,6,8,4,N
15008,1,3,2,0,2,1,1,2,8.72,4.0,139.48,0.01,11,0.25,7.75,34.87,4,7,3,6,4,N
14786,7,3,1,0,2,2,1,7,19.16,5.33,545.0,0.03,25,0.19,30.28,102.19,12,13,9,8,8,N
16793,0,1,0,0,1,1,1,0,7.86,2.5,49.13,0.01,7,0.4,2.73,19.65,2,5,2,5,0,N
22314,0,3,0,0,2,2,1,4,11.18,5.63,353.85,0.02,17,0.18,19.66,62.91,5,12,4,9,4,N
23493,6,9,0,1,5,2,1,26,35.11,17.93,11294.45,0.21,120,0.06,627.47,629.75,55,65,23,15,26,N
19278,0,1,0,0,1,1,1,0,7.75,2.0,31.02,0.01,6,0.5,1.72,15.51,2,4,2,4,0,N
22313,0,3,0,0,2,2,1,5,17.22,4.08,287.09,0.02,19,0.24,15.95,70.31,7,12,6,7,5,N
14664,3,1,1,0,1,1,1,2,16.84,1.5,37.9,0.01,9,0.67,2.11,25.27,4,5,4,3,3,N
21703,0,1,0,0,1,1,1,2,13.5,2.0,54.0,0.01,9,0.5,3.0,27.0,4,5,4,4,2,N
23361,0,1,0,0,1,1,1,0,0.0,0.0,0.0,0.0,0,0.0,0.0,0.0,0,0,0,0,0,N
22212,0,1,0,0,1,1,1,0,7.86,2.5,49.13,0.01,7,0.4,2.73,19.65,2,5,2,5,0,N
17009,0,1,0,0,1,1,1,0,5.33,1.5,12.0,0.0,4,0.67,0.67,8.0,1,3,1,3,0,N
23355,0,1,0,0,1,1,1,0,0.0,0.0,0.0,0.0,2,0.0,0.0,2.0,0,2,0,2,0,N
16521,0,1,0,0,1,1,1,0,5.33,1.5,12.0,0.0,4,0.67,0.67,8.0,1,3,1,3,0,N
15649,0,1,0,0,1,1,1,0,7.74,1.5,17.41,0.0,5,0.67,0.97,11.61,2,3,2,3,0,N
22523,0,1,0,0,1,1,1,0,5.33,1.5,12.0,0.0,4,0.67,0.67,8.0,1,3,1,3,0,N
17835,2,3,0,0,2,2,1,7,15.65,7.31,836.91,0.04,28,0.14,46.49,114.45,13,15,8,9,7,N
14286,0,3,0,0,2,2,1,0,7.86,2.5,49.13,0.01,7,0.4,2.73,19.65,2,5,2,5,0,N
14851,1,1,0,0,1,1,1,2,7.74,1.5,17.41,0.0,5,0.67,0.97,11.61,2,3,2,3,2,N
19584,0,1,0,0,1,1,1,0,6.55,3.0,58.95,0.01,7,0.33,3.28,19.65,1,6,1,6,0,N
17569,0,1,0,0,1,1,1,0,0.0,0.0,0.0,0.0,0,0.0,0.0,0.0,0,0,0,0,0,N
22447,0,1,0,0,1,1,1,0,8.3,6.67,369.01,0.02,16,0.15,20.5,55.35,5,11,3,8,0,N
16116,0,1,0,0,1,1,1,0,7.74,1.5,17.41,0.0,5,0.67,0.97,11.61,2,3,2,3,0,N
23289,0,1,0,0,1,1,1,0,5.33,1.5,12.0,0.0,4,0.67,0.67,8.0,1,3,1,3,0,N
23438,0,1,0,0,1,1,1,0,5.33,1.5,12.0,0.0,4,0.67,0.67,8.0,1,3,1,3,0,N
19493,0,3,0,0,2,2,1,0,7.86,2.5,49.13,0.01,7,0.4,2.73,19.65,2,5,2,5,0,N
20227,0,1,0,0,1,1,1,0,7.33,4.5,148.5,0.01,11,0.22,8.25,33.0,3,8,2,6,0,N
15640,0,1,0,0,1,1,1,0,5.33,1.5,12.0,0.0,4,0.67,0.67,8.0,1,3,1,3,0,N
14238,6,1,0,9,1,1,1,3,16.84,1.5,37.9,0.01,9,0.67,2.11,25.27,4,5,4,3,3,N
18775,3,5,1,2,3,3,3,14,14.42,14.44,3005.14,0.07,49,0.07,166.95,208.15,21,28,8,11,15,N
17639,3,1,0,0,1,1,1,2,7.75,2.0,31.02,0.01,6,0.5,1.72,15.51,2,4,2,4,2,N
22388,1,1,0,0,1,1,1,3,17.92,3.0,161.32,0.02,15,0.33,8.96,53.77,6,9,6,6,3,N
23294,0,1,0,0,1,1,1,0,7.86,2.5,49.13,0.01,7,0.4,2.73,19.65,2,5,2,5,0,N
19512,0,3,0,0,2,2,1,5,17.22,4.08,287.09,0.02,19,0.24,15.95,70.31,7,12,6,7,5,N
16086,0,1,0,0,1,1,1,0,5.33,1.5,12.0,0.0,4,0.67,0.67,8.0,1,3,1,3,0,N
14346,0,1,0,0,1,1,1,0,7.75,2.0,31.02,0.01,6,0.5,1.72,15.51,2,4,2,4,0,N
17933,0,1,0,0,1,1,1,0,0.0,0.0,0.0,0.0,3,0.0,0.0,4.75,0,3,0,3,0,N
18240,4,5,0,6,3,3,1,10,27.97,8.25,1903.71,0.08,48,0.12,105.76,230.75,22,26,16,12,10,N
22487,0,1,0,0,1,1,1,0,0.0,0.0,0.0,0.0,0,0.0,0.0,0.0,0,0,0,0,0,N
17861,0,1,0,0,1,1,1,0,5.33,1.5,12.0,0.0,4,0.67,0.67,8.0,1,3,1,3,0,N
19256,3,1,0,0,1,1,1,2,7.75,2.0,31.02,0.01,6,0.5,1.72,15.51,2,4,2,4,2,N
14467,0,1,0,0,1,1,1,0,5.33,1.5,12.0,0.0,4,0.67,0.67,8.0,1,3,1,3,0,N
14656,3,5,6,0,3,1,1,10,14.41,12.0,2074.53,0.06,40,0.08,115.25,172.88,16,24,8,12,16,N
23454,0,1,0,0,1,1,1,0,9.51,3.0,85.59,0.01,9,0.33,4.75,28.53,3,6,3,6,0,N
23525,1,1,0,4,1,1,1,4,21.67,1.8,70.2,0.01,13,0.56,3.9,39.0,6,7,5,3,4,N
14189,2,3,1,0,2,1,1,7,7.32,8.17,488.32,0.02,18,0.12,27.13,59.79,7,11,3,7,8,N
20717,0,1,0,0,1,1,1,0,7.74,1.5,17.41,0.0,5,0.67,0.97,11.61,2,3,2,3,0,N
22615,0,1,0,0,1,1,1,0,0.0,0.0,0.0,0.0,0,0.0,0.0,0.0,0,0,0,0,0,N
20942,2,3,1,0,2,2,1,15,56.19,14.88,12432.2,0.28,156,0.07,690.68,835.78,42,114,24,17,16,N
23491,0,5,0,0,3,2,1,0,0.0,0.0,0.0,0.0,0,0.0,0.0,0.0,0,0,0,0,0,N
23474,0,1,0,0,1,1,1,0,7.74,1.5,17.41,0.0,5,0.67,0.97,11.61,2,3,2,3,0,N
22547,3,1,5,4,1,1,1,15,51.17,10.15,5275.38,0.17,99,0.1,293.08,519.53,44,55,26,12,20,N
14593,0,1,0,0,1,1,1,0,7.74,1.5,17.41,0.0,5,0.67,0.97,11.61,2,3,2,3,0,N
15836,0,1,0,0,1,1,1,0,5.33,1.5,12.0,0.0,4,0.67,0.67,8.0,1,3,1,3,0,N
15948,0,1,0,0,1,1,1,1,0.0,0.0,0.0,0.0,1,0.0,0.0,0.0,0,1,0,1,1,N
19428,0,1,0,0,1,1,1,0,7.74,1.5,17.41,0.0,5,0.67,0.97,11.61,2,3,2,3,0,N
18038,4,11,0,6,6,4,6,23,39.72,13.8,7564.59,0.18,103,0.07,420.25,548.16,46,57,25,15,23,N
17417,0,3,0,0,2,2,1,0,7.75,2.0,31.02,0.01,6,0.5,1.72,15.51,2,4,2,4,0,N
20671,0,1,0,0,1,1,1,2,8.98,2.5,56.15,0.01,8,0.4,3.12,22.46,2,6,2,5,2,N
16326,0,1,0,0,1,1,1,0,5.33,1.5,12.0,0.0,4,0.67,0.67,8.0,1,3,1,3,0,N
20950,2,3,1,0,2,2,1,15,56.19,14.88,12432.2,0.28,156,0.07,690.68,835.78,42,114,24,17,16,N
17297,0,1,0,0,1,1,1,2,13.5,2.0,54.0,0.01,9,0.5,3.0,27.0,4,5,4,4,2,N
14599,0,1,0,0,1,1,1,0,9.51,3.0,85.59,0.01,9,0.33,4.75,28.53,3,6,3,6,0,N
21798,0,3,0,0,2,2,1,8,23.46,10.29,2485.24,0.08,52,0.1,138.07,241.48,19,33,12,13,8,N
22181,0,1,0,0,1,1,1,0,5.33,1.5,12.0,0.0,4,0.67,0.67,8.0,1,3,1,3,0,N
17019,0,1,0,0,1,1,1,0,5.33,1.5,12.0,0.0,4,0.67,0.67,8.0,1,3,1,3,0,N
18546,0,1,0,0,1,1,1,0,0.0,0.0,0.0,0.0,1,0.0,0.0,0.0,1,0,1,0,0,N
17972,8,17,0,7,9,6,9,28,40.77,18.67,14204.39,0.25,145,0.05,789.13,760.95,64,81,24,14,28,N
19728,0,3,0,0,2,1,1,3,5.07,8.75,388.32,0.01,14,0.11,21.57,44.38,5,9,2,7,3,N
14765,1,1,0,0,1,1,1,7,20.08,5.5,607.27,0.04,29,0.18,33.74,110.41,11,18,7,7,7,N
20132,0,3,0,0,2,2,1,0,7.75,2.0,31.02,0.01,6,0.5,1.72,15.51,2,4,2,4,0,N
15032,2,3,2,0,2,2,1,5,8.54,5.83,290.67,0.02,15,0.17,16.14,49.83,5,10,3,7,7,N
18517,0,1,0,0,1,1,1,0,7.75,2.0,31.02,0.01,6,0.5,1.72,15.51,2,4,2,4,0,N
22994,2,13,1,8,7,6,6,54,25.11,40.0,40181.42,0.33,184,0.03,2232.3,1004.54,80,104,22,22,55,N
20415,0,1,0,0,1,1,1,0,11.86,3.5,145.3,0.01,12,0.29,8.07,41.51,4,8,4,7,0,N
20204,0,1,0,0,1,1,1,2,8.0,1.0,8.0,0.0,4,1.0,0.44,8.0,2,2,2,2,2,N
17706,0,1,0,0,1,1,1,0,6.55,3.0,58.95,0.01,7,0.33,3.28,19.65,1,6,1,6,0,N
19878,0,1,0,0,1,1,1,6,17.51,5.0,437.85,0.03,23,0.2,24.32,87.57,10,13,7,7,6,N
15123,0,1,0,0,1,1,1,2,11.86,3.5,145.3,0.01,12,0.29,8.07,41.51,4,8,4,7,2,N
14663,5,5,1,0,3,3,1,20,23.97,11.57,3209.06,0.09,59,0.09,178.28,277.33,27,32,14,12,21,N
14592,0,1,0,0,1,1,1,0,7.74,1.5,17.41,0.0,5,0.67,0.97,11.61,2,3,2,3,0,N
17453,1,3,0,0,2,1,1,8,15.07,9.75,1432.72,0.05,34,0.1,79.6,146.95,13,21,8,12,8,N
17749,0,1,0,0,1,1,1,6,17.51,5.0,437.85,0.03,23,0.2,24.32,87.57,10,13,7,7,6,N
19849,15,15,1,1,1,1,1,47,33.46,31.67,33562.86,0.35,185,0.03,1864.6,1059.67,61,124,26,27,48,N
22626,0,1,0,0,1,1,1,0,8.3,6.0,298.97,0.02,15,0.17,16.61,49.83,3,12,2,8,0,N
20646,0,1,0,0,1,1,1,0,7.75,2.0,31.02,0.01,6,0.5,1.72,15.51,2,4,2,4,0,N
19252,0,1,0,0,1,1,1,0,7.75,2.0,31.02,0.01,6,0.5,1.72,15.51,2,4,2,4,0,N
15680,0,1,0,0,1,1,1,0,7.74,1.5,17.41,0.0,5,0.67,0.97,11.61,2,3,2,3,0,N
17683,0,1,0,0,1,1,1,0,5.8,2.0,23.22,0.0,5,0.5,1.29,11.61,1,4,1,4,0,N
23309,2,13,1,8,7,6,6,54,25.11,40.0,40181.42,0.33,184,0.03,2232.3,1004.54,80,104,22,22,55,N
20708,0,1,0,0,1,1,1,0,11.23,2.0,44.92,0.01,8,0.5,2.5,22.46,3,5,3,4,0,N
23536,1,1,0,4,1,1,1,4,21.67,1.8,70.2,0.01,13,0.56,3.9,39.0,6,7,5,3,4,N
15882,0,1,0,0,1,1,1,2,5.33,1.5,12.0,0.0,4,0.67,0.67,8.0,1,3,1,3,2,N
21764,0,1,0,0,1,1,1,2,8.98,2.5,56.15,0.01,8,0.4,3.12,22.46,2,6,2,5,2,N
14864,1,1,0,0,1,1,1,2,7.74,1.5,17.41,0.0,5,0.67,0.97,11.61,2,3,2,3,2,N
14865,1,1,0,0,1,1,1,2,7.74,1.5,17.41,0.0,5,0.67,0.97,11.61,2,3,2,3,2,N
17129,0,3,0,0,2,1,1,0,0.0,0.0,0.0,0.0,0,0.0,0.0,0.0,0,0,0,0,0,N
15928,0,1,0,0,1,1,1,0,7.74,1.5,17.41,0.0,5,0.67,0.97,11.61,2,3,2,3,0,N
23038,0,1,0,0,1,1,1,0,7.75,2.0,31.02,0.01,6,0.5,1.72,15.51,2,4,2,4,0,N
16053,0,1,0,0,1,1,1,0,7.74,1.5,17.41,0.0,5,0.67,0.97,11.61,2,3,2,3,0,N
17306,3,1,0,0,1,1,1,2,7.75,2.0,31.02,0.01,6,0.5,1.72,15.51,2,4,2,4,2,N
17671,0,1,0,0,1,1,1,0,7.75,2.0,31.02,0.01,6,0.5,1.72,15.51,2,4,2,4,0,N
15006,2,3,3,0,2,2,1,2,11.07,4.38,211.89,0.02,14,0.23,11.77,48.43,5,9,4,7,5,N
18036,6,11,0,6,6,4,6,23,39.72,13.8,7564.59,0.18,103,0.07,420.25,548.16,46,57,25,15,23,N
22141,0,1,0,0,1,1,1,1,7.74,1.5,17.41,0.0,5,0.67,0.97,11.61,2,3,2,3,1,N
21497,0,1,0,0,1,1,1,0,7.75,2.0,31.02,0.01,6,0.5,1.72,15.51,2,4,2,4,0,N
19699,1,9,0,0,5,3,3,12,17.46,16.55,4779.2,0.1,63,0.06,265.51,288.85,28,35,11,13,12,N
19579,0,1,0,0,1,1,1,0,5.33,1.5,12.0,0.0,4,0.67,0.67,8.0,1,3,1,3,0,N
21693,0,1,0,0,1,1,1,0,6.55,3.0,58.95,0.01,7,0.33,3.28,19.65,1,6,1,6,0,N
20145,0,1,0,0,1,1,1,2,13.5,2.0,54.0,0.01,9,0.5,3.0,27.0,4,5,4,4,2,N
15755,0,1,0,0,1,1,1,0,7.74,1.5,17.41,0.0,5,0.67,0.97,11.61,2,3,2,3,0,N
22854,0,1,0,0,1,1,1,0,8.3,6.0,298.97,0.02,15,0.17,16.61,49.83,3,12,2,8,0,N
18252,3,5,0,3,3,3,1,19,18.73,24.38,11126.44,0.15,96,0.04,618.14,456.47,39,57,12,15,19,N
18099,1,1,0,2,1,1,1,4,23.44,3.33,260.45,0.03,20,0.3,14.47,78.14,10,10,9,6,4,N
22955,10,1,0,9,1,1,1,7,44.77,2.18,213.1,0.03,25,0.46,11.84,97.67,12,13,11,4,7,N
20519,0,1,0,0,1,1,1,0,8.3,6.67,369.01,0.02,16,0.15,20.5,55.35,5,11,3,8,0,N
18189,6,5,1,7,3,3,1,14,36.11,11.56,4827.88,0.14,79,0.09,268.22,417.55,37,42,24,15,15,N
15061,0,1,0,0,1,1,1,1,0.0,0.0,0.0,0.0,1,0.0,0.0,0.0,0,1,0,1,1,N
21844,0,1,0,0,1,1,1,0,7.75,2.0,31.02,0.01,6,0.5,1.72,15.51,2,4,2,4,0,N
22343,0,1,0,0,1,1,1,0,0.0,0.0,0.0,0.0,0,0.0,0.0,0.0,0,0,0,0,0,N
22768,0,1,0,0,1,1,1,0,8.3,6.67,369.01,0.02,16,0.15,20.5,55.35,5,11,3,8,0,N
17526,0,1,0,0,1,1,1,0,9.51,3.0,85.59,0.01,9,0.33,4.75,28.53,3,6,3,6,0,N
16969,0,1,0,0,1,1,1,0,5.33,1.5,12.0,0.0,4,0.67,0.67,8.0,1,3,1,3,0,N
17851,0,1,0,0,1,1,1,0,5.33,1.5,12.0,0.0,4,0.67,0.67,8.0,1,3,1,3,0,N
19731,0,1,0,0,1,1,1,0,5.8,2.0,23.22,0.0,5,0.5,1.29,11.61,1,4,1,4,0,N
22705,15,1,0,29,1,1,1,17,117.18,2.67,833.27,0.1,65,0.38,46.29,312.48,32,33,24,4,17,N
17166,4,7,1,8,4,1,1,23,23.26,21.67,10918.18,0.17,113,0.05,606.57,503.92,52,61,12,10,24,N
17228,0,1,0,0,1,1,1,0,5.33,1.5,12.0,0.0,4,0.67,0.67,8.0,1,3,1,3,0,N
19142,0,1,0,0,1,1,1,0,7.75,2.0,31.02,0.01,6,0.5,1.72,15.51,2,4,2,4,0,N
19879,0,3,0,0,2,2,1,0,7.75,2.0,31.02,0.01,6,0.5,1.72,15.51,2,4,2,4,0,N
17274,0,3,0,0,2,2,1,4,21.5,7.15,1099.18,0.05,35,0.14,61.07,153.73,13,22,10,11,4,N
15896,0,1,0,0,1,1,1,0,5.33,1.5,12.0,0.0,4,0.67,0.67,8.0,1,3,1,3,0,N
23181,0,1,0,0,1,1,1,2,5.33,1.5,12.0,0.0,4,0.67,0.67,8.0,1,3,1,3,2,N
15171,0,1,0,0,1,1,1,0,7.74,1.5,17.41,0.0,5,0.67,0.97,11.61,2,3,2,3,0,N
22658,0,1,0,0,1,1,1,0,9.0,3.0,81.0,0.01,9,0.33,4.5,27.0,2,7,2,6,0,N
16917,0,1,0,0,1,1,1,0,5.33,1.5,12.0,0.0,4,0.67,0.67,8.0,1,3,1,3,0,N
14959,0,1,0,0,1,1,1,2,7.74,1.5,17.41,0.0,5,0.67,0.97,11.61,2,3,2,3,2,N
17415,0,3,0,0,2,2,1,0,9.32,5.0,233.02,0.02,13,0.2,12.95,46.6,5,8,4,8,0,N
14111,18,18,14,27,1,1,1,67,28.6,47.67,64981.35,0.45,238,0.02,3610.07,1363.25,99,139,27,26,81,N
21729,0,1,0,0,1,1,1,0,7.33,4.5,148.5,0.01,11,0.22,8.25,33.0,3,8,2,6,0,N
20613,0,1,0,0,1,1,1,0,5.33,1.5,12.0,0.0,4,0.67,0.67,8.0,1,3,1,3,0,N
22920,1,5,4,1,3,2,1,6,20.54,4.38,393.13,0.03,23,0.23,21.84,89.86,10,13,8,7,10,N
20169,0,3,0,0,2,1,1,3,5.07,8.75,388.32,0.01,14,0.11,21.57,44.38,5,9,2,7,3,N
14588,0,1,0,0,1,1,1,0,7.74,1.5,17.41,0.0,5,0.67,0.97,11.61,2,3,2,3,0,N
17429,3,1,0,0,1,1,1,2,7.75,2.0,31.02,0.01,6,0.5,1.72,15.51,2,4,2,4,2,N
18906,0,1,0,0,1,1,1,2,7.35,8.0,470.48,0.02,17,0.13,26.14,58.81,6,11,3,8,2,N
15526,0,1,0,0,1,1,1,0,7.74,1.5,17.41,0.0,5,0.67,0.97,11.61,2,3,2,3,0,N
17626,0,1,0,0,1,1,1,0,6.2,2.5,38.77,0.01,6,0.4,2.15,15.51,1,5,1,5,0,N
17682,0,1,0,0,1,1,1,0,8.3,6.0,298.97,0.02,15,0.17,16.61,49.83,3,12,2,8,0,N
23244,30,55,0,6,28,15,8,136,84.51,60.03,304502.05,1.69,751,0.02,16916.78,5072.92,343,408,80,28,136,N
18738,1,3,0,2,2,2,1,5,12.33,4.8,284.19,0.02,16,0.21,15.79,59.21,6,10,5,8,5,N
16579,2,3,2,0,2,1,1,9,12.13,11.0,1467.81,0.04,32,0.09,81.55,133.44,11,21,6,12,11,N
17067,0,1,0,0,1,1,1,0,5.33,1.5,12.0,0.0,4,0.67,0.67,8.0,1,3,1,3,0,N
18072,0,1,0,0,1,1,1,0,7.75,2.0,31.02,0.01,6,0.5,1.72,15.51,2,4,2,4,0,N
20295,0,1,0,0,1,1,1,0,7.75,2.0,31.02,0.01,6,0.5,1.72,15.51,2,4,2,4,0,N
23268,3,1,0,0,1,1,1,1,0.0,0.0,0.0,0.0,1,0.0,0.0,0.0,0,1,0,1,1,N
21886,0,1,0,0,1,1,1,0,0.0,0.0,0.0,0.0,0,0.0,0.0,0.0,0,0,0,0,0,N
23441,0,1,0,0,1,1,1,0,0.0,0.0,0.0,0.0,3,0.0,0.0,4.75,0,3,0,3,0,N
14979,1,1,0,0,1,1,1,2,7.74,1.5,17.41,0.0,5,0.67,0.97,11.61,2,3,2,3,2,N
14101,18,18,14,27,1,1,1,67,31.0,44.38,61064.32,0.46,238,0.02,3392.46,1375.96,99,139,29,26,81,N
22801,0,5,0,0,3,2,1,7,11.89,13.13,2048.55,0.05,35,0.08,113.81,156.08,15,20,8,14,7,N
16580,2,3,2,0,2,1,1,9,12.13,11.0,1467.81,0.04,32,0.09,81.55,133.44,11,21,6,12,11,N
16501,0,1,0,0,1,1,1,0,7.74,1.5,17.41,0.0,5,0.67,0.97,11.61,2,3,2,3,0,N
19116,0,1,0,0,1,1,1,0,7.75,2.0,31.02,0.01,6,0.5,1.72,15.51,2,4,2,4,0,N
19419,2,1,0,0,1,1,1,7,22.95,5.06,586.44,0.04,29,0.2,32.58,116.0,13,16,9,7,7,N
14835,1,1,0,0,1,1,1,2,7.74,1.5,17.41,0.0,5,0.67,0.97,11.61,2,3,2,3,2,N
17820,0,1,0,0,1,1,1,0,7.74,1.5,17.41,0.0,5,0.67,0.97,11.61,2,3,2,3,0,N
18884,0,1,0,0,1,1,1,0,0.0,0.0,0.0,0.0,0,0.0,0.0,0.0,0,0,0,0,0,N
14357,0,1,0,0,1,1,1,0,10.68,4.67,232.53,0.02,15,0.21,12.92,49.83,4,11,3,7,0,N
14759,0,1,0,0,1,1,1,1,0.0,0.0,0.0,0.0,1,0.0,0.0,0.0,0,1,0,1,1,N
18872,0,1,0,0,1,1,1,0,7.75,2.0,31.02,0.01,6,0.5,1.72,15.51,2,4,2,4,0,N
21510,0,3,0,0,2,1,1,0,7.75,2.0,31.02,0.01,6,0.5,1.72,15.51,2,4,2,4,0,N
16426,0,1,0,0,1,1,1,0,7.86,2.5,49.13,0.01,7,0.4,2.73,19.65,2,5,2,5,0,N
20426,0,1,0,0,1,1,1,0,7.75,2.0,31.02,0.01,6,0.5,1.72,15.51,2,4,2,4,0,N
17264,0,3,0,0,2,2,1,3,9.6,2.5,60.0,0.01,8,0.4,3.33,24.0,3,5,3,5,3,N
18642,0,1,0,0,1,1,1,0,7.75,2.0,31.02,0.01,6,0.5,1.72,15.51,2,4,2,4,0,N
14094,0,1,0,0,1,1,1,2,7.81,9.0,632.78,0.02,19,0.11,35.15,70.31,8,11,4,9,2,N
16825,0,1,0,0,1,1,1,0,7.74,1.5,17.41,0.0,5,0.67,0.97,11.61,2,3,2,3,0,N
14958,1,1,0,0,1,1,1,2,7.74,1.5,17.41,0.0,5,0.67,0.97,11.61,2,3,2,3,2,N
22146,0,1,0,0,1,1,1,0,9.31,2.5,58.16,0.01,9,0.4,3.23,23.26,1,8,1,5,0,N
22887,4,9,0,0,5,2,4,9,21.19,11.69,2896.85,0.08,51,0.09,160.94,247.76,19,32,13,16,9,N
14990,0,1,0,0,1,1,1,2,7.74,1.5,17.41,0.0,5,0.67,0.97,11.61,2,3,2,3,2,N
23337,0,1,0,0,1,1,1,0,7.75,2.0,31.02,0.01,6,0.5,1.72,15.51,2,4,2,4,0,N
15113,1,9,0,1,5,2,1,8,19.98,4.5,404.66,0.03,22,0.22,22.48,89.92,8,14,8,9,8,N
20408,0,1,0,0,1,1,1,0,7.75,2.0,31.02,0.01,6,0.5,1.72,15.51,2,4,2,4,0,N
18899,0,1,0,0,1,1,1,0,8.3,6.0,298.97,0.02,15,0.17,16.61,49.83,3,12,2,8,0,N
21564,0,1,0,0,1,1,1,2,7.86,2.5,49.13,0.01,7,0.4,2.73,19.65,2,5,2,5,2,N
15338,0,1,0,0,1,1,1,0,7.74,1.5,17.41,0.0,5,0.67,0.97,11.61,2,3,2,3,0,N
18652,0,1,0,0,1,1,1,2,8.98,2.5,56.15,0.01,8,0.4,3.12,22.46,2,6,2,5,2,N
22839,0,1,0,0,1,1,1,2,5.33,1.5,12.0,0.0,4,0.67,0.67,8.0,1,3,1,3,2,N
21132,23,1,14,27,1,1,1,17,164.39,4.2,2899.87,0.23,125,0.24,161.1,690.45,56,69,40,6,31,N
23184,0,1,0,0,1,1,1,3,12.0,2.5,75.0,0.01,10,0.4,4.17,30.0,3,7,3,5,3,N
14350,7,13,2,9,7,5,1,31,73.7,13.26,12966.91,0.33,178,0.08,720.38,977.55,82,96,34,11,33,N
19157,0,1,0,0,1,1,1,0,7.75,2.0,31.02,0.01,6,0.5,1.72,15.51,2,4,2,4,0,N
16157,1,9,0,0,5,3,3,12,17.46,16.55,4779.2,0.1,63,0.06,265.51,288.85,28,35,11,13,12,N
15318,0,1,0,0,1,1,1,0,6.2,2.5,38.77,0.01,6,0.4,2.15,15.51,1,5,1,5,0,N
16455,0,1,0,0,1,1,1,2,7.81,9.0,632.78,0.02,19,0.11,35.15,70.31,8,11,4,9,2,N
14644,3,1,2,0,1,1,1,9,35.81,10.5,3947.65,0.13,82,0.1,219.31,375.97,35,47,15,9,11,N
15508,0,1,0,0,1,1,1,0,7.74,1.5,17.41,0.0,5,0.67,0.97,11.61,2,3,2,3,0,N
17975,0,1,0,0,1,1,1,0,9.51,3.0,85.59,0.01,9,0.33,4.75,28.53,3,6,3,6,0,N
19162,0,3,0,0,2,1,1,0,7.75,2.0,31.02,0.01,6,0.5,1.72,15.51,2,4,2,4,0,N
15320,0,1,0,0,1,1,1,0,5.33,1.5,12.0,0.0,4,0.67,0.67,8.0,1,3,1,3,0,N
22209,0,1,0,0,1,1,1,2,5.33,1.5,12.0,0.0,4,0.67,0.67,8.0,1,3,1,3,2,N
18754,0,1,0,1,1,1,1,4,8.45,6.0,304.31,0.02,16,0.17,16.91,50.72,6,10,3,6,4,N
17599,0,1,0,0,1,1,1,0,8.3,6.67,369.01,0.02,16,0.15,20.5,55.35,5,11,3,8,0,N
20630,0,3,0,0,2,2,1,4,10.88,5.6,341.29,0.02,17,0.18,18.96,60.94,8,9,5,7,4,N
16587,2,23,9,6,17,15,7,43,34.14,30.0,30723.65,0.34,172,0.03,1706.87,1024.11,64,108,32,30,52,N
19518,0,1,0,0,1,1,1,0,0.0,0.0,0.0,0.0,0,0.0,0.0,0.0,0,0,0,0,0,N
15080,15,19,9,6,10,1,1,72,66.21,13.6,12247.03,0.3,167,0.07,680.39,900.52,68,99,30,12,81,N
18843,0,1,0,0,1,1,1,0,8.6,7.5,483.97,0.02,18,0.13,26.89,64.53,5,13,3,9,0,N
20581,0,1,0,0,1,1,1,0,0.0,0.0,0.0,0.0,0,0.0,0.0,0.0,0,0,0,0,0,N
21072,2,3,3,0,2,1,1,7,8.72,13.0,1472.9,0.04,29,0.08,81.83,113.3,13,16,5,10,10,N
18616,0,1,0,0,1,1,1,3,9.51,3.0,85.59,0.01,9,0.33,4.75,28.53,3,6,3,6,3,N
22240,0,1,0,0,1,1,1,0,7.74,1.5,17.41,0.0,5,0.67,0.97,11.61,2,3,2,3,0,N
22412,8,7,14,4,4,1,1,36,46.59,32.14,48138.72,0.5,276,0.03,2674.37,1497.65,120,156,28,15,50,N
23132,0,1,0,0,1,1,1,0,5.33,1.5,12.0,0.0,4,0.67,0.67,8.0,1,3,1,3,0,N
18528,0,1,0,0,1,1,1,0,6.55,3.0,58.95,0.01,7,0.33,3.28,19.65,1,6,1,6,0,N
16137,0,1,0,0,1,1,1,0,5.33,1.5,12.0,0.0,4,0.67,0.67,8.0,1,3,1,3,0,N
19425,0,3,0,0,2,2,1,4,10.88,5.6,341.29,0.02,17,0.18,18.96,60.94,8,9,5,7,4,N
15209,0,1,0,0,1,1,1,0,0.0,0.0,0.0,0.0,1,0.0,0.0,0.0,0,1,0,1,0,N
15763,0,1,0,0,1,1,1,3,9.51,3.0,85.59,0.01,9,0.33,4.75,28.53,3,6,3,6,3,N
17190,20,23,3,48,12,5,6,50,20.4,43.71,38982.45,0.3,180,0.02,2165.69,891.76,72,108,14,17,53,N
23074,0,1,0,0,1,1,1,0,0.0,0.0,0.0,0.0,2,0.0,0.0,2.0,0,2,0,2,0,N
19416,0,3,0,0,2,1,1,6,12.68,2.5,79.25,0.01,10,0.4,4.4,31.7,4,6,4,5,6,N
16058,0,1,0,0,1,1,1,2,9.83,2.0,39.3,0.01,7,0.5,2.18,19.65,3,4,3,4,2,N
14367,0,3,0,0,2,2,1,4,11.18,5.63,353.85,0.02,17,0.18,19.66,62.91,5,12,4,9,4,N
15620,0,1,0,0,1,1,1,0,5.33,1.5,12.0,0.0,4,0.67,0.67,8.0,1,3,1,3,0,N
16085,0,1,0,0,1,1,1,0,5.33,1.5,12.0,0.0,4,0.67,0.67,8.0,1,3,1,3,0,N
14661,0,1,3,0,1,1,1,1,16.21,2.25,82.12,0.01,13,0.44,4.56,36.5,6,7,4,3,4,N
21958,0,1,0,0,1,1,1,0,6.55,3.0,58.95,0.01,7,0.33,3.28,19.65,1,6,1,6,0,N
17402,0,1,0,0,1,1,1,0,8.3,6.67,369.01,0.02,16,0.15,20.5,55.35,5,11,3,8,0,N
16476,0,1,0,0,1,1,1,0,7.74,1.5,17.41,0.0,5,0.67,0.97,11.61,2,3,2,3,0,N
16202,0,1,0,0,1,1,1,0,7.74,1.5,17.41,0.0,5,0.67,0.97,11.61,2,3,2,3,0,N
18071,0,1,0,0,1,1,1,0,7.75,2.0,31.02,0.01,6,0.5,1.72,15.51,2,4,2,4,0,N
15647,0,1,0,0,1,1,1,0,7.74,1.5,17.41,0.0,5,0.67,0.97,11.61,2,3,2,3,0,N
17814,0,1,0,0,1,1,1,3,9.51,3.0,85.59,0.01,9,0.33,4.75,28.53,3,6,3,6,3,N
17581,6,3,0,0,2,2,1,4,9.08,5.33,258.3,0.02,14,0.19,14.35,48.43,4,10,3,8,4,N
22796,2,1,0,1,1,1,1,1,0.0,0.0,0.0,0.0,1,0.0,0.0,0.0,0,1,0,1,1,N
16792,0,1,0,0,1,1,1,0,5.33,1.5,12.0,0.0,4,0.67,0.67,8.0,1,3,1,3,0,N
22774,0,1,0,0,1,1,1,4,9.47,2.67,67.38,0.01,9,0.38,3.74,25.27,4,5,3,4,4,N
18594,0,3,0,0,2,1,1,0,0.0,0.0,0.0,0.0,0,0.0,0.0,0.0,0,0,0,0,0,N
20751,1,5,1,0,3,1,1,14,18.47,12.0,2659.85,0.07,49,0.08,147.77,221.65,22,27,11,12,15,N
19223,0,1,0,0,1,1,1,0,5.8,2.0,23.22,0.0,5,0.5,1.29,11.61,1,4,1,4,0,N
16881,0,1,0,0,1,1,1,0,5.33,1.5,12.0,0.0,4,0.67,0.67,8.0,1,3,1,3,0,N
23097,0,1,0,0,1,1,1,0,0.0,0.0,0.0,0.0,1,0.0,0.0,0.0,0,1,0,1,0,N
14629,3,7,1,3,4,4,1,20,45.78,10.66,5202.69,0.16,93,0.09,289.04,488.06,41,52,25,13,21,N
21987,0,1,0,0,1,1,1,0,7.74,1.5,17.41,0.0,5,0.67,0.97,11.61,2,3,2,3,0,N
20349,0,1,0,0,1,1,1,2,5.33,1.5,12.0,0.0,4,0.67,0.67,8.0,1,3,1,3,2,N
22514,0,1,0,0,1,1,1,0,7.75,2.0,31.02,0.01,6,0.5,1.72,15.51,2,4,2,4,0,N
18868,3,1,0,0,1,1,1,2,7.75,2.0,31.02,0.01,6,0.5,1.72,15.51,2,4,2,4,2,N
16542,0,1,0,0,1,1,1,0,7.74,1.5,17.41,0.0,5,0.67,0.97,11.61,2,3,2,3,0,N
17811,4,11,3,5,6,6,1,21,52.64,16.5,14331.03,0.29,168,0.06,796.17,868.55,75,93,25,11,24,N
18359,6,1,0,8,1,1,1,14,27.22,16.0,6969.14,0.15,95,0.06,387.17,435.57,32,63,12,12,14,N
22621,0,1,0,0,1,1,1,0,9.6,2.5,60.0,0.01,8,0.4,3.33,24.0,3,5,3,5,0,N
19362,1,3,0,2,2,2,1,12,14.73,8.94,1176.94,0.04,31,0.11,65.39,131.69,13,18,8,11,12,N
15789,0,1,0,0,1,1,1,0,5.33,1.5,12.0,0.0,4,0.67,0.67,8.0,1,3,1,3,0,N
21585,1,5,0,0,3,3,1,13,17.24,7.5,969.51,0.04,31,0.13,53.86,129.27,12,19,8,10,13,N
16677,13,5,2,4,3,2,3,39,55.48,19.5,21096.95,0.36,197,0.05,1172.05,1081.9,96,101,32,13,41,Y
14435,0,1,0,0,1,1,1,0,7.74,1.5,17.41,0.0,5,0.67,0.97,11.61,2,3,2,3,0,N
20997,4,3,4,2,2,2,1,12,23.17,19.08,8433.46,0.15,91,0.05,468.53,442.08,31,60,13,16,16,N
15777,0,1,0,0,1,1,1,0,0.0,0.0,0.0,0.0,0,0.0,0.0,0.0,0,0,0,0,0,N
21032,9,3,3,2,2,2,1,12,31.67,12.63,5053.69,0.13,78,0.08,280.76,400.08,30,48,19,16,15,N
21811,1,3,0,2,2,2,1,12,14.73,8.94,1176.94,0.04,31,0.11,65.39,131.69,13,18,8,11,12,N
20787,0,3,2,2,2,2,1,3,7.17,12.0,1032.47,0.03,24,0.08,57.36,86.04,8,16,3,9,5,N
20569,0,3,0,0,2,2,1,4,11.18,5.63,353.85,0.02,17,0.18,19.66,62.91,5,12,4,9,4,N
16212,0,1,0,0,1,1,1,0,7.33,4.5,148.5,0.01,11,0.22,8.25,33.0,3,8,2,6,0,N
17312,0,3,0,0,2,2,1,5,17.22,4.08,287.09,0.02,19,0.24,15.95,70.31,7,12,6,7,5,N
16456,0,1,0,0,1,1,1,0,7.74,1.5,17.41,0.0,5,0.67,0.97,11.61,2,3,2,3,0,N
21387,0,1,0,0,1,1,1,9,22.08,10.5,2434.85,0.08,52,0.1,135.27,231.89,21,31,11,11,9,N
18384,5,3,8,1,2,1,1,8,25.45,12.6,4039.9,0.11,66,0.08,224.44,320.63,27,39,15,14,16,N
15358,0,1,0,0,1,1,1,0,0.0,0.0,0.0,0.0,0,0.0,0.0,0.0,0,0,0,0,0,N
15385,0,1,0,0,1,1,1,0,0.0,0.0,0.0,0.0,1,0.0,0.0,0.0,0,1,0,1,0,N
19941,0,1,0,0,1,1,1,0,7.75,2.0,31.02,0.01,6,0.5,1.72,15.51,2,4,2,4,0,N
16069,0,1,0,0,1,1,1,0,7.74,1.5,17.41,0.0,5,0.67,0.97,11.61,2,3,2,3,0,N
18003,19,41,8,26,21,19,19,66,68.71,44.09,133582.51,1.01,515,0.02,7421.25,3029.56,237,278,43,16,74,N
20256,0,1,0,0,1,1,1,0,7.75,2.0,31.02,0.01,6,0.5,1.72,15.51,2,4,2,4,0,N
15664,0,1,0,0,1,1,1,0,5.33,1.5,12.0,0.0,4,0.67,0.67,8.0,1,3,1,3,0,N
22958,10,1,0,9,1,1,1,7,38.4,2.5,240.0,0.03,24,0.4,13.33,96.0,11,13,11,5,7,N
16235,0,1,0,0,1,1,1,2,5.33,1.5,12.0,0.0,4,0.67,0.67,8.0,1,3,1,3,2,N
16469,0,1,0,0,1,1,1,0,5.33,1.5,12.0,0.0,4,0.67,0.67,8.0,1,3,1,3,0,N
14390,0,1,0,0,1,1,1,0,5.33,1.5,12.0,0.0,4,0.67,0.67,8.0,1,3,1,3,0,N
19306,0,1,0,0,1,1,1,0,7.75,2.0,31.02,0.01,6,0.5,1.72,15.51,2,4,2,4,0,N
19141,0,1,0,0,1,1,1,0,9.6,2.5,60.0,0.01,8,0.4,3.33,24.0,3,5,3,5,0,N
18109,0,1,0,0,1,1,1,0,7.75,2.0,31.02,0.01,6,0.5,1.72,15.51,2,4,2,4,0,N
17093,0,1,0,0,1,1,1,0,7.74,1.5,17.41,0.0,5,0.67,0.97,11.61,2,3,2,3,0,N
19368,0,1,0,0,1,1,1,0,6.55,3.0,58.95,0.01,7,0.33,3.28,19.65,1,6,1,6,0,N
18045,0,1,0,0,1,1,1,0,5.33,1.5,12.0,0.0,4,0.67,0.67,8.0,1,3,1,3,0,N
19443,0,1,0,0,1,1,1,0,7.75,2.0,31.02,0.01,6,0.5,1.72,15.51,2,4,2,4,0,N
18206,12,25,6,6,13,9,3,88,40.25,78.0,244910.47,1.05,536,0.01,13606.14,3139.88,221,315,34,24,94,N
15047,0,1,1,0,1,1,1,1,7.74,1.5,17.41,0.0,5,0.67,0.97,11.61,2,3,2,3,2,N
21364,0,1,0,0,1,1,1,10,23.44,11.0,2836.27,0.09,57,0.09,157.57,257.83,24,33,12,11,10,N
15027,0,1,1,0,1,1,1,1,7.74,1.5,17.41,0.0,5,0.67,0.97,11.61,2,3,2,3,2,N
22879,6,7,0,0,4,3,1,10,19.27,13.82,3679.42,0.09,56,0.07,204.41,266.27,19,37,11,16,10,N
19089,0,1,0,0,1,1,1,4,10.24,7.0,501.89,0.02,20,0.14,27.88,71.7,7,13,4,8,4,N
23284,0,1,0,0,1,1,1,0,5.33,1.5,12.0,0.0,4,0.67,0.67,8.0,1,3,1,3,0,N
21563,0,1,0,0,1,1,1,2,9.97,4.0,159.45,0.01,12,0.25,8.86,39.86,2,10,2,8,2,N
15713,0,1,0,0,1,1,1,0,7.75,2.0,31.02,0.01,6,0.5,1.72,15.51,2,4,2,4,0,N
15363,0,1,0,0,1,1,1,0,0.0,0.0,0.0,0.0,1,0.0,0.0,0.0,0,1,0,1,0,N
15453,0,1,0,0,1,1,1,0,7.74,1.5,17.41,0.0,5,0.67,0.97,11.61,2,3,2,3,0,N
16006,0,1,0,0,1,1,1,0,0.0,0.0,0.0,0.0,3,0.0,0.0,4.75,0,3,0,3,0,N
18748,4,3,0,22,2,2,1,12,21.34,9.45,1907.34,0.07,44,0.11,105.96,201.74,16,28,11,13,12,N
14965,1,1,0,0,1,1,1,2,7.74,1.5,17.41,0.0,5,0.67,0.97,11.61,2,3,2,3,2,N
21360,0,1,0,0,1,1,1,10,22.98,13.0,3884.16,0.1,67,0.08,215.79,298.78,26,41,11,11,10,N
18949,0,1,0,0,1,1,1,0,9.51,3.0,85.59,0.01,9,0.33,4.75,28.53,3,6,3,6,0,N
21979,0,3,0,0,2,2,1,5,15.36,3.5,188.21,0.02,15,0.29,10.46,53.77,5,10,5,7,5,N
22267,1,5,0,0,3,3,1,13,17.24,7.5,969.51,0.04,31,0.13,53.86,129.27,12,19,8,10,13,N
22950,4,1,14,1,1,1,1,8,110.63,3.8,1594.44,0.14,84,0.26,88.58,420.0,41,43,27,5,22,N
16539,0,1,0,0,1,1,1,0,0.0,0.0,0.0,0.0,3,0.0,0.0,4.75,0,3,0,3,0,N
21730,1,3,0,0,2,1,1,8,15.07,9.75,1432.72,0.05,34,0.1,79.6,146.95,13,21,8,12,8,N
15986,0,1,0,0,1,1,1,0,5.33,1.5,12.0,0.0,4,0.67,0.67,8.0,1,3,1,3,0,N
16809,0,1,0,0,1,1,1,0,5.33,1.5,12.0,0.0,4,0.67,0.67,8.0,1,3,1,3,0,N
14799,0,1,0,0,1,1,1,2,7.74,1.5,17.41,0.0,5,0.67,0.97,11.61,2,3,2,3,2,N
21287,0,1,0,0,1,1,1,0,9.47,2.67,67.38,0.01,9,0.38,3.74,25.27,4,5,3,4,0,N
15869,0,3,0,0,2,1,1,0,7.75,2.0,31.02,0.01,6,0.5,1.72,15.51,2,4,2,4,0,N
17918,0,1,0,0,1,1,1,2,5.33,1.5,12.0,0.0,4,0.67,0.67,8.0,1,3,1,3,2,N
20475,0,1,0,0,1,1,1,2,5.33,1.5,12.0,0.0,4,0.67,0.67,8.0,1,3,1,3,2,N
15009,2,3,3,0,2,2,1,2,11.07,4.38,211.89,0.02,14,0.23,11.77,48.43,5,9,4,7,5,N
16338,0,1,0,0,1,1,1,0,5.33,1.5,12.0,0.0,4,0.67,0.67,8.0,1,3,1,3,0,N
14897,2,5,4,0,3,2,1,6,15.23,7.94,961.39,0.04,28,0.13,53.41,121.01,13,15,9,11,10,N
21347,0,1,0,0,1,1,1,9,38.28,8.03,2471.8,0.1,68,0.12,137.32,307.6,25,43,14,9,9,N
15462,0,1,0,0,1,1,1,0,7.74,1.5,17.41,0.0,5,0.67,0.97,11.61,2,3,2,3,0,N
17637,3,1,0,0,1,1,1,2,7.75,2.0,31.02,0.01,6,0.5,1.72,15.51,2,4,2,4,2,N
19502,0,1,0,0,1,1,1,1,7.74,1.5,17.41,0.0,5,0.67,0.97,11.61,2,3,2,3,1,N
21900,0,1,0,0,1,1,1,0,7.75,2.0,31.02,0.01,6,0.5,1.72,15.51,2,4,2,4,0,N
19763,2,39,1,0,1,1,1,88,40.51,42.24,72273.19,0.57,257,0.02,4015.18,1711.16,101,156,55,46,89,N
21951,0,1,0,0,1,1,1,2,5.33,1.5,12.0,0.0,4,0.67,0.67,8.0,1,3,1,3,2,N
15941,0,1,0,0,1,1,1,0,5.33,1.5,12.0,0.0,4,0.67,0.67,8.0,1,3,1,3,0,N
22275,0,1,0,0,1,1,1,0,3.0,1.0,3.0,0.0,3,1.0,0.17,3.0,2,1,1,1,0,N
21559,0,1,0,0,1,1,1,0,9.51,3.0,85.59,0.01,9,0.33,4.75,28.53,3,6,3,6,0,N
14879,1,1,0,0,1,1,1,2,7.74,1.5,17.41,0.0,5,0.67,0.97,11.61,2,3,2,3,2,N
18878,0,1,0,0,1,1,1,0,5.33,1.5,12.0,0.0,4,0.67,0.67,8.0,1,3,1,3,0,N
22730,0,1,0,0,1,1,1,0,7.74,1.5,17.41,0.0,5,0.67,0.97,11.61,2,3,2,3,0,N
21584,1,5,0,0,3,3,1,13,16.4,7.07,820.29,0.04,29,0.14,45.57,116.0,11,18,7,9,13,N
22129,0,3,0,0,2,2,1,0,9.32,5.0,233.02,0.02,13,0.2,12.95,46.6,5,8,4,8,0,N
18567,0,3,0,0,2,2,1,0,7.86,2.5,49.13,0.01,7,0.4,2.73,19.65,2,5,2,5,0,N
16705,0,1,0,0,1,1,1,11,56.4,3.33,626.61,0.06,41,0.3,34.81,187.98,20,21,18,6,11,N
22490,0,3,0,0,2,1,1,0,0.0,0.0,0.0,0.0,0,0.0,0.0,0.0,0,0,0,0,0,N
21905,0,1,0,0,1,1,1,0,7.75,2.0,31.02,0.01,6,0.5,1.72,15.51,2,4,2,4,0,N
18461,2,1,0,1,1,1,1,1,0.0,0.0,0.0,0.0,1,0.0,0.0,0.0,0,1,0,1,1,N
14218,3,5,5,0,3,1,1,6,13.67,11.43,1786.01,0.05,40,0.09,99.22,156.28,20,20,7,8,11,N
20540,0,3,0,0,2,2,1,0,7.86,2.5,49.13,0.01,7,0.4,2.73,19.65,2,5,2,5,0,N
16106,0,1,0,0,1,1,1,0,5.33,1.5,12.0,0.0,4,0.67,0.67,8.0,1,3,1,3,0,N
15238,42,1,38,75,1,1,1,5,142.01,9.77,13558.89,0.46,259,0.1,753.27,1387.61,114,145,35,6,43,N
16123,0,1,0,0,1,1,1,0,5.33,1.5,12.0,0.0,4,0.67,0.67,8.0,1,3,1,3,0,N
17833,0,1,0,0,1,1,1,0,7.75,2.0,31.02,0.01,6,0.5,1.72,15.51,2,4,2,4,0,N
18508,0,1,0,0,1,1,1,0,7.75,2.0,31.02,0.01,6,0.5,1.72,15.51,2,4,2,4,0,N
17503,0,1,0,0,1,1,1,0,5.8,2.0,23.22,0.0,5,0.5,1.29,11.61,1,4,1,4,0,N
22263,1,3,0,2,2,2,1,12,14.73,8.94,1176.94,0.04,31,0.11,65.39,131.69,13,18,8,11,12,N
22352,0,3,0,0,2,1,1,0,7.75,2.0,31.02,0.01,6,0.5,1.72,15.51,2,4,2,4,0,N
21142,3,1,0,3,1,1,1,2,0.0,0.0,0.0,0.0,3,0.0,0.0,4.75,0,3,0,3,2,N
18434,0,1,0,0,1,1,1,0,7.86,2.5,49.13,0.01,7,0.4,2.73,19.65,2,5,2,5,0,N
15844,0,1,0,0,1,1,1,0,6.2,2.5,38.77,0.01,6,0.4,2.15,15.51,1,5,1,5,0,N
17584,6,3,0,0,2,2,1,4,9.08,5.33,258.3,0.02,14,0.19,14.35,48.43,4,10,3,8,4,N
14344,0,1,0,0,1,1,1,0,7.75,2.0,31.02,0.01,6,0.5,1.72,15.51,2,4,2,4,0,N
16105,0,1,0,0,1,1,1,0,5.33,1.5,12.0,0.0,4,0.67,0.67,8.0,1,3,1,3,0,N
23220,0,1,0,0,1,1,1,0,7.74,1.5,17.41,0.0,5,0.67,0.97,11.61,2,3,2,3,0,N
17883,0,1,0,0,1,1,1,0,7.74,1.5,17.41,0.0,5,0.67,0.97,11.61,2,3,2,3,0,N
18419,0,3,0,0,2,2,1,4,21.5,7.15,1099.18,0.05,35,0.14,61.07,153.73,13,22,10,11,4,N
14618,5,25,3,6,13,11,9,36,46.36,22.4,23260.82,0.35,188,0.04,1292.27,1038.43,84,104,30,16,39,N
17314,0,1,0,0,1,1,1,0,0.0,0.0,0.0,0.0,0,0.0,0.0,0.0,0,0,0,0,0,N
21637,0,1,0,0,1,1,1,0,5.8,2.0,23.22,0.0,5,0.5,1.29,11.61,1,4,1,4,0,N
14993,1,1,0,0,1,1,1,2,7.74,1.5,17.41,0.0,5,0.67,0.97,11.61,2,3,2,3,2,N
22697,11,1,0,10,1,1,1,9,86.0,1.6,220.17,0.05,33,0.63,12.23,137.61,16,17,15,3,9,N
20713,0,1,0,0,1,1,1,0,7.74,1.5,17.41,0.0,5,0.67,0.97,11.61,2,3,2,3,0,N
21767,0,1,0,0,1,1,1,2,5.33,1.5,12.0,0.0,4,0.67,0.67,8.0,1,3,1,3,2,N
22303,0,1,0,0,1,1,1,0,0.0,0.0,0.0,0.0,1,0.0,0.0,0.0,1,0,1,0,0,N
21199,0,1,0,0,1,1,1,2,9.6,2.5,60.0,0.01,8,0.4,3.33,24.0,3,5,3,5,2,N
18351,16,21,0,93,11,8,1,49,21.75,67.36,98690.19,0.49,270,0.01,5482.79,1465.09,97,173,18,25,49,N
17056,0,1,0,0,1,1,1,0,5.33,1.5,12.0,0.0,4,0.67,0.67,8.0,1,3,1,3,0,N
14203,7,1,5,6,1,1,1,14,46.18,8.5,3336.69,0.13,80,0.12,185.37,392.55,34,46,20,10,19,N
22053,5,5,6,0,3,3,1,8,30.59,3.75,430.18,0.04,31,0.27,23.9,114.71,12,19,8,5,14,N
16740,0,1,0,0,1,1,1,0,5.33,1.5,12.0,0.0,4,0.67,0.67,8.0,1,3,1,3,0,N
21211,0,1,0,0,1,1,1,3,8.54,4.67,186.03,0.01,12,0.21,10.33,39.86,4,8,3,7,3,N
17296,0,1,0,0,1,1,1,0,0.0,0.0,0.0,0.0,1,0.0,0.0,0.0,0,1,0,1,0,N
21766,0,1,0,0,1,1,1,0,5.33,1.5,12.0,0.0,4,0.67,0.67,8.0,1,3,1,3,0,N
19465,0,1,0,0,1,1,1,0,8.3,6.0,298.97,0.02,15,0.17,16.61,49.83,3,12,2,8,0,N
14687,3,1,1,0,1,1,1,2,16.84,1.5,37.9,0.01,9,0.67,2.11,25.27,4,5,4,3,3,N
23446,0,1,0,0,1,1,1,0,7.74,1.5,17.41,0.0,5,0.67,0.97,11.61,2,3,2,3,0,N
15539,4,1,1,3,1,1,1,13,51.96,6.18,1982.32,0.11,70,0.16,110.13,320.95,30,40,17,7,14,N
18570,0,1,0,0,1,1,1,0,0.0,0.0,0.0,0.0,1,0.0,0.0,0.0,0,1,0,1,0,N
17115,0,1,0,0,1,1,1,0,7.74,1.5,17.41,0.0,5,0.67,0.97,11.61,2,3,2,3,0,N
16492,0,1,0,0,1,1,1,0,0.0,0.0,0.0,0.0,3,0.0,0.0,4.75,0,3,0,3,0,N
19158,0,1,0,0,1,1,1,0,7.75,2.0,31.02,0.01,6,0.5,1.72,15.51,2,4,2,4,0,N
17367,0,1,0,0,1,1,1,0,6.55,3.0,58.95,0.01,7,0.33,3.28,19.65,1,6,1,6,0,N
20810,10,9,1,11,5,3,1,24,30.2,31.5,29967.7,0.32,187,0.03,1664.87,951.36,63,124,17,17,25,N
15573,0,1,0,0,1,1,1,0,0.0,0.0,0.0,0.0,3,0.0,0.0,4.75,0,3,0,3,0,N
15594,0,1,0,0,1,1,1,0,5.33,1.5,12.0,0.0,4,0.67,0.67,8.0,1,3,1,3,0,N
22696,11,1,0,10,1,1,1,9,86.0,1.6,220.17,0.05,33,0.63,12.23,137.61,16,17,15,3,9,N
18305,17,21,0,87,11,8,1,49,21.75,67.36,98690.19,0.49,270,0.01,5482.79,1465.09,97,173,18,25,49,N
21759,0,1,0,0,1,1,1,0,7.75,2.0,31.02,0.01,6,0.5,1.72,15.51,2,4,2,4,0,N
18503,0,1,0,0,1,1,1,0,8.3,6.0,298.97,0.02,15,0.17,16.61,49.83,3,12,2,8,0,N
14463,0,1,0,0,1,1,1,0,5.33,1.5,12.0,0.0,4,0.67,0.67,8.0,1,3,1,3,0,N
23403,0,3,0,0,2,1,1,0,7.75,2.0,31.02,0.01,6,0.5,1.72,15.51,2,4,2,4,0,N
21197,0,1,1,0,1,1,1,6,24.22,2.0,96.86,0.02,14,0.5,5.38,48.43,7,7,7,4,7,N
19986,0,1,0,0,1,1,1,2,7.74,1.5,17.41,0.0,5,0.67,0.97,11.61,2,3,2,3,2,N
18879,0,1,0,0,1,1,1,0,5.33,1.5,12.0,0.0,4,0.67,0.67,8.0,1,3,1,3,0,N
22542,1,1,0,0,1,1,1,5,30.58,3.82,445.8,0.04,28,0.26,24.77,116.76,12,16,11,7,5,N
22311,0,5,0,0,3,2,1,7,11.89,13.13,2048.55,0.05,35,0.08,113.81,156.08,15,20,8,14,7,N
22117,2,5,0,1,3,2,1,23,19.78,20.04,7940.87,0.13,80,0.05,441.16,396.34,33,47,14,17,23,N
18066,0,3,0,0,2,2,1,0,7.86,2.5,49.13,0.01,7,0.4,2.73,19.65,2,5,2,5,0,N
23116,0,1,0,0,1,1,1,0,8.3,6.0,298.97,0.02,15,0.17,16.61,49.83,3,12,2,8,0,N
20682,0,1,0,0,1,1,1,2,8.98,2.5,56.15,0.01,8,0.4,3.12,22.46,2,6,2,5,2,N
19392,0,3,0,0,2,2,1,5,17.22,4.08,287.09,0.02,19,0.24,15.95,70.31,7,12,6,7,5,N
21192,0,1,0,0,1,1,1,2,5.8,2.0,23.22,0.0,5,0.5,1.29,11.61,1,4,1,4,2,N
16494,0,1,0,0,1,1,1,0,5.33,1.5,12.0,0.0,4,0.67,0.67,8.0,1,3,1,3,0,N
19677,0,1,0,0,1,1,1,0,5.33,1.5,12.0,0.0,4,0.67,0.67,8.0,1,3,1,3,0,N
15823,0,1,0,0,1,1,1,0,5.33,1.5,12.0,0.0,4,0.67,0.67,8.0,1,3,1,3,0,N
22597,0,1,0,0,1,1,1,1,7.74,1.5,17.41,0.0,5,0.67,0.97,11.61,2,3,2,3,1,N
23272,0,1,0,0,1,1,1,0,5.33,1.5,12.0,0.0,4,0.67,0.67,8.0,1,3,1,3,0,N
14411,0,1,0,0,1,1,1,0,0.0,0.0,0.0,0.0,0,0.0,0.0,0.0,0,0,0,0,0,N
15414,0,1,0,0,1,1,1,0,5.33,1.5,12.0,0.0,4,0.67,0.67,8.0,1,3,1,3,0,N
23109,0,1,0,0,1,1,1,0,6.86,3.5,84.0,0.01,8,0.29,4.67,24.0,1,7,1,7,0,N
22055,5,5,6,0,3,3,1,8,30.59,3.75,430.18,0.04,31,0.27,23.9,114.71,12,19,8,5,14,N
17713,0,1,0,0,1,1,1,0,5.33,1.5,12.0,0.0,4,0.67,0.67,8.0,1,3,1,3,0,N
14402,0,1,0,0,1,1,1,0,0.0,0.0,0.0,0.0,0,0.0,0.0,0.0,0,0,0,0,0,N
22423,6,7,3,6,4,3,1,20,22.94,12.5,3584.09,0.1,61,0.08,199.12,286.73,25,36,13,13,23,N
17077,0,1,0,0,1,1,1,0,7.74,1.5,17.41,0.0,5,0.67,0.97,11.61,2,3,2,3,0,N
21033,5,3,3,2,2,2,1,14,36.93,12.36,5644.86,0.15,87,0.08,313.6,456.57,34,53,22,16,17,N
18163,1,1,0,0,1,1,1,4,13.5,2.0,54.0,0.01,9,0.5,3.0,27.0,4,5,4,4,4,N
16395,0,1,0,0,1,1,1,0,0.0,0.0,0.0,0.0,3,0.0,0.0,4.75,0,3,0,3,0,N
20740,1,9,0,0,5,2,5,7,17.33,16.67,4814.21,0.1,63,0.06,267.46,288.85,20,43,9,15,7,N
21082,2,5,0,0,3,1,3,14,13.88,10.21,1448.16,0.05,34,0.1,80.45,141.78,13,21,7,11,14,N
18270,3,3,0,6,2,2,1,8,25.48,6.92,1221.36,0.06,39,0.14,67.85,176.42,18,21,13,10,8,N
17622,0,1,0,0,1,1,1,0,7.75,2.0,31.02,0.01,6,0.5,1.72,15.51,2,4,2,4,0,N
18276,17,7,0,21,4,4,1,44,33.53,50.43,85301.8,0.56,320,0.02,4738.99,1691.33,145,175,23,16,44,N
22883,6,37,0,0,19,8,15,58,45.72,37.0,62592.24,0.56,276,0.03,3477.35,1691.68,111,165,42,28,58,N
22525,0,1,0,0,1,1,1,2,5.33,1.5,12.0,0.0,4,0.67,0.67,8.0,1,3,1,3,2,N
20258,0,1,0,0,1,1,1,0,8.3,6.0,298.97,0.02,15,0.17,16.61,49.83,3,12,2,8,0,N
15712,0,1,0,0,1,1,1,0,7.75,2.0,31.02,0.01,6,0.5,1.72,15.51,2,4,2,4,0,N
14133,2,1,0,3,1,1,1,7,20.08,5.5,607.27,0.04,29,0.18,33.74,110.41,11,18,7,7,7,N
15313,0,1,0,0,1,1,1,0,5.33,1.5,12.0,0.0,4,0.67,0.67,8.0,1,3,1,3,0,N
19833,6,1,0,5,1,1,1,8,22.09,14.95,4936.79,0.11,73,0.07,274.27,330.22,23,50,10,13,8,N
19209,0,1,0,1,1,1,1,2,5.33,1.5,12.0,0.0,4,0.67,0.67,8.0,1,3,1,3,2,N
16416,0,1,0,0,1,1,1,0,5.33,1.5,12.0,0.0,4,0.67,0.67,8.0,1,3,1,3,0,N
16193,0,1,0,0,1,1,1,0,0.0,0.0,0.0,0.0,0,0.0,0.0,0.0,0,0,0,0,0,N
15597,0,1,0,1,1,1,1,1,0.0,0.0,0.0,0.0,1,0.0,0.0,0.0,0,1,0,1,1,N
21690,1,5,0,0,3,3,1,13,16.4,7.07,820.29,0.04,29,0.14,45.57,116.0,11,18,7,9,13,N
14226,3,5,5,0,3,1,1,6,13.67,11.43,1786.01,0.05,40,0.09,99.22,156.28,20,20,7,8,11,N
14554,0,1,0,0,1,1,1,0,0.0,0.0,0.0,0.0,3,0.0,0.0,4.75,0,3,0,3,0,N
20195,0,1,0,0,1,1,1,0,0.0,0.0,0.0,0.0,0,0.0,0.0,0.0,0,0,0,0,0,N
21747,0,1,0,0,1,1,1,0,7.75,2.0,31.02,0.01,6,0.5,1.72,15.51,2,4,2,4,0,N
21174,15,1,1,24,1,1,1,12,74.92,2.5,468.24,0.06,42,0.4,26.01,187.3,17,25,17,5,13,Y
15835,0,1,0,0,1,1,1,0,5.33,1.5,12.0,0.0,4,0.67,0.67,8.0,1,3,1,3,0,N
21788,49,21,3,31,11,9,8,70,67.9,25.58,44433.67,0.58,278,0.04,2468.54,1736.92,134,144,55,21,73,N
22661,0,1,0,0,1,1,1,3,9.51,3.0,85.59,0.01,9,0.33,4.75,28.53,3,6,3,6,3,N
21552,0,1,0,0,1,1,1,0,5.33,1.5,12.0,0.0,4,0.67,0.67,8.0,1,3,1,3,0,N
20285,0,1,0,0,1,1,1,0,12.68,2.5,79.25,0.01,10,0.4,4.4,31.7,4,6,4,5,0,N
18926,0,1,0,0,1,1,1,0,7.75,2.0,31.02,0.01,6,0.5,1.72,15.51,2,4,2,4,0,N
16784,0,1,0,0,1,1,1,0,5.33,1.5,12.0,0.0,4,0.67,0.67,8.0,1,3,1,3,0,N
20839,4,23,1,10,1,1,1,26,22.44,50.0,56093.69,0.37,217,0.02,3116.32,1121.87,80,137,16,20,27,N
18223,4,5,0,3,3,2,1,20,25.9,25.94,17430.81,0.22,131,0.04,968.38,671.94,49,82,17,18,20,N
15406,0,1,0,0,1,1,1,0,5.33,1.5,12.0,0.0,4,0.67,0.67,8.0,1,3,1,3,0,N
22960,10,1,0,9,1,1,1,7,38.4,2.5,240.0,0.03,24,0.4,13.33,96.0,11,13,11,5,7,N
23261,0,1,0,0,1,1,1,0,7.75,2.0,31.02,0.01,6,0.5,1.72,15.51,2,4,2,4,0,N
22700,2,1,0,0,1,1,1,2,5.33,1.5,12.0,0.0,4,0.67,0.67,8.0,1,3,1,3,2,N
17923,0,1,0,0,1,1,1,2,8.98,2.5,56.15,0.01,8,0.4,3.12,22.46,2,6,2,5,2,N
22413,8,7,14,4,4,1,1,36,46.59,32.14,48138.72,0.5,276,0.03,2674.37,1497.65,120,156,28,15,50,N
18197,3,5,0,3,3,3,1,19,18.73,24.38,11126.44,0.15,96,0.04,618.14,456.47,39,57,12,15,19,N
22551,0,3,0,0,2,2,1,5,15.36,3.5,188.21,0.02,15,0.29,10.46,53.77,5,10,5,7,5,N
18861,0,1,0,0,1,1,1,2,13.5,2.0,54.0,0.01,9,0.5,3.0,27.0,4,5,4,4,2,N
16939,0,1,0,0,1,1,1,0,5.33,1.5,12.0,0.0,4,0.67,0.67,8.0,1,3,1,3,0,N
15459,0,1,0,0,1,1,1,0,7.74,1.5,17.41,0.0,5,0.67,0.97,11.61,2,3,2,3,0,N
20014,0,1,0,0,1,1,1,3,11.23,2.0,44.92,0.01,8,0.5,2.5,22.46,3,5,3,4,3,N
17140,0,3,0,0,2,1,1,0,0.0,0.0,0.0,0.0,0,0.0,0.0,0.0,0,0,0,0,0,N
22639,0,1,0,0,1,1,1,0,5.8,2.0,23.22,0.0,5,0.5,1.29,11.61,1,4,1,4,0,N
17702,0,1,0,0,1,1,1,2,5.33,1.5,12.0,0.0,4,0.67,0.67,8.0,1,3,1,3,2,N
23021,0,3,0,0,2,2,1,0,6.69,7.5,376.42,0.02,14,0.13,20.91,50.19,5,9,3,9,0,N
22537,0,1,0,0,1,1,1,0,7.75,2.0,31.02,0.01,6,0.5,1.72,15.51,2,4,2,4,0,N
17101,0,1,0,0,1,1,1,0,5.8,2.0,23.22,0.0,5,0.5,1.29,11.61,1,4,1,4,0,N
17042,0,1,0,0,1,1,1,2,5.33,1.5,12.0,0.0,4,0.67,0.67,8.0,1,3,1,3,2,N
20209,0,1,0,0,1,1,1,0,11.86,3.5,145.3,0.01,12,0.29,8.07,41.51,4,8,4,7,0,N
18336,3,3,0,20,2,2,1,9,13.2,6.67,586.67,0.03,22,0.15,32.59,88.0,8,14,6,10,9,N
14718,6,1,0,0,1,1,1,4,6.89,3.0,62.04,0.01,8,0.33,3.45,20.68,3,5,2,4,4,N
23209,0,1,0,0,1,1,1,0,7.75,2.0,31.02,0.01,6,0.5,1.72,15.51,2,4,2,4,0,N
16147,0,3,0,0,1,1,1,0,0.0,0.0,0.0,0.0,0,0.0,0.0,0.0,0,0,0,0,0,N
14414,0,1,0,0,1,1,1,0,0.0,0.0,0.0,0.0,1,0.0,0.0,0.0,0,1,0,1,0,N
22114,0,3,0,0,2,2,1,8,23.46,10.29,2485.24,0.08,52,0.1,138.07,241.48,19,33,12,13,8,N
15695,1,9,0,0,5,3,3,12,17.46,16.55,4779.2,0.1,63,0.06,265.51,288.85,28,35,11,13,12,N
21214,1,3,3,1,2,2,1,5,16.07,4.5,325.53,0.02,19,0.22,18.08,72.34,9,10,7,7,8,N
19869,1,9,0,0,5,3,3,12,17.46,16.55,4779.2,0.1,63,0.06,265.51,288.85,28,35,11,13,12,N
21257,2,1,0,0,1,1,1,14,15.29,13.8,2912.15,0.07,61,0.07,161.79,211.03,23,38,5,6,14,N
22305,0,1,0,0,1,1,1,0,8.1,3.33,90.0,0.01,9,0.3,5.0,27.0,4,5,3,5,0,N
19548,0,1,0,0,1,1,1,0,5.33,1.5,12.0,0.0,4,0.67,0.67,8.0,1,3,1,3,0,N
22826,0,1,0,0,1,1,1,0,7.75,2.0,31.02,0.01,6,0.5,1.72,15.51,2,4,2,4,0,N
14147,0,1,1,0,1,1,1,1,9.83,2.0,39.3,0.01,7,0.5,2.18,19.65,3,4,3,4,2,N
22803,0,3,0,0,2,2,1,4,11.18,5.63,353.85,0.02,17,0.18,19.66,62.91,5,12,4,9,4,N
16124,0,1,0,0,1,1,1,0,7.74,1.5,17.41,0.0,5,0.67,0.97,11.61,2,3,2,3,0,N
16614,14,1,2,4,1,1,1,36,96.51,10.29,10209.86,0.33,192,0.1,567.21,992.63,72,120,28,8,38,N
15374,0,1,0,0,1,1,1,0,0.0,0.0,0.0,0.0,0,0.0,0.0,0.0,0,0,0,0,0,N
19950,0,1,0,0,1,1,1,0,7.75,2.0,31.02,0.01,6,0.5,1.72,15.51,2,4,2,4,0,N
21441,0,1,0,0,1,1,1,3,11.23,2.0,44.92,0.01,8,0.5,2.5,22.46,3,5,3,4,3,N
15377,0,1,0,0,1,1,1,0,5.33,1.5,12.0,0.0,4,0.67,0.67,8.0,1,3,1,3,0,N
22674,0,1,0,0,1,1,1,0,9.51,3.0,85.59,0.01,9,0.33,4.75,28.53,3,6,3,6,0,N
16672,13,5,2,4,3,2,3,39,55.48,19.5,21096.95,0.36,197,0.05,1172.05,1081.9,96,101,32,13,41,Y
16646,1,1,3,0,1,1,1,2,10.75,6.0,387.18,0.02,18,0.17,21.51,64.53,6,12,4,8,5,N
17259,0,1,0,0,1,1,1,0,7.74,1.5,17.41,0.0,5,0.67,0.97,11.61,2,3,2,3,0,N
16841,0,1,0,0,1,1,1,0,7.74,1.5,17.41,0.0,5,0.67,0.97,11.61,2,3,2,3,0,N
18904,0,3,0,0,2,2,1,4,10.88,5.6,341.29,0.02,17,0.18,18.96,60.94,8,9,5,7,4,N
18296,4,3,0,19,2,1,1,8,17.09,5.71,558.13,0.03,25,0.18,31.01,97.67,10,15,7,8,8,N
23205,0,1,0,0,1,1,1,0,7.86,2.5,49.13,0.01,7,0.4,2.73,19.65,2,5,2,5,0,N
16179,3,1,0,0,1,1,1,2,7.75,2.0,31.02,0.01,6,0.5,1.72,15.51,2,4,2,4,2,N
16752,0,1,0,0,1,1,1,2,7.35,8.0,470.48,0.02,17,0.13,26.14,58.81,6,11,3,8,2,N
15460,0,1,0,0,1,1,1,0,7.74,1.5,17.41,0.0,5,0.67,0.97,11.61,2,3,2,3,0,N
22520,2,9,0,0,5,3,1,27,33.37,16.7,9311.31,0.19,107,0.06,517.28,557.41,49,58,22,15,27,N
23215,0,1,0,0,1,1,1,0,7.74,1.5,17.41,0.0,5,0.67,0.97,11.61,2,3,2,3,0,N
21156,1,5,1,0,3,1,1,7,13.48,4.67,293.57,0.02,17,0.21,16.3,62.91,8,9,6,7,8,N
15352,0,1,0,0,1,1,1,0,5.33,1.5,12.0,0.0,4,0.67,0.67,8.0,1,3,1,3,0,N
14877,1,1,0,0,1,1,1,2,7.74,1.5,17.41,0.0,5,0.67,0.97,11.61,2,3,2,3,2,N
15628,0,1,0,0,1,1,1,0,5.33,1.5,12.0,0.0,4,0.67,0.67,8.0,1,3,1,3,0,N
23051,3,1,0,0,1,1,1,2,7.75,2.0,31.02,0.01,6,0.5,1.72,15.51,2,4,2,4,2,N
18639,0,1,0,0,1,1,1,0,7.75,2.0,31.02,0.01,6,0.5,1.72,15.51,2,4,2,4,0,N
23225,0,1,0,0,1,1,1,0,7.74,1.5,17.41,0.0,5,0.67,0.97,11.61,2,3,2,3,0,N
18914,0,1,0,0,1,1,1,0,7.75,2.0,31.02,0.01,6,0.5,1.72,15.51,2,4,2,4,0,N
17667,0,3,0,0,2,2,1,4,10.88,5.6,341.29,0.02,17,0.18,18.96,60.94,8,9,5,7,4,N
20108,1,5,0,3,3,3,1,19,19.07,10.91,2270.01,0.07,46,0.09,126.11,208.08,20,26,11,12,19,N
20925,0,1,0,1,1,1,1,1,0.0,0.0,0.0,0.0,1,0.0,0.0,0.0,0,1,0,1,1,N
18250,4,5,0,3,3,2,1,19,18.99,31.5,18845.31,0.2,114,0.03,1046.96,598.26,51,63,17,21,19,N
15381,0,1,0,0,1,1,1,0,5.33,1.5,12.0,0.0,4,0.67,0.67,8.0,1,3,1,3,0,N
17525,0,1,0,0,1,1,1,0,9.51,3.0,85.59,0.01,9,0.33,4.75,28.53,3,6,3,6,0,N
17768,3,1,0,0,1,1,1,2,7.75,2.0,31.02,0.01,6,0.5,1.72,15.51,2,4,2,4,2,N
18315,5,3,0,5,2,1,1,24,54.76,9.05,4482.37,0.17,100,0.11,249.02,495.42,38,62,21,10,24,N
16271,0,1,0,0,1,1,1,0,7.74,1.5,17.41,0.0,5,0.67,0.97,11.61,2,3,2,3,0,N
18498,0,1,0,0,1,1,1,0,7.75,2.0,31.02,0.01,6,0.5,1.72,15.51,2,4,2,4,0,N
20223,0,1,0,0,1,1,1,0,0.0,0.0,0.0,0.0,0,0.0,0.0,0.0,0,0,0,0,0,N
15016,0,1,1,0,1,1,1,1,7.74,1.5,17.41,0.0,5,0.67,0.97,11.61,2,3,2,3,2,N
14895,11,39,3,17,20,2,18,55,43.19,29.48,37542.5,0.42,228,0.03,2085.69,1273.37,90,138,29,19,58,Y
19078,0,1,0,0,1,1,1,0,5.33,1.5,12.0,0.0,4,0.67,0.67,8.0,1,3,1,3,0,N
20685,0,1,0,0,1,1,1,0,5.33,1.5,12.0,0.0,4,0.67,0.67,8.0,1,3,1,3,0,N
22429,3,3,1,3,2,1,1,11,19.29,6.72,871.59,0.04,30,0.15,48.42,129.66,11,19,9,11,12,N
19692,0,3,0,0,2,2,1,8,23.46,10.29,2485.24,0.08,52,0.1,138.07,241.48,19,33,12,13,8,N
18620,0,1,0,0,1,1,1,0,12.68,2.5,79.25,0.01,10,0.4,4.4,31.7,4,6,4,5,0,N
16611,14,1,2,4,1,1,1,36,96.51,10.29,10209.86,0.33,192,0.1,567.21,992.63,72,120,28,8,38,N
19280,0,1,0,0,1,1,1,0,7.75,2.0,31.02,0.01,6,0.5,1.72,15.51,2,4,2,4,0,N
23079,0,1,0,0,1,1,1,0,5.33,1.5,12.0,0.0,4,0.67,0.67,8.0,1,3,1,3,0,N
22591,0,1,0,0,1,1,1,0,0.0,0.0,0.0,0.0,1,0.0,0.0,0.0,0,1,0,1,0,N
17127,0,1,0,0,1,1,1,0,6.2,2.5,38.77,0.01,6,0.4,2.15,15.51,1,5,1,5,0,N
17748,0,3,0,0,2,2,1,0,9.32,5.0,233.02,0.02,13,0.2,12.95,46.6,5,8,4,8,0,N
21849,0,1,0,0,1,1,1,0,7.75,2.0,31.02,0.01,6,0.5,1.72,15.51,2,4,2,4,0,N
21291,0,1,0,0,1,1,1,4,28.92,4.33,543.12,0.04,29,0.23,30.17,125.34,13,16,12,8,4,N
20795,1,1,0,2,1,1,1,3,14.24,3.5,174.4,0.02,15,0.29,9.69,49.83,7,8,5,5,3,N
17373,0,1,0,0,1,1,1,0,5.33,1.5,12.0,0.0,4,0.67,0.67,8.0,1,3,1,3,0,N
17383,0,3,0,0,2,2,1,4,13.67,6.0,492.27,0.03,21,0.17,27.35,82.04,6,15,5,10,4,N
21294,0,1,0,0,1,1,1,4,21.8,4.4,422.0,0.03,23,0.23,23.44,95.91,11,12,10,8,4,N
20027,12,7,6,4,4,4,1,33,78.33,9.89,7664.53,0.26,138,0.1,425.81,774.83,61,77,37,12,39,N
14905,11,39,3,17,20,2,18,55,37.92,34.5,45133.85,0.44,233,0.03,2507.44,1308.23,92,141,28,21,58,N
17535,0,1,0,0,1,1,1,0,5.8,2.0,23.22,0.0,5,0.5,1.29,11.61,1,4,1,4,0,N
21716,0,5,0,0,3,2,1,7,11.89,13.13,2048.55,0.05,35,0.08,113.81,156.08,15,20,8,14,7,N
14127,2,1,0,3,1,1,1,7,20.08,5.5,607.27,0.04,29,0.18,33.74,110.41,11,18,7,7,7,N
17524,0,1,0,0,1,1,1,0,9.51,3.0,85.59,0.01,9,0.33,4.75,28.53,3,6,3,6,0,N
20378,2,5,0,1,3,2,1,23,19.78,20.04,7940.87,0.13,80,0.05,441.16,396.34,33,47,14,17,23,N
15554,0,1,0,0,1,1,1,0,5.33,1.5,12.0,0.0,4,0.67,0.67,8.0,1,3,1,3,0,N
18946,0,1,0,0,1,1,1,0,9.51,3.0,85.59,0.01,9,0.33,4.75,28.53,3,6,3,6,0,N
22111,0,8,0,0,7,1,1,17,31.08,5.38,901.23,0.06,37,0.19,50.07,167.37,14,23,13,10,17,N
17408,0,1,0,0,1,1,1,4,9.47,2.67,67.38,0.01,9,0.38,3.74,25.27,4,5,3,4,4,N
20089,6,3,10,4,2,1,1,8,37.47,6.46,1564.54,0.08,57,0.15,86.92,242.13,28,29,13,6,18,N
18999,0,1,0,0,1,1,1,0,0.0,0.0,0.0,0.0,0,0.0,0.0,0.0,0,0,0,0,0,N
19870,0,1,0,0,1,1,1,4,9.47,2.67,67.38,0.01,9,0.38,3.74,25.27,4,5,3,4,4,N
23380,0,1,0,0,1,1,1,0,8.3,6.0,298.97,0.02,15,0.17,16.61,49.83,3,12,2,8,0,N
19156,0,1,0,0,1,1,1,0,7.75,2.0,31.02,0.01,6,0.5,1.72,15.51,2,4,2,4,0,N
20718,0,1,0,0,1,1,1,0,9.51,3.0,85.59,0.01,9,0.33,4.75,28.53,3,6,3,6,0,N
19563,0,1,0,0,1,1,1,0,7.75,2.0,31.02,0.01,6,0.5,1.72,15.51,2,4,2,4,0,N
14841,1,1,0,0,1,1,1,2,7.74,1.5,17.41,0.0,5,0.67,0.97,11.61,2,3,2,3,2,N
16138,0,1,0,0,1,1,1,0,5.33,1.5,12.0,0.0,4,0.67,0.67,8.0,1,3,1,3,0,N
23065,0,3,0,0,2,2,1,5,17.22,4.08,287.09,0.02,19,0.24,15.95,70.31,7,12,6,7,5,N
21384,0,1,0,0,1,1,1,9,22.08,10.5,2434.85,0.08,52,0.1,135.27,231.89,21,31,11,11,9,N
22550,0,1,0,0,1,1,1,3,9.51,3.0,85.59,0.01,9,0.33,4.75,28.53,3,6,3,6,3,N
18597,0,1,0,0,1,1,1,0,7.33,4.5,148.5,0.01,11,0.22,8.25,33.0,3,8,2,6,0,N
16790,0,1,0,0,1,1,1,0,5.33,1.5,12.0,0.0,4,0.67,0.67,8.0,1,3,1,3,0,N
16152,0,1,0,0,1,1,1,0,8.3,6.67,369.01,0.02,16,0.15,20.5,55.35,5,11,3,8,0,N
15024,0,1,1,0,1,1,1,1,7.74,1.5,17.41,0.0,5,0.67,0.97,11.61,2,3,2,3,2,N
22131,0,3,0,0,2,2,1,0,7.75,2.0,31.02,0.01,6,0.5,1.72,15.51,2,4,2,4,0,N
16555,0,1,0,0,1,1,1,0,5.33,1.5,12.0,0.0,4,0.67,0.67,8.0,1,3,1,3,0,N
15832,0,1,0,0,1,1,1,0,5.33,1.5,12.0,0.0,4,0.67,0.67,8.0,1,3,1,3,0,N
18495,0,1,0,0,1,1,1,0,7.74,1.5,17.41,0.0,5,0.67,0.97,11.61,2,3,2,3,0,N
20777,9,9,3,10,5,4,1,19,26.77,18.5,9160.41,0.17,103,0.05,508.91,495.16,37,66,14,14,22,N
19255,0,1,0,0,1,1,1,0,5.8,2.0,23.22,0.0,5,0.5,1.29,11.61,1,4,1,4,0,N
17774,0,3,0,0,2,2,1,5,17.22,4.08,287.09,0.02,19,0.24,15.95,70.31,7,12,6,7,5,N
18316,8,1,0,0,1,1,1,11,54.79,3.64,724.55,0.07,51,0.28,40.25,199.25,20,31,11,4,11,N
14761,6,1,6,10,1,1,1,18,60.8,10.87,7182.78,0.22,131,0.09,399.04,660.82,50,81,23,10,24,N
17505,0,1,0,0,1,1,1,2,8.98,2.5,56.15,0.01,8,0.4,3.12,22.46,2,6,2,5,2,N
19017,0,3,0,0,2,2,1,4,10.88,5.6,341.29,0.02,17,0.18,18.96,60.94,8,9,5,7,4,N
15039,0,1,1,0,1,1,1,1,7.74,1.5,17.41,0.0,5,0.67,0.97,11.61,2,3,2,3,2,N
23049,0,1,0,0,1,1,1,0,5.8,2.0,23.22,0.0,5,0.5,1.29,11.61,1,4,1,4,0,N
16786,0,1,0,0,1,1,1,0,5.33,1.5,12.0,0.0,4,0.67,0.67,8.0,1,3,1,3,0,N
18830,5,3,0,2,2,2,1,10,9.8,15.17,2254.94,0.05,35,0.07,125.27,148.68,14,21,6,13,10,N
23110,0,1,0,0,1,1,1,0,7.74,1.5,17.41,0.0,5,0.67,0.97,11.61,2,3,2,3,0,N
20393,0,3,0,0,2,2,1,0,7.86,2.5,49.13,0.01,7,0.4,2.73,19.65,2,5,2,5,0,N
20048,6,20,18,2,14,1,1,38,25.56,37.92,36744.08,0.32,170,0.03,2041.34,969.07,65,105,24,28,56,N
17645,0,3,0,0,2,2,1,5,17.22,4.08,287.09,0.02,19,0.24,15.95,70.31,7,12,6,7,5,N
19372,0,1,0,0,1,1,1,6,17.51,5.0,437.85,0.03,23,0.2,24.32,87.57,10,13,7,7,6,N
16063,0,1,0,0,1,1,1,0,5.33,1.5,12.0,0.0,4,0.67,0.67,8.0,1,3,1,3,0,N
15278,0,1,0,0,1,1,1,0,5.33,1.5,12.0,0.0,4,0.67,0.67,8.0,1,3,1,3,0,N
19044,0,1,0,0,1,1,1,0,7.86,2.5,49.13,0.01,7,0.4,2.73,19.65,2,5,2,5,0,N
20856,0,1,0,0,1,1,1,2,7.75,2.0,31.02,0.01,6,0.5,1.72,15.51,2,4,2,4,2,N
17673,0,1,0,0,1,1,1,0,7.75,2.0,31.02,0.01,6,0.5,1.72,15.51,2,4,2,4,0,N
20563,7,13,1,7,1,1,1,18,35.01,12.33,5325.61,0.14,88,0.08,295.87,431.81,37,51,18,12,19,N
22143,3,1,0,0,1,1,1,2,7.75,2.0,31.02,0.01,6,0.5,1.72,15.51,2,4,2,4,2,N
22046,5,1,3,0,1,1,1,2,32.94,1.71,96.81,0.02,17,0.58,5.38,56.47,8,9,7,3,5,N
15698,1,5,0,0,3,3,1,13,17.24,7.5,969.51,0.04,31,0.13,53.86,129.27,12,19,8,10,13,N
14609,11,23,4,19,12,10,11,46,62.33,27.16,45986.37,0.56,297,0.04,2554.8,1693.03,134,163,37,15,50,N
22043,24,1,0,0,1,1,1,14,40.49,6.62,1773.03,0.09,57,0.15,98.5,267.93,25,32,17,9,14,N
18285,5,5,0,3,3,3,1,23,24.9,27.5,18832.67,0.23,127,0.04,1046.26,684.82,55,72,21,21,23,N
20529,0,3,0,0,2,2,1,4,11.99,6.67,533.03,0.03,21,0.15,29.61,79.95,10,11,6,8,4,N
17580,6,3,0,0,2,2,1,4,9.08,5.33,258.3,0.02,14,0.19,14.35,48.43,4,10,3,8,4,N
22466,0,1,0,0,1,1,1,0,0.0,0.0,0.0,0.0,1,0.0,0.0,0.0,0,1,0,1,0,N
21185,0,1,0,0,1,1,1,3,11.23,2.0,44.92,0.01,8,0.5,2.5,22.46,3,5,3,4,3,N
16781,0,1,0,0,1,1,1,0,5.33,1.5,12.0,0.0,4,0.67,0.67,8.0,1,3,1,3,0,N
19104,0,3,0,0,2,2,1,0,6.69,7.5,376.42,0.02,14,0.13,20.91,50.19,5,9,3,9,0,N
20587,0,1,0,0,1,1,1,0,0.0,0.0,0.0,0.0,0,0.0,0.0,0.0,0,0,0,0,0,N
18735,1,3,0,2,2,2,1,7,12.26,7.33,659.44,0.03,22,0.14,36.64,89.92,8,14,6,11,7,N
18094,0,3,0,0,2,1,1,0,0.0,0.0,0.0,0.0,0,0.0,0.0,0.0,0,0,0,0,0,N
15927,0,1,0,0,1,1,1,0,7.74,1.5,17.41,0.0,5,0.67,0.97,11.61,2,3,2,3,0,N
22995,2,13,1,8,7,6,6,54,25.11,40.0,40181.42,0.33,184,0.03,2232.3,1004.54,80,104,22,22,55,N
16945,0,1,0,0,1,1,1,0,7.74,1.5,17.41,0.0,5,0.67,0.97,11.61,2,3,2,3,0,N
17103,0,1,0,0,1,1,1,0,5.33,1.5,12.0,0.0,4,0.67,0.67,8.0,1,3,1,3,0,N
15718,2,1,0,1,1,1,1,1,0.0,0.0,0.0,0.0,1,0.0,0.0,0.0,0,1,0,1,1,N
17490,0,1,0,0,1,1,1,0,8.3,6.0,298.97,0.02,15,0.17,16.61,49.83,3,12,2,8,0,N
17549,13,5,0,0,3,2,1,11,14.85,6.67,659.94,0.03,26,0.15,36.66,98.99,10,16,6,8,11,N
23117,0,1,0,0,1,1,1,0,8.3,6.0,298.97,0.02,15,0.17,16.61,49.83,3,12,2,8,0,N
15865,0,1,0,0,1,1,1,0,7.75,2.0,31.02,0.01,6,0.5,1.72,15.51,2,4,2,4,0,N
17870,0,5,1,1,3,3,1,13,27.53,7.5,1548.29,0.07,47,0.13,86.02,206.44,20,27,12,9,14,N
17441,0,1,0,0,1,1,1,3,10.34,2.0,41.36,0.01,8,0.5,2.3,20.68,2,6,2,4,3,N
21269,0,1,0,0,1,1,1,0,5.33,1.5,12.0,0.0,4,0.67,0.67,8.0,1,3,1,3,0,N
23199,0,1,0,0,1,1,1,2,5.33,1.5,12.0,0.0,4,0.67,0.67,8.0,1,3,1,3,2,N
19182,0,1,0,0,1,1,1,0,5.33,1.5,12.0,0.0,4,0.67,0.67,8.0,1,3,1,3,0,N
20097,0,3,0,0,2,2,1,8,23.46,10.29,2485.24,0.08,52,0.1,138.07,241.48,19,33,12,13,8,N
22867,0,1,0,0,1,1,1,0,7.75,2.0,31.02,0.01,6,0.5,1.72,15.51,2,4,2,4,0,N
14199,7,1,5,6,1,1,1,14,46.18,8.5,3336.69,0.13,80,0.12,185.37,392.55,34,46,20,10,19,N
20032,6,3,0,0,2,2,1,2,9.6,2.5,60.0,0.01,8,0.4,3.33,24.0,3,5,3,5,2,N
17949,0,1,0,0,1,1,1,0,9.29,1.5,20.9,0.0,6,0.67,1.16,13.93,2,4,2,3,0,N
18524,0,1,0,0,1,1,1,2,5.33,1.5,12.0,0.0,4,0.67,0.67,8.0,1,3,1,3,2,N
21220,6,13,2,8,7,1,1,42,15.91,36.75,21489.13,0.19,114,0.03,1193.84,584.74,49,65,14,21,44,N
17604,1,9,0,0,5,3,3,12,17.46,16.55,4779.2,0.1,63,0.06,265.51,288.85,28,35,11,13,12,N
14900,0,1,0,0,1,1,1,2,7.74,1.5,17.41,0.0,5,0.67,0.97,11.61,2,3,2,3,2,N
21863,0,1,0,0,1,1,1,0,9.31,2.5,58.16,0.01,9,0.4,3.23,23.26,1,8,1,5,0,N
15057,0,1,2,0,1,1,1,1,10.84,1.5,24.38,0.01,7,0.67,1.35,16.25,2,5,2,3,3,N
21856,3,1,0,0,1,1,1,2,7.75,2.0,31.02,0.01,6,0.5,1.72,15.51,2,4,2,4,2,N
16516,0,1,0,0,1,1,1,0,5.33,1.5,12.0,0.0,4,0.67,0.67,8.0,1,3,1,3,0,N
22627,0,1,0,0,1,1,1,0,8.3,6.0,298.97,0.02,15,0.17,16.61,49.83,3,12,2,8,0,N
14418,0,1,0,0,1,1,1,0,7.33,4.5,148.5,0.01,11,0.22,8.25,33.0,3,8,2,6,0,N
14887,1,1,0,0,1,1,1,2,7.74,1.5,17.41,0.0,5,0.67,0.97,11.61,2,3,2,3,2,N
20239,0,1,0,0,1,1,1,2,3.0,1.0,3.0,0.0,3,1.0,0.17,3.0,2,1,1,1,2,N
19852,4,5,0,0,1,1,1,8,17.83,12.6,2830.76,0.07,49,0.08,157.26,224.66,18,31,10,14,8,N
16189,0,1,0,0,1,1,1,0,0.0,0.0,0.0,0.0,0,0.0,0.0,0.0,0,0,0,0,0,N
14866,1,1,0,0,1,1,1,2,7.74,1.5,17.41,0.0,5,0.67,0.97,11.61,2,3,2,3,2,N
20971,0,5,0,0,3,3,1,6,30.72,9.0,2488.36,0.09,62,0.11,138.24,276.48,18,44,11,11,6,N
16747,0,1,0,0,1,1,1,0,5.33,1.5,12.0,0.0,4,0.67,0.67,8.0,1,3,1,3,0,N
14167,0,1,1,0,1,1,1,1,10.44,3.5,127.89,0.01,11,0.29,7.11,36.54,3,8,3,7,2,N
18298,11,7,0,117,4,4,1,53,19.63,120.11,283140.67,0.79,440,0.01,15730.04,2357.32,188,252,18,23,53,N
17829,0,1,0,0,1,1,1,0,7.75,2.0,31.02,0.01,6,0.5,1.72,15.51,2,4,2,4,0,N
16964,0,1,0,0,1,1,1,0,5.33,1.5,12.0,0.0,4,0.67,0.67,8.0,1,3,1,3,0,N
16444,0,1,0,0,1,1,1,0,7.74,1.5,17.41,0.0,5,0.67,0.97,11.61,2,3,2,3,0,N
22959,10,1,0,9,1,1,1,7,44.77,2.18,213.1,0.03,25,0.46,11.84,97.67,12,13,11,4,7,N
17301,0,1,0,0,1,1,1,0,7.74,1.5,17.41,0.0,5,0.67,0.97,11.61,2,3,2,3,0,N
21936,0,1,0,0,1,1,1,0,7.75,2.0,31.02,0.01,6,0.5,1.72,15.51,2,4,2,4,0,N
20432,0,1,0,0,1,1,1,0,8.3,6.0,298.97,0.02,15,0.17,16.61,49.83,3,12,2,8,0,N
22771,1,5,0,3,3,3,1,19,19.07,10.91,2270.01,0.07,46,0.09,126.11,208.08,20,26,11,12,19,N
21399,0,1,0,0,1,1,1,7,24.54,6.75,1118.27,0.06,39,0.15,62.13,165.67,15,24,10,9,7,N
20101,0,1,0,0,1,1,1,0,8.3,6.67,369.01,0.02,16,0.15,20.5,55.35,5,11,3,8,0,N
15938,0,1,0,0,1,1,1,0,9.51,3.0,85.59,0.01,9,0.33,4.75,28.53,3,6,3,6,0,N
18685,0,1,0,0,1,1,1,0,5.33,1.5,12.0,0.0,4,0.67,0.67,8.0,1,3,1,3,0,N
16718,0,1,0,0,1,1,1,0,5.33,1.5,12.0,0.0,4,0.67,0.67,8.0,1,3,1,3,0,N
16316,0,1,0,0,1,1,1,0,7.74,1.5,17.41,0.0,5,0.67,0.97,11.61,2,3,2,3,0,N
19446,0,1,0,0,1,1,1,0,7.75,2.0,31.02,0.01,6,0.5,1.72,15.51,2,4,2,4,0,N
16409,0,1,0,0,1,1,1,0,5.33,1.5,12.0,0.0,4,0.67,0.67,8.0,1,3,1,3,0,N
15023,0,1,1,0,1,1,1,1,7.74,1.5,17.41,0.0,5,0.67,0.97,11.61,2,3,2,3,2,N
15193,0,3,0,0,2,2,1,3,8.1,3.33,90.0,0.01,9,0.3,5.0,27.0,4,5,3,5,3,N
16277,0,1,0,0,1,1,1,2,7.35,8.0,470.48,0.02,17,0.13,26.14,58.81,6,11,3,8,2,N
14492,0,1,0,0,1,1,1,0,7.75,2.0,31.02,0.01,6,0.5,1.72,15.51,2,4,2,4,0,N
14995,1,3,2,0,2,1,1,2,8.72,4.0,139.48,0.01,11,0.25,7.75,34.87,4,7,3,6,4,N
19481,1,3,0,2,2,2,1,12,14.73,8.94,1176.94,0.04,31,0.11,65.39,131.69,13,18,8,11,12,N
19861,0,3,0,0,2,2,1,4,21.5,7.15,1099.18,0.05,35,0.14,61.07,153.73,13,22,10,11,4,N
19815,0,1,0,0,1,1,1,0,9.51,3.0,85.59,0.01,9,0.33,4.75,28.53,3,6,3,6,0,N
21740,0,1,0,0,1,1,1,0,7.75,2.0,31.02,0.01,6,0.5,1.72,15.51,2,4,2,4,0,N
19640,7,13,4,15,7,5,1,88,240.62,13.87,46307.36,1.11,480,0.07,2572.63,3338.01,218,262,110,14,92,N
22208,0,1,0,0,1,1,1,0,5.33,1.5,12.0,0.0,4,0.67,0.67,8.0,1,3,1,3,0,N
15275,0,1,0,0,1,1,1,2,7.81,9.0,632.78,0.02,19,0.11,35.15,70.31,8,11,4,9,2,N
19838,9,3,0,12,2,2,1,15,23.41,13.0,3956.07,0.1,64,0.08,219.78,304.31,28,36,14,13,15,N
22462,0,3,0,0,2,2,1,0,7.75,2.0,31.02,0.01,6,0.5,1.72,15.51,2,4,2,4,0,N
16043,2,3,0,3,2,2,1,15,61.81,7.65,3614.76,0.16,106,0.13,200.82,472.7,52,54,17,5,15,N
18091,0,1,0,0,1,1,1,0,0.0,0.0,0.0,0.0,0,0.0,0.0,0.0,0,0,0,0,0,N
17760,0,1,0,0,1,1,1,0,9.83,2.0,39.3,0.01,7,0.5,2.18,19.65,3,4,3,4,0,N
16070,0,1,0,0,1,1,1,0,5.33,1.5,12.0,0.0,4,0.67,0.67,8.0,1,3,1,3,0,N
18106,0,1,0,0,1,1,1,0,7.75,2.0,31.02,0.01,6,0.5,1.72,15.51,2,4,2,4,0,N
15321,0,1,0,0,1,1,1,0,5.33,1.5,12.0,0.0,4,0.67,0.67,8.0,1,3,1,3,0,N
16265,0,1,0,0,1,1,1,0,5.33,1.5,12.0,0.0,4,0.67,0.67,8.0,1,3,1,3,0,N
16785,0,1,0,0,1,1,1,0,5.33,1.5,12.0,0.0,4,0.67,0.67,8.0,1,3,1,3,0,N
16263,0,1,0,0,1,1,1,0,0.0,0.0,0.0,0.0,2,0.0,0.0,2.0,0,2,0,2,0,N
18743,0,3,0,0,2,1,1,7,10.64,8.0,680.88,0.03,23,0.13,37.83,85.11,10,13,5,8,7,N
19215,0,1,0,0,1,1,1,0,5.8,2.0,23.22,0.0,5,0.5,1.29,11.61,1,4,1,4,0,N
20057,2,1,2,0,1,1,1,2,8.43,5.33,239.85,0.01,13,0.19,13.33,44.97,4,9,3,8,4,N
20638,0,1,0,0,1,1,1,0,7.74,1.5,17.41,0.0,5,0.67,0.97,11.61,2,3,2,3,0,N
21877,0,1,0,0,1,1,1,0,6.2,2.5,38.77,0.01,6,0.4,2.15,15.51,1,5,1,5,0,N
21016,0,1,0,0,1,1,1,2,7.83,4.67,170.53,0.01,11,0.21,9.47,36.54,4,7,3,7,2,N
16209,0,1,0,0,1,1,1,0,7.75,2.0,31.02,0.01,6,0.5,1.72,15.51,2,4,2,4,0,N
15138,0,1,1,0,1,1,1,2,11.23,2.0,44.92,0.01,8,0.5,2.5,22.46,3,5,3,4,3,N
14673,3,3,6,0,2,1,1,9,32.11,6.15,1216.33,0.07,45,0.16,67.57,197.65,20,25,13,8,15,N
18300,7,3,0,4,2,2,1,14,22.45,12.07,3271.7,0.09,57,0.08,181.76,271.03,26,31,14,13,14,N
21650,0,1,0,0,1,1,1,0,7.75,2.0,31.02,0.01,6,0.5,1.72,15.51,2,4,2,4,0,N
14150,0,1,1,0,1,1,1,1,9.83,2.0,39.3,0.01,7,0.5,2.18,19.65,3,4,3,4,2,N
21619,0,1,0,0,1,1,1,0,0.0,0.0,0.0,0.0,0,0.0,0.0,0.0,0,0,0,0,0,N
16971,0,1,0,0,1,1,1,0,5.33,1.5,12.0,0.0,4,0.67,0.67,8.0,1,3,1,3,0,N
18893,0,1,0,0,1,1,1,0,7.75,2.0,31.02,0.01,6,0.5,1.72,15.51,2,4,2,4,0,N
22875,0,3,0,0,2,2,1,3,15.56,5.14,411.43,0.03,20,0.19,22.86,80.0,8,12,7,9,3,N
20486,0,1,0,0,1,1,1,0,9.51,3.0,85.59,0.01,9,0.33,4.75,28.53,3,6,3,6,0,N
22080,2,3,5,0,2,2,1,5,13.96,6.0,502.57,0.03,22,0.17,27.92,83.76,9,13,6,8,10,N
19541,0,1,0,0,1,1,1,0,12.68,2.5,79.25,0.01,10,0.4,4.4,31.7,4,6,4,5,0,N
20024,2,9,0,0,5,1,1,22,14.87,23.83,8446.49,0.12,82,0.04,469.25,354.4,39,43,9,11,22,N
17464,1,1,0,0,1,1,1,3,9.51,4.0,152.21,0.01,11,0.25,8.46,38.05,3,8,3,8,3,N
19488,0,3,0,0,2,2,1,0,6.69,7.5,376.42,0.02,14,0.13,20.91,50.19,5,9,3,9,0,N
16633,1,1,3,0,1,1,1,2,10.75,6.0,387.18,0.02,18,0.17,21.51,64.53,6,12,4,8,5,N
22235,0,1,0,0,1,1,1,0,7.75,2.0,31.02,0.01,6,0.5,1.72,15.51,2,4,2,4,0,N
16708,0,1,0,0,1,1,1,1,0.0,0.0,0.0,0.0,1,0.0,0.0,0.0,0,1,0,1,1,N
19329,0,1,0,0,1,1,1,2,5.33,1.5,12.0,0.0,4,0.67,0.67,8.0,1,3,1,3,2,N
17603,1,3,0,2,2,2,1,12,14.73,8.94,1176.94,0.04,31,0.11,65.39,131.69,13,18,8,11,12,N
22640,0,1,0,0,1,1,1,0,7.75,2.0,31.02,0.01,6,0.5,1.72,15.51,2,4,2,4,0,N
15981,0,1,0,0,1,1,1,0,5.33,1.5,12.0,0.0,4,0.67,0.67,8.0,1,3,1,3,0,N
14308,0,1,0,0,1,1,1,1,7.74,1.5,17.41,0.0,5,0.67,0.97,11.61,2,3,2,3,1,N
15677,0,1,0,0,1,1,1,0,7.74,1.5,17.41,0.0,5,0.67,0.97,11.61,2,3,2,3,0,N
22057,2,9,6,0,5,1,1,1,15.14,4.8,348.71,0.02,21,0.21,19.37,72.65,8,13,5,6,7,N
17563,0,1,0,0,1,1,1,0,5.33,1.5,12.0,0.0,4,0.67,0.67,8.0,1,3,1,3,0,N
16067,0,1,0,0,1,1,1,0,5.33,1.5,12.0,0.0,4,0.67,0.67,8.0,1,3,1,3,0,N
16897,0,1,0,0,1,1,1,0,5.33,1.5,12.0,0.0,4,0.67,0.67,8.0,1,3,1,3,0,N
22858,0,1,0,0,1,1,1,0,9.51,3.0,85.59,0.01,9,0.33,4.75,28.53,3,6,3,6,0,N
15415,0,1,0,0,1,1,1,0,5.33,1.5,12.0,0.0,4,0.67,0.67,8.0,1,3,1,3,0,N
22585,0,3,0,0,2,2,1,0,9.32,5.0,233.02,0.02,13,0.2,12.95,46.6,5,8,4,8,0,N
15692,0,1,0,0,1,1,1,0,8.6,7.5,483.97,0.02,18,0.13,26.89,64.53,5,13,3,9,0,N
19360,0,1,0,0,1,1,1,0,8.6,7.5,483.97,0.02,18,0.13,26.89,64.53,5,13,3,9,0,N
16133,0,1,0,0,1,1,1,0,5.33,1.5,12.0,0.0,4,0.67,0.67,8.0,1,3,1,3,0,N
23494,6,9,0,1,5,2,1,26,35.11,17.93,11294.45,0.21,120,0.06,627.47,629.75,55,65,23,15,26,N
16292,0,1,0,0,1,1,1,0,16.5,2.0,66.0,0.01,11,0.5,3.67,33.0,4,7,4,4,0,N
20111,1,9,0,0,5,3,3,12,17.46,16.55,4779.2,0.1,63,0.06,265.51,288.85,28,35,11,13,12,N
14333,0,1,0,0,1,1,1,0,7.74,1.5,17.41,0.0,5,0.67,0.97,11.61,2,3,2,3,0,N
22936,1,5,4,1,3,2,1,6,20.54,4.38,393.13,0.03,23,0.23,21.84,89.86,10,13,8,7,10,N
17817,0,3,0,0,2,2,1,4,10.88,5.6,341.29,0.02,17,0.18,18.96,60.94,8,9,5,7,4,N
16099,0,1,0,0,1,1,1,0,5.33,1.5,12.0,0.0,4,0.67,0.67,8.0,1,3,1,3,0,N
21061,4,5,0,2,3,2,1,20,50.07,8.26,3417.03,0.14,82,0.12,189.83,413.64,38,44,23,10,20,N
18307,18,21,0,12,11,8,1,58,24.66,80.39,159325.18,0.66,353,0.01,8851.4,1981.99,131,222,22,27,58,N
15990,0,1,0,0,1,1,1,0,5.33,1.5,12.0,0.0,4,0.67,0.67,8.0,1,3,1,3,0,N
15901,0,1,0,0,1,1,1,0,8.3,6.0,298.97,0.02,15,0.17,16.61,49.83,3,12,2,8,0,N
20306,0,1,0,0,1,1,1,0,5.8,2.0,23.22,0.0,5,0.5,1.29,11.61,1,4,1,4,0,N
22904,0,1,0,0,1,1,1,3,6.89,3.0,62.04,0.01,8,0.33,3.45,20.68,3,5,2,4,3,N
20356,0,1,0,0,1,1,1,0,7.75,2.0,31.02,0.01,6,0.5,1.72,15.51,2,4,2,4,0,N
18281,5,5,0,3,3,2,1,19,20.49,30.0,18441.46,0.2,118,0.03,1024.53,614.72,51,67,17,20,19,N
14297,0,1,0,0,1,1,1,0,7.75,2.0,31.02,0.01,6,0.5,1.72,15.51,2,4,2,4,0,N
20542,2,7,0,0,4,2,3,11,12.35,16.0,3162.47,0.07,45,0.06,175.69,197.65,16,29,7,14,11,N
22983,5,1,0,0,1,1,1,1,0.0,0.0,0.0,0.0,1,0.0,0.0,0.0,0,1,0,1,1,N
14919,3,5,4,0,3,2,1,6,13.75,11.67,1872.19,0.05,35,0.09,104.01,160.47,14,21,9,15,10,N
18362,2,5,0,3,3,2,1,10,14.31,15.11,3267.33,0.07,46,0.07,181.52,216.22,16,30,9,17,10,N
19633,0,1,0,0,1,1,1,0,9.51,3.0,85.59,0.01,9,0.33,4.75,28.53,3,6,3,6,0,N
16624,14,1,2,4,1,1,1,36,96.51,10.29,10209.86,0.33,192,0.1,567.21,992.63,72,120,28,8,38,N
14190,2,3,1,0,2,1,1,7,7.32,8.17,488.32,0.02,18,0.12,27.13,59.79,7,11,3,7,8,N
20039,0,1,0,0,1,1,1,0,5.33,1.5,12.0,0.0,4,0.67,0.67,8.0,1,3,1,3,0,N
22268,0,3,0,0,2,2,1,4,11.99,6.67,533.03,0.03,21,0.15,29.61,79.95,10,11,6,8,4,N
22732,0,1,0,0,1,1,1,0,7.74,1.5,17.41,0.0,5,0.67,0.97,11.61,2,3,2,3,0,N
21562,0,3,0,0,2,2,1,4,13.67,6.0,492.27,0.03,21,0.17,27.35,82.04,6,15,5,10,4,N
14078,0,1,0,0,1,1,1,0,0.0,0.0,0.0,0.0,1,0.0,0.0,0.0,0,1,0,1,0,N
19415,0,3,0,0,2,1,1,6,12.68,2.5,79.25,0.01,10,0.4,4.4,31.7,4,6,4,5,6,N
18397,57,351,6,105,192,186,7,386,44.82,833.78,31159817.68,12.46,5227,0.0,1731100.99,37371.73,2279,2948,82,60,392,N
15136,8,1,15,10,1,1,1,20,108.08,8.29,7432.26,0.3,158,0.12,412.9,896.24,68,90,41,10,35,N
16663,8,17,32,3,13,10,4,48,49.82,25.34,31983.69,0.42,212,0.04,1776.87,1262.29,75,137,37,25,80,N
22507,0,1,0,0,1,1,1,0,7.75,2.0,31.02,0.01,6,0.5,1.72,15.51,2,4,2,4,0,N
17808,0,1,0,0,1,1,1,0,0.0,0.0,0.0,0.0,0,0.0,0.0,0.0,0,0,0,0,0,N
17590,0,1,0,0,1,1,1,4,13.45,3.6,174.36,0.02,14,0.28,9.69,48.43,6,8,5,6,4,N
21059,5,5,0,3,3,2,1,21,51.37,9.46,4597.3,0.16,94,0.11,255.41,485.97,43,51,25,11,21,N
20840,4,23,1,10,1,1,1,26,22.44,50.0,56093.69,0.37,217,0.02,3116.32,1121.87,80,137,16,20,27,N
19695,2,5,0,1,3,2,1,23,19.78,20.04,7940.87,0.13,80,0.05,441.16,396.34,33,47,14,17,23,N
15678,0,1,0,0,1,1,1,0,7.74,1.5,17.41,0.0,5,0.67,0.97,11.61,2,3,2,3,0,N
15806,0,1,0,0,1,1,1,0,5.33,1.5,12.0,0.0,4,0.67,0.67,8.0,1,3,1,3,0,N
22913,0,1,0,0,1,1,1,2,15.23,4.0,243.67,0.02,16,0.25,13.54,60.92,6,10,6,8,2,N
17885,0,3,0,0,2,1,1,0,7.75,2.0,31.02,0.01,6,0.5,1.72,15.51,2,4,2,4,0,N
23182,0,1,0,0,1,1,1,2,5.33,1.5,12.0,0.0,4,0.67,0.67,8.0,1,3,1,3,2,N
15834,0,1,0,0,1,1,1,0,5.33,1.5,12.0,0.0,4,0.67,0.67,8.0,1,3,1,3,0,N
19474,0,3,0,0,2,2,1,4,21.5,7.15,1099.18,0.05,35,0.14,61.07,153.73,13,22,10,11,4,N
16812,0,1,0,0,1,1,1,0,5.33,1.5,12.0,0.0,4,0.67,0.67,8.0,1,3,1,3,0,N
16545,0,1,0,0,1,1,1,0,7.74,1.5,17.41,0.0,5,0.67,0.97,11.61,2,3,2,3,0,N
20811,0,1,1,0,1,1,1,1,7.75,2.0,31.02,0.01,6,0.5,1.72,15.51,2,4,2,4,2,N
20964,4,7,0,1,4,4,1,8,21.93,12.0,3157.28,0.09,59,0.08,175.4,263.11,20,39,10,12,8,N
22016,0,1,0,0,1,1,1,2,9.97,4.0,159.45,0.01,12,0.25,8.86,39.86,2,10,2,8,2,N
18279,3,5,0,3,3,3,1,19,19.18,21.27,8680.58,0.14,89,0.05,482.25,408.06,36,53,11,13,19,N
20444,0,3,0,0,2,2,1,4,10.88,5.6,341.29,0.02,17,0.18,18.96,60.94,8,9,5,7,4,N
14305,0,1,0,0,1,1,1,0,7.74,1.5,17.41,0.0,5,0.67,0.97,11.61,2,3,2,3,0,N
22331,0,1,0,0,1,1,1,0,7.75,2.0,31.02,0.01,6,0.5,1.72,15.51,2,4,2,4,0,N
21634,0,1,0,0,1,1,1,0,7.75,2.0,31.02,0.01,6,0.5,1.72,15.51,2,4,2,4,0,N
20241,4,7,0,5,4,4,4,12,25.22,9.45,2254.13,0.08,52,0.11,125.23,238.42,16,36,11,13,12,N
17669,0,1,0,0,1,1,1,0,12.68,2.5,79.25,0.01,10,0.4,4.4,31.7,4,6,4,5,0,N
20361,0,1,0,0,1,1,1,0,10.0,1.0,10.0,0.0,5,1.0,0.56,10.0,2,3,2,2,0,N
18705,0,1,0,0,1,1,1,0,5.33,1.5,12.0,0.0,4,0.67,0.67,8.0,1,3,1,3,0,N
14198,7,1,5,6,1,1,1,14,46.18,8.5,3336.69,0.13,80,0.12,185.37,392.55,34,46,20,10,19,N
21714,0,1,0,0,1,1,1,0,7.75,2.0,31.02,0.01,6,0.5,1.72,15.51,2,4,2,4,0,N
20302,0,1,0,0,1,1,1,0,7.75,2.0,31.02,0.01,6,0.5,1.72,15.51,2,4,2,4,0,N
15369,0,1,0,0,1,1,1,0,0.0,0.0,0.0,0.0,2,0.0,0.0,2.0,0,2,0,2,0,N
16049,0,1,0,0,1,1,1,0,5.33,1.5,12.0,0.0,4,0.67,0.67,8.0,1,3,1,3,0,N
23045,0,1,0,0,1,1,1,0,7.74,1.5,17.41,0.0,5,0.67,0.97,11.61,2,3,2,3,0,N
19823,0,1,0,0,1,1,1,3,10.8,2.5,67.5,0.01,9,0.4,3.75,27.0,3,6,3,5,3,N
22225,17,73,0,1,1,1,1,106,53.67,94.94,483769.06,1.7,843,0.01,26876.06,5095.42,355,488,43,23,106,N
17159,4,7,1,8,4,1,1,23,25.56,20.0,10223.25,0.17,113,0.05,567.96,511.16,52,61,13,10,24,N
22849,0,1,0,0,1,1,1,2,5.33,1.5,12.0,0.0,4,0.67,0.67,8.0,1,3,1,3,2,N
20955,0,1,0,0,1,1,1,2,7.74,1.5,17.41,0.0,5,0.67,0.97,11.61,2,3,2,3,2,N
22878,6,7,0,0,4,3,1,10,18.14,12.95,3044.6,0.08,50,0.08,169.14,235.02,19,31,11,15,10,N
21746,0,1,0,0,1,1,1,0,7.75,2.0,31.02,0.01,6,0.5,1.72,15.51,2,4,2,4,0,N
17418,0,3,0,0,2,2,1,0,7.86,2.5,49.13,0.01,7,0.4,2.73,19.65,2,5,2,5,0,N
22245,0,1,0,0,1,1,1,0,7.74,1.5,17.41,0.0,5,0.67,0.97,11.61,2,3,2,3,0,N
22991,0,3,0,0,2,2,1,4,21.5,7.15,1099.18,0.05,35,0.14,61.07,153.73,13,22,10,11,4,N
19943,0,1,0,0,1,1,1,0,7.75,2.0,31.02,0.01,6,0.5,1.72,15.51,2,4,2,4,0,N
20579,0,1,0,0,1,1,1,0,0.0,0.0,0.0,0.0,0,0.0,0.0,0.0,0,0,0,0,0,N
16870,0,1,0,0,1,1,1,0,7.74,1.5,17.41,0.0,5,0.67,0.97,11.61,2,3,2,3,0,N
14991,1,1,0,0,1,1,1,2,7.74,1.5,17.41,0.0,5,0.67,0.97,11.61,2,3,2,3,2,N
15719,3,1,0,0,1,1,1,2,7.75,2.0,31.02,0.01,6,0.5,1.72,15.51,2,4,2,4,2,N
19195,0,1,0,0,1,1,1,1,0.0,0.0,0.0,0.0,1,0.0,0.0,0.0,0,1,0,1,1,N
19199,0,1,0,0,1,1,1,0,5.8,2.0,23.22,0.0,5,0.5,1.29,11.61,1,4,1,4,0,N
18694,0,1,0,0,1,1,1,0,5.33,1.5,12.0,0.0,4,0.67,0.67,8.0,1,3,1,3,0,N
20882,4,21,0,4,11,2,5,34,26.07,35.6,33036.05,0.31,170,0.03,1835.34,928.1,65,105,21,23,34,N
14437,0,1,0,0,1,1,1,0,9.6,2.5,60.0,0.01,8,0.4,3.33,24.0,3,5,3,5,0,N
16198,0,1,0,0,1,1,1,0,0.0,0.0,0.0,0.0,0,0.0,0.0,0.0,0,0,0,0,0,N
22223,0,1,0,0,1,1,1,0,0.0,0.0,0.0,0.0,3,0.0,0.0,4.75,0,3,0,3,0,N
22790,0,1,0,0,1,1,1,0,7.75,2.0,31.02,0.01,6,0.5,1.72,15.51,2,4,2,4,0,N
14128,2,1,0,3,1,1,1,7,20.08,5.5,607.27,0.04,29,0.18,33.74,110.41,11,18,7,7,7,N
14711,3,1,0,0,1,1,1,2,7.74,1.5,17.41,0.0,5,0.67,0.97,11.61,2,3,2,3,2,N
14375,11,23,4,18,12,10,11,40,62.52,23.8,35411.97,0.5,265,0.04,1967.33,1487.9,119,146,35,14,44,N
19884,0,1,0,0,1,1,1,2,13.5,2.0,54.0,0.01,9,0.5,3.0,27.0,4,5,4,4,2,N
15349,0,1,0,0,1,1,1,0,5.8,2.0,23.22,0.0,5,0.5,1.29,11.61,1,4,1,4,0,N
18505,0,1,0,0,1,1,1,0,5.8,2.0,23.22,0.0,5,0.5,1.29,11.61,1,4,1,4,0,N
17717,0,1,0,0,1,1,1,0,8.3,6.0,298.97,0.02,15,0.17,16.61,49.83,3,12,2,8,0,N
18216,8,3,1,7,2,2,1,14,39.38,9.82,3796.17,0.13,76,0.1,210.9,386.65,36,40,22,12,15,N
16951,0,1,0,0,1,1,1,0,7.74,1.5,17.41,0.0,5,0.67,0.97,11.61,2,3,2,3,0,N
20566,0,5,0,0,3,2,1,7,11.89,13.13,2048.55,0.05,35,0.08,113.81,156.08,15,20,8,14,7,N
19313,0,1,0,0,1,1,1,0,0.0,0.0,0.0,0.0,1,0.0,0.0,0.0,0,1,0,1,0,N
23003,1,5,0,3,3,3,1,19,19.07,10.91,2270.01,0.07,46,0.09,126.11,208.08,20,26,11,12,19,N
21010,1,7,0,2,1,1,1,19,26.29,17.5,8052.16,0.15,89,0.06,447.34,460.12,35,54,18,18,19,N
21313,0,1,0,0,1,1,1,9,22.08,10.5,2434.85,0.08,52,0.1,135.27,231.89,21,31,11,11,9,N
16666,8,17,32,3,13,10,4,48,49.82,25.34,31983.69,0.42,212,0.04,1776.87,1262.29,75,137,37,25,80,Y
16466,0,1,0,0,1,1,1,0,5.33,1.5,12.0,0.0,4,0.67,0.67,8.0,1,3,1,3,0,N
14596,2,5,0,1,3,3,1,12,18.15,7.71,1080.0,0.05,35,0.13,60.0,140.0,12,23,7,9,12,N
20449,0,1,0,0,1,1,1,0,7.75,2.0,31.02,0.01,6,0.5,1.72,15.51,2,4,2,4,0,N
21054,4,5,0,3,3,2,1,21,52.5,8.33,3646.02,0.15,86,0.12,202.56,437.52,40,46,24,10,21,N
20750,1,5,1,9,1,1,1,31,41.76,30.85,39750.32,0.43,236,0.03,2208.35,1288.43,98,138,27,17,32,N
17973,0,1,0,0,1,1,1,0,9.51,3.0,85.59,0.01,9,0.33,4.75,28.53,3,6,3,6,0,N
23192,0,1,0,0,1,1,1,2,8.98,2.5,56.15,0.01,8,0.4,3.12,22.46,2,6,2,5,2,N
19658,0,1,0,0,1,1,1,0,5.33,1.5,12.0,0.0,4,0.67,0.67,8.0,1,3,1,3,0,N
22932,1,5,4,1,3,2,1,6,20.54,4.38,393.13,0.03,23,0.23,21.84,89.86,10,13,8,7,10,N
22029,23,5,0,3,3,2,1,20,36.21,11.33,4650.55,0.14,80,0.09,258.36,410.34,34,46,21,14,20,N
21643,0,3,0,0,2,2,1,5,15.36,3.5,188.21,0.02,15,0.29,10.46,53.77,5,10,5,7,5,N
20850,4,7,0,5,4,3,1,22,18.66,30.14,16950.51,0.19,117,0.03,941.7,562.46,39,78,11,17,22,N
14744,0,1,2,0,1,1,1,1,13.5,2.0,54.0,0.01,9,0.5,3.0,27.0,4,5,4,4,3,N
18261,1,1,0,0,1,1,1,9,42.67,3.56,539.44,0.05,41,0.28,29.97,151.72,16,25,9,4,9,N
14739,3,1,1,0,1,1,1,2,16.84,1.5,37.9,0.01,9,0.67,2.11,25.27,4,5,4,3,3,N
17339,0,1,0,0,1,1,1,0,7.75,2.0,31.02,0.01,6,0.5,1.72,15.51,2,4,2,4,0,N
15960,0,1,0,0,1,1,1,0,5.33,1.5,12.0,0.0,4,0.67,0.67,8.0,1,3,1,3,0,N
22545,3,1,0,0,1,1,1,13,33.12,9.0,2682.5,0.1,62,0.11,149.03,298.06,24,38,16,12,13,N
21760,2,3,0,0,2,2,1,7,15.65,7.31,836.91,0.04,28,0.14,46.49,114.45,13,15,8,9,7,N
20104,2,5,0,1,3,2,1,23,19.78,20.04,7940.87,0.13,80,0.05,441.16,396.34,33,47,14,17,23,N
20163,0,9,0,0,5,1,1,18,6.16,28.5,5006.4,0.06,49,0.04,278.13,175.66,19,30,3,9,18,N
20311,0,1,0,0,1,1,1,0,7.75,2.0,31.02,0.01,6,0.5,1.72,15.51,2,4,2,4,0,N
21423,0,3,0,0,2,1,1,4,11.52,3.75,161.94,0.01,13,0.27,9.0,43.19,5,8,4,6,4,N
21903,0,1,0,0,1,1,1,0,6.86,3.5,84.0,0.01,8,0.29,4.67,24.0,1,7,1,7,0,N
14833,1,1,0,0,1,1,1,2,7.74,1.5,17.41,0.0,5,0.67,0.97,11.61,2,3,2,3,2,N
20327,0,1,0,0,1,1,1,0,5.33,1.5,12.0,0.0,4,0.67,0.67,8.0,1,3,1,3,0,N
15979,0,1,0,0,1,1,1,0,7.74,1.5,17.41,0.0,5,0.67,0.97,11.61,2,3,2,3,0,N
17891,2,5,0,0,3,2,1,10,28.99,6.92,1389.28,0.07,45,0.14,77.18,200.67,20,25,13,9,10,N
20342,0,1,0,0,1,1,1,2,8.98,2.5,56.15,0.01,8,0.4,3.12,22.46,2,6,2,5,2,N
18373,1,9,1,1,5,4,1,13,12.48,21.12,5567.26,0.09,60,0.05,309.29,263.54,26,34,8,13,14,N
19642,0,1,0,0,1,1,1,2,5.8,2.0,23.22,0.0,5,0.5,1.29,11.61,1,4,1,4,2,N
22014,0,3,0,0,2,2,1,4,13.67,6.0,492.27,0.03,21,0.17,27.35,82.04,6,15,5,10,4,N
18237,2,3,7,2,2,2,1,8,26.22,13.6,4849.99,0.12,75,0.07,269.44,356.62,34,41,15,12,15,N
20044,6,20,18,2,14,9,1,38,26.41,40.71,43778.46,0.36,186,0.02,2432.14,1075.33,73,113,26,29,56,N
17652,0,1,0,0,1,1,1,0,0.0,0.0,0.0,0.0,0,0.0,0.0,0.0,0,0,0,0,0,N
16905,0,1,0,0,1,1,1,0,5.33,1.5,12.0,0.0,4,0.67,0.67,8.0,1,3,1,3,0,N
19522,0,1,0,0,1,1,1,0,0.0,0.0,0.0,0.0,0,0.0,0.0,0.0,0,0,0,0,0,N
17545,1,5,0,0,3,2,3,6,7.47,8.0,478.36,0.02,18,0.13,26.58,59.79,4,14,2,8,6,N
20400,0,1,0,0,1,1,1,0,7.75,2.0,31.02,0.01,6,0.5,1.72,15.51,2,4,2,4,0,N
14210,7,1,5,6,1,1,1,14,46.18,8.5,3336.69,0.13,80,0.12,185.37,392.55,34,46,20,10,19,N
21116,15,1,9,4,1,1,1,4,71.1,2.66,501.69,0.06,43,0.38,27.87,188.87,17,26,16,5,13,N
18965,1,9,0,0,5,3,3,12,17.46,16.55,4779.2,0.1,63,0.06,265.51,288.85,28,35,11,13,12,N
16253,0,1,0,0,1,1,1,0,8.3,6.0,298.97,0.02,15,0.17,16.61,49.83,3,12,2,8,0,N
21803,0,1,0,0,1,1,1,0,8.3,6.67,369.01,0.02,16,0.15,20.5,55.35,5,11,3,8,0,N
17250,0,1,0,0,1,1,1,0,5.33,1.5,12.0,0.0,4,0.67,0.67,8.0,1,3,1,3,0,N
18927,0,1,0,0,1,1,1,2,8.98,2.5,56.15,0.01,8,0.4,3.12,22.46,2,6,2,5,2,N
18710,0,1,0,0,1,1,1,0,5.33,1.5,12.0,0.0,4,0.67,0.67,8.0,1,3,1,3,0,N
19188,0,1,0,0,1,1,1,0,9.0,3.0,81.0,0.01,9,0.33,4.5,27.0,2,7,2,6,0,N
21721,0,1,0,0,1,1,1,0,11.86,3.5,145.3,0.01,12,0.29,8.07,41.51,4,8,4,7,0,N
18334,7,1,0,6,1,1,1,11,21.12,21.27,9558.4,0.15,98,0.05,531.02,449.33,36,62,11,13,11,N
15404,0,1,0,0,1,1,1,0,5.33,1.5,12.0,0.0,4,0.67,0.67,8.0,1,3,1,3,0,N
21075,1,5,0,0,3,1,3,13,12.22,9.17,1026.67,0.04,28,0.11,57.04,112.0,11,17,6,10,13,N
21014,11,3,0,0,2,2,1,11,22.86,9.75,2173.32,0.07,48,0.1,120.74,222.91,18,30,12,13,11,N
22090,2,3,5,0,2,2,1,5,13.96,6.0,502.57,0.03,22,0.17,27.92,83.76,9,13,6,8,10,N
20314,0,1,0,0,1,1,1,0,7.75,2.0,31.02,0.01,6,0.5,1.72,15.51,2,4,2,4,0,N
23526,1,1,0,4,1,1,1,4,21.67,1.8,70.2,0.01,13,0.56,3.9,39.0,6,7,5,3,4,N
20954,4,5,1,3,3,3,1,20,32.61,21.25,14723.22,0.23,133,0.05,817.96,692.86,50,83,20,17,21,N
18603,0,3,0,0,2,1,1,5,11.86,4.38,227.03,0.02,15,0.23,12.61,51.89,5,10,4,7,5,N
18746,0,5,0,1,3,1,1,10,15.82,9.29,1364.49,0.05,34,0.11,75.81,146.95,10,24,7,13,10,N
21069,1,3,1,1,2,2,1,6,8.36,9.0,677.56,0.03,21,0.11,37.64,75.28,9,12,4,8,7,N
15325,0,1,0,0,1,1,1,0,5.33,1.5,12.0,0.0,4,0.67,0.67,8.0,1,3,1,3,0,N
17447,0,1,0,0,1,1,1,0,0.0,0.0,0.0,0.0,0,0.0,0.0,0.0,0,0,0,0,0,N
16887,0,1,0,0,1,1,1,0,7.74,1.5,17.41,0.0,5,0.67,0.97,11.61,2,3,2,3,0,N
18792,0,3,1,0,2,1,1,5,19.52,4.88,464.02,0.03,25,0.21,25.78,95.18,13,12,8,6,6,N
20617,0,1,0,0,1,1,1,0,5.33,1.5,12.0,0.0,4,0.67,0.67,8.0,1,3,1,3,0,N
18931,0,1,0,0,1,1,1,2,5.33,1.5,12.0,0.0,4,0.67,0.67,8.0,1,3,1,3,2,N
21974,0,1,0,0,1,1,1,0,5.33,1.5,12.0,0.0,4,0.67,0.67,8.0,1,3,1,3,0,N
22653,0,1,0,0,1,1,1,2,5.33,1.5,12.0,0.0,4,0.67,0.67,8.0,1,3,1,3,2,N
22500,0,1,0,0,1,1,1,0,8.3,6.0,298.97,0.02,15,0.17,16.61,49.83,3,12,2,8,0,N
15150,3,7,2,0,4,3,3,17,20.92,23.68,11730.83,0.17,100,0.04,651.71,495.42,39,61,14,17,19,N
18436,0,1,0,0,1,1,1,6,17.51,5.0,437.85,0.03,23,0.2,24.32,87.57,10,13,7,7,6,N
14843,1,1,0,0,1,1,1,2,7.74,1.5,17.41,0.0,5,0.67,0.97,11.61,2,3,2,3,2,N
14322,7,17,2,6,9,5,1,35,73.85,14.67,15885.23,0.36,190,0.07,882.51,1083.08,88,102,39,13,37,N
21312,0,1,0,0,1,1,1,9,22.08,10.5,2434.85,0.08,52,0.1,135.27,231.89,21,31,11,11,9,N
17492,0,1,0,0,1,1,1,0,7.75,2.0,31.02,0.01,6,0.5,1.72,15.51,2,4,2,4,0,N
19049,0,1,0,0,1,1,1,0,5.33,1.5,12.0,0.0,4,0.67,0.67,8.0,1,3,1,3,0,N
18617,0,3,0,0,2,2,1,5,15.36,3.5,188.21,0.02,15,0.29,10.46,53.77,5,10,5,7,5,N
19638,0,1,0,0,1,1,1,0,5.33,1.5,12.0,0.0,4,0.67,0.67,8.0,1,3,1,3,0,N
22012,0,1,0,0,1,1,1,0,9.51,3.0,85.59,0.01,9,0.33,4.75,28.53,3,6,3,6,0,N
14789,0,1,0,0,1,1,1,2,7.74,1.5,17.41,0.0,5,0.67,0.97,11.61,2,3,2,3,2,N
23208,0,1,0,0,1,1,1,0,0.0,0.0,0.0,0.0,3,0.0,0.0,4.75,0,3,0,3,0,N
16121,0,1,0,0,1,1,1,0,0.0,0.0,0.0,0.0,3,0.0,0.0,4.75,0,3,0,3,0,N
20070,0,1,0,0,1,1,1,0,5.33,1.5,12.0,0.0,4,0.67,0.67,8.0,1,3,1,3,0,N
20673,0,1,0,0,1,1,1,2,5.33,1.5,12.0,0.0,4,0.67,0.67,8.0,1,3,1,3,2,N
21318,1,3,2,1,2,1,1,12,39.68,12.67,6367.15,0.17,98,0.08,353.73,502.67,38,60,21,14,14,N
18251,4,5,0,3,3,2,1,19,18.99,31.5,18845.31,0.2,114,0.03,1046.96,598.26,51,63,17,21,19,N
18882,0,1,0,0,1,1,1,0,11.86,3.5,145.3,0.01,12,0.29,8.07,41.51,4,8,4,7,0,N
23047,0,1,0,0,1,1,1,1,7.74,1.5,17.41,0.0,5,0.67,0.97,11.61,2,3,2,3,1,N
21213,1,3,3,1,2,2,1,5,16.07,4.5,325.53,0.02,19,0.22,18.08,72.34,9,10,7,7,8,N
21263,9,27,1,11,14,8,11,90,40.63,23.63,22676.04,0.32,178,0.04,1259.78,959.83,63,115,24,18,91,N
15533,0,1,0,0,1,1,1,0,0.0,0.0,0.0,0.0,3,0.0,0.0,4.75,0,3,0,3,0,N
20062,3,3,1,0,2,1,1,7,4.86,10.5,535.5,0.02,17,0.1,29.75,51.0,7,10,2,6,8,N
16073,0,1,0,0,1,1,1,0,7.74,1.5,17.41,0.0,5,0.67,0.97,11.61,2,3,2,3,0,N
22248,0,1,0,0,1,1,1,0,9.51,3.0,85.59,0.01,9,0.33,4.75,28.53,3,6,3,6,0,N
14477,0,1,0,0,1,1,1,0,5.33,1.5,12.0,0.0,4,0.67,0.67,8.0,1,3,1,3,0,N
14457,0,1,0,0,1,1,1,0,5.33,1.5,12.0,0.0,4,0.67,0.67,8.0,1,3,1,3,0,N
23015,0,3,0,0,2,2,1,4,11.99,6.67,533.03,0.03,21,0.15,29.61,79.95,10,11,6,8,4,N
23052,2,1,0,1,1,1,1,1,0.0,0.0,0.0,0.0,1,0.0,0.0,0.0,0,1,0,1,1,N
15706,0,3,0,0,2,2,1,0,7.86,2.5,49.13,0.01,7,0.4,2.73,19.65,2,5,2,5,0,N
23120,0,1,0,0,1,1,1,0,5.33,1.5,12.0,0.0,4,0.67,0.67,8.0,1,3,1,3,0,N
18857,0,3,0,0,2,2,1,0,7.86,2.5,49.13,0.01,7,0.4,2.73,19.65,2,5,2,5,0,N
23022,0,1,0,0,1,1,1,0,7.86,2.5,49.13,0.01,7,0.4,2.73,19.65,2,5,2,5,0,N
21043,4,5,0,3,3,3,1,11,28.72,3.9,436.8,0.04,28,0.26,24.27,112.0,13,15,10,6,11,N
17998,10,21,4,16,11,10,11,36,57.78,23.9,33016.0,0.46,253,0.04,1834.22,1381.24,114,139,31,13,40,N
18231,4,7,0,21,4,3,4,11,16.32,10.11,1668.32,0.05,37,0.1,92.68,165.0,14,23,9,13,11,N
21522,0,5,0,2,3,1,3,5,12.6,6.67,560.0,0.03,21,0.15,31.11,84.0,8,13,6,10,5,N
22488,0,1,0,0,1,1,1,0,0.0,0.0,0.0,0.0,0,0.0,0.0,0.0,0,0,0,0,0,N
16266,0,1,0,0,1,1,1,0,5.33,1.5,12.0,0.0,4,0.67,0.67,8.0,1,3,1,3,0,N
15088,5,5,1,0,3,3,1,17,31.45,6.36,1273.72,0.07,48,0.16,70.76,200.16,20,28,11,7,18,N
19197,0,1,0,0,1,1,1,2,13.93,1.0,13.93,0.0,6,1.0,0.77,13.93,3,3,3,2,2,N
21491,0,1,0,0,1,1,1,0,0.0,0.0,0.0,0.0,0,0.0,0.0,0.0,0,0,0,0,0,N
21482,0,1,0,0,1,1,1,0,0.0,0.0,0.0,0.0,0,0.0,0.0,0.0,0,0,0,0,0,N
16944,0,1,0,0,1,1,1,0,5.33,1.5,12.0,0.0,4,0.67,0.67,8.0,1,3,1,3,0,N
14082,0,1,0,0,1,1,1,0,0.0,0.0,0.0,0.0,1,0.0,0.0,0.0,0,1,0,1,0,N
15911,0,1,0,0,1,1,1,0,4.75,1.0,4.75,0.0,3,1.0,0.26,4.75,1,2,1,2,0,N
18877,0,1,0,0,1,1,1,0,0.0,0.0,0.0,0.0,0,0.0,0.0,0.0,0,0,0,0,0,N
14328,0,1,0,0,1,1,1,3,9.51,3.0,85.59,0.01,9,0.33,4.75,28.53,3,6,3,6,3,N
21099,0,1,0,0,1,1,1,4,28.17,5.0,704.36,0.05,37,0.2,39.13,140.87,18,19,9,5,4,N
19786,0,3,0,0,2,1,1,0,7.75,2.0,31.02,0.01,6,0.5,1.72,15.51,2,4,2,4,0,N
17397,0,1,0,0,1,1,1,0,7.74,1.5,17.41,0.0,5,0.67,0.97,11.61,2,3,2,3,0,N
21787,0,3,0,0,2,2,1,4,13.67,6.0,492.27,0.03,21,0.17,27.35,82.04,6,15,5,10,4,N
15654,0,1,0,0,1,1,1,0,5.33,1.5,12.0,0.0,4,0.67,0.67,8.0,1,3,1,3,0,N
14997,1,3,2,0,2,1,1,2,8.72,4.0,139.48,0.01,11,0.25,7.75,34.87,4,7,3,6,4,N
16852,0,1,0,0,1,1,1,0,5.33,1.5,12.0,0.0,4,0.67,0.67,8.0,1,3,1,3,0,N
21964,0,1,0,0,1,1,1,2,5.33,1.5,12.0,0.0,4,0.67,0.67,8.0,1,3,1,3,2,N
20205,0,1,0,0,1,1,1,2,8.0,1.0,8.0,0.0,4,1.0,0.44,8.0,2,2,2,2,2,N
19393,0,3,0,0,2,2,1,4,11.18,5.63,353.85,0.02,17,0.18,19.66,62.91,5,12,4,9,4,N
21385,0,1,0,0,1,1,1,9,22.08,10.5,2434.85,0.08,52,0.1,135.27,231.89,21,31,11,11,9,N
21175,15,1,0,24,1,1,1,13,74.92,2.5,468.24,0.06,42,0.4,26.01,187.3,17,25,17,5,13,Y
20115,1,5,0,0,3,3,1,13,16.4,7.07,820.29,0.04,29,0.14,45.57,116.0,11,18,7,9,13,N
17848,0,1,0,0,1,1,1,0,8.3,6.0,298.97,0.02,15,0.17,16.61,49.83,3,12,2,8,0,N
18908,0,1,0,0,1,1,1,0,7.74,1.5,17.41,0.0,5,0.67,0.97,11.61,2,3,2,3,0,N
19037,0,1,0,0,1,1,1,0,7.75,2.0,31.02,0.01,6,0.5,1.72,15.51,2,4,2,4,0,N
14612,6,13,0,6,7,5,7,32,66.91,11.92,9501.02,0.27,142,0.08,527.83,797.29,66,76,36,13,32,N
21556,0,1,0,0,1,1,1,0,8.3,6.0,298.97,0.02,15,0.17,16.61,49.83,3,12,2,8,0,N
16818,0,1,0,0,1,1,1,0,0.0,0.0,0.0,0.0,2,0.0,0.0,2.0,0,2,0,2,0,N
17792,0,1,0,0,1,1,1,0,0.0,0.0,0.0,0.0,0,0.0,0.0,0.0,0,0,0,0,0,N
20892,25,5,24,8,3,1,1,50,56.97,63.22,227673.63,1.2,652,0.02,12648.53,3601.36,289,363,32,14,74,N
18541,0,1,0,0,1,1,1,0,9.51,3.0,85.59,0.01,9,0.33,4.75,28.53,3,6,3,6,0,N
14740,3,1,1,0,1,1,1,2,16.84,1.5,37.9,0.01,9,0.67,2.11,25.27,4,5,4,3,3,N
21648,0,1,0,0,1,1,1,0,7.75,2.0,31.02,0.01,6,0.5,1.72,15.51,2,4,2,4,0,N
22622,0,1,0,0,1,1,1,0,7.75,2.0,31.02,0.01,6,0.5,1.72,15.51,2,4,2,4,0,N
19136,0,3,0,0,2,1,1,0,0.0,0.0,0.0,0.0,0,0.0,0.0,0.0,0,0,0,0,0,N
15426,0,1,0,0,1,1,1,0,5.33,1.5,12.0,0.0,4,0.67,0.67,8.0,1,3,1,3,0,N
21187,0,1,0,0,1,1,1,0,0.0,0.0,0.0,0.0,0,0.0,0.0,0.0,0,0,0,0,0,N
23324,0,3,0,0,2,2,1,0,9.32,5.0,233.02,0.02,13,0.2,12.95,46.6,5,8,4,8,0,N
22735,0,1,0,0,1,1,1,0,5.33,1.5,12.0,0.0,4,0.67,0.67,8.0,1,3,1,3,0,N
16776,0,1,0,0,1,1,1,0,5.33,1.5,12.0,0.0,4,0.67,0.67,8.0,1,3,1,3,0,N
17403,2,5,0,1,3,2,1,23,19.78,20.04,7940.87,0.13,80,0.05,441.16,396.34,33,47,14,17,23,N
22126,0,1,0,0,1,1,1,0,6.55,3.0,58.95,0.01,7,0.33,3.28,19.65,1,6,1,6,0,N
17657,0,3,0,0,2,2,1,0,0.0,0.0,0.0,0.0,0,0.0,0.0,0.0,0,0,0,0,0,N
23009,0,1,0,0,1,1,1,4,9.47,2.67,67.38,0.01,9,0.38,3.74,25.27,4,5,3,4,4,N
19718,0,1,0,0,1,1,1,0,7.75,2.0,31.02,0.01,6,0.5,1.72,15.51,2,4,2,4,0,N
17449,0,3,0,0,2,1,1,0,0.0,0.0,0.0,0.0,0,0.0,0.0,0.0,0,0,0,0,0,N
15329,0,1,0,0,1,1,1,0,5.33,1.5,12.0,0.0,4,0.67,0.67,8.0,1,3,1,3,0,N
20263,0,1,0,0,1,1,1,0,5.8,2.0,23.22,0.0,5,0.5,1.29,11.61,1,4,1,4,0,N
19421,0,3,0,0,2,2,1,9,10.0,4.5,202.5,0.02,15,0.22,11.25,45.0,3,12,2,6,9,N
18248,3,5,0,3,3,3,1,19,18.24,22.91,9574.79,0.14,90,0.04,531.93,417.95,36,54,11,14,19,N
18983,0,1,0,0,1,1,1,0,7.75,2.0,31.02,0.01,6,0.5,1.72,15.51,2,4,2,4,0,N
15925,0,1,0,0,1,1,1,0,7.74,1.5,17.41,0.0,5,0.67,0.97,11.61,2,3,2,3,0,N
20389,0,1,0,0,1,1,1,0,7.86,2.5,49.13,0.01,7,0.4,2.73,19.65,2,5,2,5,0,N
23400,0,1,0,0,1,1,1,0,7.75,2.0,31.02,0.01,6,0.5,1.72,15.51,2,4,2,4,0,N
16178,0,1,0,0,1,1,1,0,5.8,2.0,23.22,0.0,5,0.5,1.29,11.61,1,4,1,4,0,N
14206,7,1,5,6,1,1,1,14,46.18,8.5,3336.69,0.13,80,0.12,185.37,392.55,34,46,20,10,19,N
19102,0,3,0,0,2,2,1,4,11.99,6.67,533.03,0.03,21,0.15,29.61,79.95,10,11,6,8,4,N
15001,1,3,2,0,2,1,1,2,8.72,4.0,139.48,0.01,11,0.25,7.75,34.87,4,7,3,6,4,N
14896,0,1,0,0,1,1,1,2,7.74,1.5,17.41,0.0,5,0.67,0.97,11.61,2,3,2,3,2,N
21649,0,1,0,0,1,1,1,0,7.75,2.0,31.02,0.01,6,0.5,1.72,15.51,2,4,2,4,0,N
15604,0,1,0,0,1,1,1,0,0.0,0.0,0.0,0.0,2,0.0,0.0,2.0,0,2,0,2,0,N
15287,0,1,0,0,1,1,1,0,5.33,1.5,12.0,0.0,4,0.67,0.67,8.0,1,3,1,3,0,N
14577,0,1,0,0,1,1,1,0,11.23,2.0,44.92,0.01,8,0.5,2.5,22.46,3,5,3,4,0,N
20603,0,1,0,0,1,1,1,0,8.3,6.0,298.97,0.02,15,0.17,16.61,49.83,3,12,2,8,0,N
17145,0,3,0,0,2,1,1,0,0.0,0.0,0.0,0.0,0,0.0,0.0,0.0,0,0,0,0,0,N
22720,13,27,5,19,14,10,9,87,55.77,42.89,102612.33,0.8,389,0.02,5700.68,2392.25,168,221,47,24,92,N
20692,0,1,0,0,1,1,1,0,0.0,0.0,0.0,0.0,3,0.0,0.0,4.75,0,3,0,3,0,N
17782,0,1,0,0,1,1,1,0,0.0,0.0,0.0,0.0,3,0.0,0.0,4.75,0,3,0,3,0,N
18922,0,1,0,0,1,1,1,0,7.75,2.0,31.02,0.01,6,0.5,1.72,15.51,2,4,2,4,0,N
18821,7,3,0,2,2,2,1,10,11.68,12.0,1682.18,0.05,33,0.08,93.45,140.18,14,19,7,12,10,N
18341,15,1,0,90,1,1,1,24,55.09,23.9,31458.99,0.44,237,0.04,1747.72,1316.44,125,112,34,13,24,N
23423,0,1,0,0,1,1,1,0,5.33,1.5,12.0,0.0,4,0.67,0.67,8.0,1,3,1,3,0,N
22978,2,1,0,0,1,1,1,7,19.72,7.88,1223.17,0.05,38,0.13,67.95,155.32,14,24,8,9,7,N
18259,1,1,0,0,1,1,1,9,42.67,3.56,539.44,0.05,41,0.28,29.97,151.72,16,25,9,4,9,N
19374,0,3,0,0,2,2,1,0,7.86,2.5,49.13,0.01,7,0.4,2.73,19.65,2,5,2,5,0,N
16996,0,1,0,0,1,1,1,2,7.81,9.0,632.78,0.02,19,0.11,35.15,70.31,8,11,4,9,2,N
20661,0,1,0,0,1,1,1,0,7.75,2.0,31.02,0.01,6,0.5,1.72,15.51,2,4,2,4,0,N
15883,0,1,0,0,1,1,1,0,5.33,1.5,12.0,0.0,4,0.67,0.67,8.0,1,3,1,3,0,N
17559,7,3,0,0,2,2,1,7,7.35,8.0,470.48,0.02,17,0.13,26.14,58.81,6,11,3,8,7,N
21492,0,1,0,0,1,1,1,0,7.33,4.5,148.5,0.01,11,0.22,8.25,33.0,3,8,2,6,0,N
17214,0,3,0,0,2,2,1,6,7.4,6.0,266.27,0.01,14,0.17,14.79,44.38,6,8,3,6,6,N
15397,0,1,0,0,1,1,1,0,7.74,1.5,17.41,0.0,5,0.67,0.97,11.61,2,3,2,3,0,N
18385,5,3,8,1,2,1,1,8,25.45,12.6,4039.9,0.11,66,0.08,224.44,320.63,27,39,15,14,16,N
21567,0,1,0,0,1,1,1,0,5.33,1.5,12.0,0.0,4,0.67,0.67,8.0,1,3,1,3,0,N
22775,1,5,0,0,3,3,1,13,16.4,7.07,820.29,0.04,29,0.14,45.57,116.0,11,18,7,9,13,N
22764,0,1,0,0,1,1,1,4,10.24,7.0,501.89,0.02,20,0.14,27.88,71.7,7,13,4,8,4,N
23068,0,1,0,0,1,1,1,0,0.0,0.0,0.0,0.0,0,0.0,0.0,0.0,0,0,0,0,0,N
19614,0,1,0,0,1,1,1,0,5.33,1.5,12.0,0.0,4,0.67,0.67,8.0,1,3,1,3,0,N
20245,0,1,0,0,1,1,1,3,18.27,2.0,73.08,0.01,11,0.5,4.05,36.54,6,5,6,4,3,N
15613,0,1,0,0,1,1,1,0,7.74,1.5,17.41,0.0,5,0.67,0.97,11.61,2,3,2,3,0,N
16754,0,1,0,0,1,1,1,0,7.74,1.5,17.41,0.0,5,0.67,0.97,11.61,2,3,2,3,0,N
23427,0,1,0,0,1,1,1,3,12.0,2.5,75.0,0.01,10,0.4,4.17,30.0,3,7,3,5,3,N
20386,0,3,0,0,2,2,1,4,11.99,6.67,533.03,0.03,21,0.15,29.61,79.95,10,11,6,8,4,N
15264,0,1,0,0,1,1,1,0,5.33,1.5,12.0,0.0,4,0.67,0.67,8.0,1,3,1,3,0,N
19366,1,5,0,0,3,3,1,13,17.24,7.5,969.51,0.04,31,0.13,53.86,129.27,12,19,8,10,13,N
15615,0,1,0,0,1,1,1,0,7.74,1.5,17.41,0.0,5,0.67,0.97,11.61,2,3,2,3,0,N
21129,18,1,15,10,1,1,1,9,116.97,4.03,1903.85,0.16,92,0.25,105.77,471.89,39,53,29,6,24,N
16612,14,1,2,4,1,1,1,36,96.51,10.29,10209.86,0.33,192,0.1,567.21,992.63,72,120,28,8,38,N
15026,0,1,1,0,1,1,1,1,7.74,1.5,17.41,0.0,5,0.67,0.97,11.61,2,3,2,3,2,N
21314,0,1,0,0,1,1,1,7,24.54,6.75,1118.27,0.06,39,0.15,62.13,165.67,15,24,10,9,7,N
20804,4,27,0,17,14,7,7,46,41.77,50.94,108403.19,0.71,381,0.02,6022.4,2127.87,131,250,27,21,46,N
18919,0,1,0,0,1,1,1,0,5.8,2.0,23.22,0.0,5,0.5,1.29,11.61,1,4,1,4,0,N
20874,4,35,3,14,1,1,1,57,36.94,52.98,103685.35,0.65,345,0.02,5760.3,1956.99,129,216,28,23,60,N
22083,2,3,5,0,2,2,1,5,13.96,6.0,502.57,0.03,22,0.17,27.92,83.76,9,13,6,8,10,N
18403,0,1,0,0,1,1,1,3,10.8,2.5,67.5,0.01,9,0.4,3.75,27.0,3,6,3,5,3,N
22997,0,1,0,0,1,1,1,0,8.3,6.67,369.01,0.02,16,0.15,20.5,55.35,5,11,3,8,0,N
19407,0,1,0,0,1,1,1,0,7.75,2.0,31.02,0.01,6,0.5,1.72,15.51,2,4,2,4,0,N
21403,3,5,1,0,3,2,1,10,32.97,9.33,2872.4,0.1,60,0.11,159.58,307.76,28,32,21,14,11,N
18802,32,52,2,108,1,1,1,146,102.5,61.98,393734.55,2.12,909,0.02,21874.14,6352.71,368,541,95,32,148,Y
20614,0,1,0,0,1,1,1,0,5.33,1.5,12.0,0.0,4,0.67,0.67,8.0,1,3,1,3,0,N
19378,0,1,0,0,1,1,1,2,13.5,2.0,54.0,0.01,9,0.5,3.0,27.0,4,5,4,4,2,N
19234,1,9,0,0,5,3,3,12,17.46,16.55,4779.2,0.1,63,0.06,265.51,288.85,28,35,11,13,12,N
21933,0,1,0,0,1,1,1,0,12.18,3.0,109.62,0.01,11,0.33,6.09,36.54,4,7,4,6,0,N
16229,0,1,0,0,1,1,1,0,7.75,2.0,31.02,0.01,6,0.5,1.72,15.51,2,4,2,4,0,N
15135,6,11,13,2,6,4,4,11,43.15,6.37,1749.95,0.09,56,0.16,97.22,274.79,22,34,19,11,24,N
15240,42,1,38,75,1,1,1,5,142.01,9.77,13558.89,0.46,259,0.1,753.27,1387.61,114,145,35,6,43,N
17709,0,1,0,0,1,1,1,2,5.33,1.5,12.0,0.0,4,0.67,0.67,8.0,1,3,1,3,2,N
21724,0,1,0,0,1,1,1,0,0.0,0.0,0.0,0.0,0,0.0,0.0,0.0,0,0,0,0,0,N
19661,0,1,0,0,1,1,1,0,5.33,1.5,12.0,0.0,4,0.67,0.67,8.0,1,3,1,3,0,N
21265,7,15,0,8,8,3,4,37,21.56,24.07,12488.7,0.17,102,0.04,693.82,518.91,38,64,15,19,37,N
18564,0,3,0,0,2,2,1,0,9.32,5.0,233.02,0.02,13,0.2,12.95,46.6,5,8,4,8,0,N
21339,0,1,0,0,1,1,1,8,26.41,8.18,1768.06,0.07,50,0.12,98.23,216.1,20,30,11,9,8,N
19053,0,1,0,0,1,1,1,0,5.33,1.5,12.0,0.0,4,0.67,0.67,8.0,1,3,1,3,0,N
22408,6,27,0,16,18,15,1,57,48.02,43.19,89587.64,0.69,333,0.02,4977.09,2074.19,145,188,47,28,57,N
23492,0,5,0,0,3,2,1,0,0.0,0.0,0.0,0.0,0,0.0,0.0,0.0,0,0,0,0,0,N
19019,0,1,0,0,1,1,1,0,12.68,2.5,79.25,0.01,10,0.4,4.4,31.7,4,6,4,5,0,N
16855,0,1,0,0,1,1,1,0,5.33,1.5,12.0,0.0,4,0.67,0.67,8.0,1,3,1,3,0,N
14790,7,6,8,1,5,5,1,13,28.95,10.78,3364.98,0.1,63,0.09,186.94,312.11,23,40,16,15,21,N
16575,2,3,2,0,2,1,1,9,12.13,11.0,1467.81,0.04,32,0.09,81.55,133.44,11,21,6,12,11,N
18433,0,3,0,0,2,2,1,0,6.69,7.5,376.42,0.02,14,0.13,20.91,50.19,5,9,3,9,0,N
18244,6,5,1,7,3,3,1,14,36.11,11.56,4827.88,0.14,79,0.09,268.22,417.55,37,42,24,15,15,N
22155,0,1,0,0,1,1,1,0,0.0,0.0,0.0,0.0,2,0.0,0.0,2.0,0,2,0,2,0,N
23311,2,5,0,1,3,2,1,23,19.78,20.04,7940.87,0.13,80,0.05,441.16,396.34,33,47,14,17,23,N
14468,0,1,0,0,1,1,1,0,5.33,1.5,12.0,0.0,4,0.67,0.67,8.0,1,3,1,3,0,N
21259,2,3,0,2,2,2,1,8,9.47,12.38,1450.43,0.04,30,0.08,80.58,117.21,9,21,4,11,8,N
23371,0,1,0,0,1,1,1,0,9.6,2.5,60.0,0.01,8,0.4,3.33,24.0,3,5,3,5,0,N
18565,0,1,0,0,1,1,1,6,17.51,5.0,437.85,0.03,23,0.2,24.32,87.57,10,13,7,7,6,N
15438,0,1,0,0,1,1,1,0,7.74,1.5,17.41,0.0,5,0.67,0.97,11.61,2,3,2,3,0,N
23091,0,3,0,0,2,1,1,0,0.0,0.0,0.0,0.0,0,0.0,0.0,0.0,0,0,0,0,0,N
22860,0,1,0,0,1,1,1,3,9.51,3.0,85.59,0.01,9,0.33,4.75,28.53,3,6,3,6,3,N
19990,1,11,0,0,1,1,1,36,46.81,15.83,11734.74,0.25,132,0.06,651.93,741.14,50,82,30,19,36,N
19041,0,1,0,0,1,1,1,2,5.33,1.5,12.0,0.0,4,0.67,0.67,8.0,1,3,1,3,2,N
16987,0,1,0,0,1,1,1,0,5.33,1.5,12.0,0.0,4,0.67,0.67,8.0,1,3,1,3,0,N
19717,0,1,0,0,1,1,1,0,7.75,2.0,31.02,0.01,6,0.5,1.72,15.51,2,4,2,4,0,N
17839,0,1,0,0,1,1,1,0,7.75,2.0,31.02,0.01,6,0.5,1.72,15.51,2,4,2,4,0,N
17513,0,1,0,0,1,1,1,0,6.55,3.0,58.95,0.01,7,0.33,3.28,19.65,1,6,1,6,0,N
21430,1,1,1,1,1,1,1,5,15.99,5.0,399.77,0.03,21,0.2,22.21,79.95,10,11,7,7,6,N
20879,2,1,0,2,1,1,1,4,12.55,4.5,254.13,0.02,17,0.22,14.12,56.47,6,11,4,6,4,N
16216,0,1,0,0,1,1,1,0,6.86,3.5,84.0,0.01,8,0.29,4.67,24.0,1,7,1,7,0,N
19177,0,1,0,0,1,1,1,0,7.86,2.5,49.13,0.01,7,0.4,2.73,19.65,2,5,2,5,0,N
19146,0,1,0,0,1,1,1,0,8.3,6.0,298.97,0.02,15,0.17,16.61,49.83,3,12,2,8,0,N
15644,0,1,0,0,1,1,1,0,7.74,1.5,17.41,0.0,5,0.67,0.97,11.61,2,3,2,3,0,N
18152,0,1,0,0,1,1,1,0,9.51,3.0,85.59,0.01,9,0.33,4.75,28.53,3,6,3,6,0,N
15195,0,1,0,0,1,1,1,5,21.25,2.4,122.4,0.02,17,0.42,6.8,51.0,8,9,5,3,5,N
16859,0,1,0,0,1,1,1,0,5.33,1.5,12.0,0.0,4,0.67,0.67,8.0,1,3,1,3,0,N
17040,0,1,0,0,1,1,1,0,5.33,1.5,12.0,0.0,4,0.67,0.67,8.0,1,3,1,3,0,N
16577,2,3,2,0,2,1,1,9,12.13,11.0,1467.81,0.04,32,0.09,81.55,133.44,11,21,6,12,11,N
20061,2,1,2,0,1,1,1,2,8.43,5.33,239.85,0.01,13,0.19,13.33,44.97,4,9,3,8,4,N
22940,7,1,0,7,1,1,1,4,17.17,2.4,98.9,0.01,13,0.42,5.49,41.21,6,7,5,4,4,N
21237,0,3,0,0,2,1,1,17,9.69,23.38,5296.77,0.08,58,0.04,294.26,226.6,17,41,4,11,17,N
14801,0,1,0,0,1,1,1,2,7.74,1.5,17.41,0.0,5,0.67,0.97,11.61,2,3,2,3,2,N
21660,0,1,0,0,1,1,1,3,12.0,2.5,75.0,0.01,10,0.4,4.17,30.0,3,7,3,5,3,N
21616,0,1,0,0,1,1,1,0,0.0,0.0,0.0,0.0,0,0.0,0.0,0.0,0,0,0,0,0,N
14485,5,17,6,4,9,9,5,34,74.55,14.83,16403.02,0.37,198,0.07,911.28,1105.82,89,109,36,12,40,N
19818,0,1,0,0,1,1,1,2,10.57,3.0,95.1,0.01,10,0.33,5.28,31.7,3,7,3,6,2,N
21741,0,1,0,0,1,1,1,0,7.75,2.0,31.02,0.01,6,0.5,1.72,15.51,2,4,2,4,0,N
14898,2,5,4,0,3,2,1,6,15.23,7.94,961.39,0.04,28,0.13,53.41,121.01,13,15,9,11,10,N
17340,0,1,0,0,1,1,1,0,6.86,3.5,84.0,0.01,8,0.29,4.67,24.0,1,7,1,7,0,N
18047,0,3,0,0,2,2,1,4,21.5,7.15,1099.18,0.05,35,0.14,61.07,153.73,13,22,10,11,4,N
22881,2,17,0,0,9,7,3,19,33.91,15.58,8230.61,0.18,103,0.06,457.26,528.32,37,66,19,16,19,N
22379,0,1,0,0,1,1,1,0,5.33,1.5,12.0,0.0,4,0.67,0.67,8.0,1,3,1,3,0,N
14490,0,1,0,0,1,1,1,0,7.75,2.0,31.02,0.01,6,0.5,1.72,15.51,2,4,2,4,0,N
20821,1,7,0,2,1,1,1,10,24.11,14.64,5165.66,0.12,76,0.07,286.98,352.93,23,53,11,14,10,N
23040,0,1,0,0,1,1,1,0,7.75,2.0,31.02,0.01,6,0.5,1.72,15.51,2,4,2,4,0,N
16155,1,5,0,3,3,3,1,19,19.07,10.91,2270.01,0.07,46,0.09,126.11,208.08,20,26,11,12,19,N
23018,0,1,0,0,1,1,1,0,7.86,2.5,49.13,0.01,7,0.4,2.73,19.65,2,5,2,5,0,N
17446,0,1,0,0,1,1,1,0,0.0,0.0,0.0,0.0,0,0.0,0.0,0.0,0,0,0,0,0,N
19799,0,1,0,0,1,1,1,3,12.0,2.5,75.0,0.01,10,0.4,4.17,30.0,3,7,3,5,3,N
18180,2,3,7,2,2,2,1,8,26.22,13.6,4849.99,0.12,75,0.07,269.44,356.62,34,41,15,12,15,N
18453,0,9,0,0,5,1,1,18,6.16,28.5,5006.4,0.06,49,0.04,278.13,175.66,19,30,3,9,18,N
21796,0,3,0,0,2,2,1,4,21.5,7.15,1099.18,0.05,35,0.14,61.07,153.73,13,22,10,11,4,N
15139,0,1,1,0,1,1,1,2,11.23,2.0,44.92,0.01,8,0.5,2.5,22.46,3,5,3,4,3,N
17986,11,21,11,16,11,10,11,38,68.12,26.54,47985.65,0.6,322,0.04,2665.87,1807.94,147,175,36,13,49,N
19609,0,1,0,0,1,1,1,0,5.33,1.5,12.0,0.0,4,0.67,0.67,8.0,1,3,1,3,0,N
22075,2,3,5,0,2,2,1,5,13.96,6.0,502.57,0.03,22,0.17,27.92,83.76,9,13,6,8,10,N
19460,0,1,0,0,1,1,1,2,5.33,1.5,12.0,0.0,4,0.67,0.67,8.0,1,3,1,3,2,N
19805,0,1,0,0,1,1,1,0,5.33,1.5,12.0,0.0,4,0.67,0.67,8.0,1,3,1,3,0,N
16811,0,1,0,0,1,1,1,0,9.51,3.0,85.59,0.01,9,0.33,4.75,28.53,3,6,3,6,0,N
19125,0,1,0,0,1,1,1,0,10.68,4.67,232.53,0.02,15,0.21,12.92,49.83,4,11,3,7,0,N
18073,0,1,0,0,1,1,1,0,7.75,2.0,31.02,0.01,6,0.5,1.72,15.51,2,4,2,4,0,N
16500,0,1,0,0,1,1,1,0,7.74,1.5,17.41,0.0,5,0.67,0.97,11.61,2,3,2,3,0,N
20906,38,11,19,12,1,1,1,71,42.96,127.76,701291.3,1.83,937,0.01,38960.63,5488.93,362,575,34,24,90,N
15760,0,1,0,0,1,1,1,0,5.33,1.5,12.0,0.0,4,0.67,0.67,8.0,1,3,1,3,0,N
14924,2,5,4,0,3,3,1,14,28.47,5.6,892.7,0.05,39,0.18,49.59,159.41,16,23,10,7,18,N
20376,2,13,1,8,7,6,6,54,25.11,40.0,40181.42,0.33,184,0.03,2232.3,1004.54,80,104,22,22,55,N
19951,0,1,0,0,1,1,1,0,7.75,2.0,31.02,0.01,6,0.5,1.72,15.51,2,4,2,4,0,N
22600,2,1,0,1,1,1,1,1,0.0,0.0,0.0,0.0,1,0.0,0.0,0.0,0,1,0,1,1,N
16912,0,1,0,0,1,1,1,0,7.74,1.5,17.41,0.0,5,0.67,0.97,11.61,2,3,2,3,0,N
18684,0,1,0,0,1,1,1,0,5.33,1.5,12.0,0.0,4,0.67,0.67,8.0,1,3,1,3,0,N
16562,7,5,3,3,3,1,1,12,16.68,13.36,2978.82,0.07,48,0.07,165.49,222.91,21,27,11,14,15,N
20978,0,1,0,0,1,1,1,2,7.86,2.5,49.13,0.01,7,0.4,2.73,19.65,2,5,2,5,2,N
21463,2,7,0,0,4,2,3,11,12.35,16.0,3162.47,0.07,45,0.06,175.69,197.65,16,29,7,14,11,N
16922,0,1,0,0,1,1,1,0,5.33,1.5,12.0,0.0,4,0.67,0.67,8.0,1,3,1,3,0,N
20738,2,11,0,0,6,1,1,14,17.97,17.6,5565.94,0.11,72,0.06,309.22,316.25,32,40,10,11,14,N
19954,0,1,0,0,1,1,1,0,7.75,2.0,31.02,0.01,6,0.5,1.72,15.51,2,4,2,4,0,N
18525,0,1,0,0,1,1,1,3,12.0,2.5,75.0,0.01,10,0.4,4.17,30.0,3,7,3,5,3,N
21494,0,1,0,0,1,1,1,0,9.6,2.5,60.0,0.01,8,0.4,3.33,24.0,3,5,3,5,0,N
20557,2,1,0,1,1,1,1,1,0.0,0.0,0.0,0.0,1,0.0,0.0,0.0,0,1,0,1,1,N
16552,0,7,0,0,4,3,1,6,14.76,4.5,298.97,0.02,20,0.22,16.61,66.44,9,11,5,5,6,N
20690,0,1,0,0,1,1,1,0,5.33,1.5,12.0,0.0,4,0.67,0.67,8.0,1,3,1,3,0,N
16214,0,1,0,0,1,1,1,0,9.6,2.5,60.0,0.01,8,0.4,3.33,24.0,3,5,3,5,0,N
19261,0,1,0,0,1,1,1,0,10.68,4.67,232.53,0.02,15,0.21,12.92,49.83,4,11,3,7,0,N
16817,0,1,0,0,1,1,1,0,0.0,0.0,0.0,0.0,3,0.0,0.0,4.75,0,3,0,3,0,N
21326,0,1,0,0,1,1,1,8,31.94,8.25,2174.2,0.09,60,0.12,120.79,263.54,22,38,12,9,8,N
17579,6,3,0,0,2,2,1,4,9.08,5.33,258.3,0.02,14,0.19,14.35,48.43,4,10,3,8,4,N
15752,0,1,0,0,1,1,1,0,0.0,0.0,0.0,0.0,1,0.0,0.0,0.0,0,1,0,1,0,N
18322,3,3,0,0,2,2,1,8,16.97,7.07,848.57,0.04,30,0.14,47.14,120.0,11,19,7,9,8,N
17220,0,1,0,0,1,1,1,0,5.33,1.5,12.0,0.0,4,0.67,0.67,8.0,1,3,1,3,0,N
22203,0,1,0,0,1,1,1,0,7.75,2.0,31.02,0.01,6,0.5,1.72,15.51,2,4,2,4,0,N
21077,2,3,0,0,2,1,1,9,8.51,8.0,544.91,0.02,19,0.13,30.27,68.11,8,11,4,8,9,N
14653,3,1,0,0,1,1,1,2,7.74,1.5,17.41,0.0,5,0.67,0.97,11.61,2,3,2,3,2,N
18143,0,1,0,0,1,1,1,2,5.33,1.5,12.0,0.0,4,0.67,0.67,8.0,1,3,1,3,2,N
17416,0,1,0,0,1,1,1,6,17.51,5.0,437.85,0.03,23,0.2,24.32,87.57,10,13,7,7,6,N
21477,0,1,0,0,1,1,1,0,7.75,2.0,31.02,0.01,6,0.5,1.72,15.51,2,4,2,4,0,N
17745,0,1,0,0,1,1,1,0,6.55,3.0,58.95,0.01,7,0.33,3.28,19.65,1,6,1,6,0,N
14632,1,7,0,2,4,3,1,13,23.37,9.45,2087.42,0.07,52,0.11,115.97,220.89,21,31,10,9,13,N
19310,0,1,0,0,1,1,1,0,12.18,3.0,109.62,0.01,11,0.33,6.09,36.54,4,7,4,6,0,N
21878,0,1,0,0,1,1,1,0,11.86,3.5,145.3,0.01,12,0.29,8.07,41.51,4,8,4,7,0,N
14585,0,1,0,0,1,1,1,0,7.74,1.5,17.41,0.0,5,0.67,0.97,11.61,2,3,2,3,0,N
15154,0,1,0,0,1,1,1,0,5.33,1.5,12.0,0.0,4,0.67,0.67,8.0,1,3,1,3,0,N
15737,0,1,0,0,1,1,1,0,5.33,1.5,12.0,0.0,4,0.67,0.67,8.0,1,3,1,3,0,N
16004,0,3,0,0,2,2,1,3,8.1,3.33,90.0,0.01,9,0.3,5.0,27.0,4,5,3,5,3,N
23222,0,1,0,0,1,1,1,0,7.74,1.5,17.41,0.0,5,0.67,0.97,11.61,2,3,2,3,0,N
15223,42,1,38,75,1,1,1,5,142.01,9.77,13558.89,0.46,259,0.1,753.27,1387.61,114,145,35,6,43,N
16911,0,1,0,0,1,1,1,0,7.74,1.5,17.41,0.0,5,0.67,0.97,11.61,2,3,2,3,0,N
20022,2,1,0,0,1,1,1,2,13.77,4.38,263.5,0.02,19,0.23,14.64,60.23,7,12,4,5,2,N
22381,0,1,0,0,1,1,1,3,6.89,3.0,62.04,0.01,8,0.33,3.45,20.68,3,5,2,4,3,N
23005,1,3,0,2,2,2,1,12,16.67,8.56,1220.22,0.05,33,0.12,67.79,142.62,14,19,9,11,12,N
19250,0,1,0,0,1,1,1,0,7.75,2.0,31.02,0.01,6,0.5,1.72,15.51,2,4,2,4,0,N
14903,1,1,1,0,1,1,1,2,15.0,2.0,60.0,0.01,10,0.5,3.33,30.0,4,6,4,4,3,N
22384,0,1,0,0,1,1,1,0,9.0,3.0,81.0,0.01,9,0.33,4.5,27.0,2,7,2,6,0,N
18825,4,1,0,0,1,1,1,2,8.3,4.0,132.88,0.01,10,0.25,7.38,33.22,2,8,2,8,2,N
23275,2,1,0,0,1,1,1,1,0.0,0.0,0.0,0.0,1,0.0,0.0,0.0,0,1,0,1,1,N
14708,3,1,0,0,1,1,1,2,7.74,1.5,17.41,0.0,5,0.67,0.97,11.61,2,3,2,3,2,N
18538,0,1,0,0,1,1,1,0,8.3,6.0,298.97,0.02,15,0.17,16.61,49.83,3,12,2,8,0,N
20872,1,1,0,2,1,1,1,4,12.63,3.33,140.37,0.01,15,0.3,7.8,42.11,5,10,3,4,4,N
22060,5,5,6,0,3,3,1,8,30.59,3.75,430.18,0.04,31,0.27,23.9,114.71,12,19,8,5,14,N
21152,3,1,0,3,1,1,1,2,0.0,0.0,0.0,0.0,3,0.0,0.0,4.75,0,3,0,3,2,N
21039,6,5,0,2,3,2,1,21,55.05,8.2,3701.29,0.15,88,0.12,205.63,451.38,41,47,25,10,21,N
18215,14,7,0,23,4,4,1,41,28.38,51.4,74995.63,0.49,278,0.02,4166.42,1458.92,127,151,21,17,41,N
21100,0,1,0,0,1,1,1,4,28.17,5.0,704.36,0.05,37,0.2,39.13,140.87,18,19,9,5,4,N
14949,0,1,0,0,1,1,1,2,7.74,1.5,17.41,0.0,5,0.67,0.97,11.61,2,3,2,3,2,N
18942,0,1,0,0,1,1,1,0,5.33,1.5,12.0,0.0,4,0.67,0.67,8.0,1,3,1,3,0,N
19388,0,1,0,0,1,1,1,0,9.31,2.5,58.16,0.01,9,0.4,3.23,23.26,1,8,1,5,0,N
19295,0,1,0,0,1,1,1,0,7.75,2.0,31.02,0.01,6,0.5,1.72,15.51,2,4,2,4,0,N
14077,0,1,0,0,1,1,1,0,0.0,0.0,0.0,0.0,1,0.0,0.0,0.0,0,1,0,1,0,N
17124,2,3,0,0,2,1,1,7,14.12,9.63,1308.36,0.05,32,0.1,72.69,135.93,14,18,8,11,7,N
19764,0,1,0,0,1,1,1,3,9.51,3.0,85.59,0.01,9,0.33,4.75,28.53,3,6,3,6,3,N
17197,20,23,3,48,12,5,6,50,20.4,43.71,38982.45,0.3,180,0.02,2165.69,891.76,72,108,14,17,53,N
16564,6,5,8,1,3,2,1,8,23.2,14.23,4699.28,0.11,73,0.07,261.07,330.22,37,36,13,10,16,N
17927,0,1,0,0,1,1,1,2,5.33,1.5,12.0,0.0,4,0.67,0.67,8.0,1,3,1,3,2,N
18850,0,3,0,0,2,2,1,4,11.99,6.67,533.03,0.03,21,0.15,29.61,79.95,10,11,6,8,4,N
21582,1,9,0,0,5,3,3,12,17.46,16.55,4779.2,0.1,63,0.06,265.51,288.85,28,35,11,13,12,N
20530,0,1,0,0,1,1,1,0,6.55,3.0,58.95,0.01,7,0.33,3.28,19.65,1,6,1,6,0,N
20366,0,1,0,0,1,1,1,0,9.51,3.0,85.59,0.01,9,0.33,4.75,28.53,3,6,3,6,0,N
15221,42,1,38,75,1,1,1,5,142.01,9.77,13558.89,0.46,259,0.1,753.27,1387.61,114,145,35,6,43,N
14647,16,10,22,13,7,7,1,21,28.4,22.92,14912.49,0.22,129,0.04,828.47,650.73,55,74,18,15,43,Y
17842,0,1,0,0,1,1,1,0,7.75,2.0,31.02,0.01,6,0.5,1.72,15.51,2,4,2,4,0,N
18219,17,7,0,21,4,4,1,44,33.53,50.43,85301.8,0.56,320,0.02,4738.99,1691.33,145,175,23,16,44,N
14926,0,1,0,0,1,1,1,2,7.74,1.5,17.41,0.0,5,0.67,0.97,11.61,2,3,2,3,2,N
19992,0,3,0,0,1,1,1,0,0.0,0.0,0.0,0.0,0,0.0,0.0,0.0,0,0,0,0,0,N
20687,0,1,0,0,1,1,1,2,5.33,1.5,12.0,0.0,4,0.67,0.67,8.0,1,3,1,3,2,N
20075,0,1,0,0,1,1,1,0,5.33,1.5,12.0,0.0,4,0.67,0.67,8.0,1,3,1,3,0,N
18568,2,7,0,0,4,2,3,11,12.35,16.0,3162.47,0.07,45,0.06,175.69,197.65,16,29,7,14,11,N
22246,0,1,0,0,1,1,1,0,7.74,1.5,17.41,0.0,5,0.67,0.97,11.61,2,3,2,3,0,N
20728,16,37,4,15,24,7,9,102,51.95,61.33,195431.3,1.06,485,0.02,10857.29,3186.38,184,301,57,38,106,N
16441,0,1,0,0,1,1,1,0,5.33,1.5,12.0,0.0,4,0.67,0.67,8.0,1,3,1,3,0,N
18853,0,1,0,0,1,1,1,0,7.86,2.5,49.13,0.01,7,0.4,2.73,19.65,2,5,2,5,0,N
22065,5,5,6,0,3,3,1,8,30.59,3.75,430.18,0.04,31,0.27,23.9,114.71,12,19,8,5,14,N
17023,0,1,0,0,1,1,1,0,5.33,1.5,12.0,0.0,4,0.67,0.67,8.0,1,3,1,3,0,N
19698,1,3,0,2,2,2,1,12,14.73,8.94,1176.94,0.04,31,0.11,65.39,131.69,13,18,8,11,12,N
21044,1,1,6,0,1,1,1,3,28.59,3.5,350.27,0.03,24,0.29,19.46,100.08,11,13,11,7,9,N
22789,0,1,0,0,1,1,1,0,7.75,2.0,31.02,0.01,6,0.5,1.72,15.51,2,4,2,4,0,N
15914,0,1,0,0,1,1,1,0,7.74,1.5,17.41,0.0,5,0.67,0.97,11.61,2,3,2,3,0,N
20059,2,1,2,0,1,1,1,2,8.43,5.33,239.85,0.01,13,0.19,13.33,44.97,4,9,3,8,4,N
14610,11,23,4,18,12,10,11,40,62.52,23.8,35411.97,0.5,265,0.04,1967.33,1487.9,119,146,35,14,44,N
16879,0,1,0,0,1,1,1,0,0.0,0.0,0.0,0.0,2,0.0,0.0,2.0,0,2,0,2,0,N
19874,0,1,0,0,1,1,1,0,6.55,3.0,58.95,0.01,7,0.33,3.28,19.65,1,6,1,6,0,N
19669,0,1,0,0,1,1,1,0,0.0,0.0,0.0,0.0,1,0.0,0.0,0.0,0,1,0,1,0,N
21279,0,1,0,0,1,1,1,0,5.33,1.5,12.0,0.0,4,0.67,0.67,8.0,1,3,1,3,0,N
21416,7,17,0,7,9,8,1,36,40.47,20.0,16189.25,0.27,142,0.05,899.4,809.46,64,78,32,20,36,N
21633,0,1,0,0,1,1,1,0,7.75,2.0,31.02,0.01,6,0.5,1.72,15.51,2,4,2,4,0,N
22169,14,35,0,0,1,1,1,100,63.56,53.54,182196.49,1.13,559,0.02,10122.03,3402.89,257,302,48,20,100,N
14857,1,1,0,0,1,1,1,2,7.74,1.5,17.41,0.0,5,0.67,0.97,11.61,2,3,2,3,2,N
15482,0,1,0,0,1,1,1,0,7.74,1.5,17.41,0.0,5,0.67,0.97,11.61,2,3,2,3,0,N
14227,3,5,5,0,3,1,1,6,13.67,11.43,1786.01,0.05,40,0.09,99.22,156.28,20,20,7,8,11,N
21879,0,1,0,0,1,1,1,0,11.86,3.5,145.3,0.01,12,0.29,8.07,41.51,4,8,4,7,0,N
17082,0,1,0,0,1,1,1,0,5.33,1.5,12.0,0.0,4,0.67,0.67,8.0,1,3,1,3,0,N
15759,0,1,0,0,1,1,1,0,7.74,1.5,17.41,0.0,5,0.67,0.97,11.61,2,3,2,3,0,N
18087,0,1,0,0,1,1,1,0,0.0,0.0,0.0,0.0,0,0.0,0.0,0.0,0,0,0,0,0,N
21528,0,1,0,0,1,1,1,0,12.68,2.5,79.25,0.01,10,0.4,4.4,31.7,4,6,4,5,0,N
17936,0,1,0,0,1,1,1,3,11.23,2.0,44.92,0.01,8,0.5,2.5,22.46,3,5,3,4,3,N
16806,0,1,0,0,1,1,1,0,5.33,1.5,12.0,0.0,4,0.67,0.67,8.0,1,3,1,3,0,N
15968,0,1,0,0,1,1,1,0,5.33,1.5,12.0,0.0,4,0.67,0.67,8.0,1,3,1,3,0,N
19515,0,1,0,0,1,1,1,0,6.2,2.5,38.77,0.01,6,0.4,2.15,15.51,1,5,1,5,0,N
14642,7,9,12,1,5,2,1,21,37.35,18.77,13157.25,0.23,130,0.05,730.96,701.0,61,69,26,16,33,N
20782,8,5,2,1,3,2,1,14,13.41,20.57,5676.42,0.09,61,0.05,315.36,275.94,18,43,7,16,16,N
19927,0,1,0,2,1,1,1,5,9.21,11.25,1165.64,0.03,28,0.09,64.76,103.61,10,18,4,9,5,N
15889,0,1,0,0,1,1,1,0,6.55,3.0,58.95,0.01,7,0.33,3.28,19.65,1,6,1,6,0,N
22392,0,1,0,0,1,1,1,0,7.74,1.5,17.41,0.0,5,0.67,0.97,11.61,2,3,2,3,0,N
17467,0,1,0,0,1,1,1,2,9.96,3.5,122.04,0.01,11,0.29,6.78,34.87,2,9,2,7,2,N
17400,0,3,0,0,2,2,1,8,23.46,10.29,2485.24,0.08,52,0.1,138.07,241.48,19,33,12,13,8,N
23521,1,1,0,4,1,1,1,4,21.67,1.8,70.2,0.01,13,0.56,3.9,39.0,6,7,5,3,4,N
20175,0,1,0,0,1,1,1,0,5.8,2.0,23.22,0.0,5,0.5,1.29,11.61,1,4,1,4,0,N
17048,2,1,0,3,1,1,1,15,49.33,8.0,3157.25,0.13,83,0.13,175.4,394.66,38,45,19,8,15,N
15053,0,1,1,0,1,1,1,2,11.23,2.0,44.92,0.01,8,0.5,2.5,22.46,3,5,3,4,3,N
14263,1,9,0,0,5,3,3,12,17.46,16.55,4779.2,0.1,63,0.06,265.51,288.85,28,35,11,13,12,N
19161,0,1,0,0,1,1,1,0,7.75,2.0,31.02,0.01,6,0.5,1.72,15.51,2,4,2,4,0,N
14772,1,1,0,0,1,1,1,7,20.08,5.5,607.27,0.04,29,0.18,33.74,110.41,11,18,7,7,7,N
23310,0,1,0,0,1,1,1,0,8.3,6.67,369.01,0.02,16,0.15,20.5,55.35,5,11,3,8,0,N
14679,0,1,0,0,1,1,1,2,3.48,4.0,55.73,0.0,6,0.25,3.1,13.93,2,4,1,4,2,N
14374,11,23,4,18,12,10,11,40,62.52,23.8,35411.97,0.5,265,0.04,1967.33,1487.9,119,146,35,14,44,N
17493,0,1,0,0,1,1,1,0,7.75,2.0,31.02,0.01,6,0.5,1.72,15.51,2,4,2,4,0,N
23353,0,1,0,0,1,1,1,0,6.2,2.5,38.77,0.01,6,0.4,2.15,15.51,1,5,1,5,0,N
15133,0,1,0,0,1,1,1,2,7.74,1.5,17.41,0.0,5,0.67,0.97,11.61,2,3,2,3,2,N
17517,0,1,0,0,1,1,1,2,5.33,1.5,12.0,0.0,4,0.67,0.67,8.0,1,3,1,3,2,N
15142,0,1,2,0,1,1,1,1,16.84,1.5,37.9,0.01,9,0.67,2.11,25.27,4,5,4,3,3,N
16278,0,1,0,0,1,1,1,2,7.81,9.0,632.78,0.02,19,0.11,35.15,70.31,8,11,4,9,2,N
21412,0,3,0,0,2,1,1,17,54.4,6.6,2369.73,0.12,70,0.15,131.65,359.05,33,37,25,10,17,N
22281,2,7,0,0,4,2,3,11,12.35,16.0,3162.47,0.07,45,0.06,175.69,197.65,16,29,7,14,11,N
21752,0,3,0,0,2,2,1,4,10.88,5.6,341.29,0.02,17,0.18,18.96,60.94,8,9,5,7,4,N
18715,0,1,0,0,1,1,1,0,5.33,1.5,12.0,0.0,4,0.67,0.67,8.0,1,3,1,3,0,N
21756,0,1,0,0,1,1,1,0,7.75,2.0,31.02,0.01,6,0.5,1.72,15.51,2,4,2,4,0,N
23080,0,1,0,0,1,1,1,0,11.86,3.5,145.3,0.01,12,0.29,8.07,41.51,4,8,4,7,0,N
22069,2,3,5,0,2,2,1,5,13.96,6.0,502.57,0.03,22,0.17,27.92,83.76,9,13,6,8,10,N
19673,0,1,0,0,1,1,1,0,5.33,1.5,12.0,0.0,4,0.67,0.67,8.0,1,3,1,3,0,N
23224,0,1,0,0,1,1,1,0,7.74,1.5,17.41,0.0,5,0.67,0.97,11.61,2,3,2,3,0,N
21095,0,1,0,0,1,1,1,3,6.74,3.75,94.75,0.01,9,0.27,5.26,25.27,3,6,2,5,3,N
18966,0,1,0,0,1,1,1,4,9.47,2.67,67.38,0.01,9,0.38,3.74,25.27,4,5,3,4,4,N
14298,0,1,0,0,1,1,1,0,7.75,2.0,31.02,0.01,6,0.5,1.72,15.51,2,4,2,4,0,N
17427,0,1,0,0,1,1,1,1,7.74,1.5,17.41,0.0,5,0.67,0.97,11.61,2,3,2,3,1,N
19968,0,1,0,0,1,1,1,2,5.33,1.5,12.0,0.0,4,0.67,0.67,8.0,1,3,1,3,2,N
22827,0,3,0,0,2,1,1,0,7.75,2.0,31.02,0.01,6,0.5,1.72,15.51,2,4,2,4,0,N
17509,0,1,0,0,1,1,1,2,5.33,1.5,12.0,0.0,4,0.67,0.67,8.0,1,3,1,3,2,N
15766,0,1,0,0,1,1,1,0,7.74,1.5,17.41,0.0,5,0.67,0.97,11.61,2,3,2,3,0,N
20966,0,1,0,3,1,1,1,2,7.75,2.0,31.02,0.01,6,0.5,1.72,15.51,2,4,2,4,2,N
15118,15,35,36,10,18,10,12,49,52.39,20.71,22466.83,0.36,186,0.05,1248.16,1084.92,71,115,36,21,85,N
17519,0,1,0,0,1,1,1,0,5.33,1.5,12.0,0.0,4,0.67,0.67,8.0,1,3,1,3,0,N
22123,1,5,0,0,3,3,1,13,16.4,7.07,820.29,0.04,29,0.14,45.57,116.0,11,18,7,9,13,N
23219,0,1,0,0,1,1,1,0,7.74,1.5,17.41,0.0,5,0.67,0.97,11.61,2,3,2,3,0,N
23520,1,1,0,4,1,1,1,4,21.67,1.8,70.2,0.01,13,0.56,3.9,39.0,6,7,5,3,4,N
18808,39,11,47,27,6,1,1,91,253.3,20.6,107527.91,1.74,753,0.05,5973.77,5218.85,273,480,106,16,138,Y
18569,0,3,0,0,2,2,1,3,14.28,4.0,228.44,0.02,15,0.25,12.69,57.11,6,9,6,8,3,N
15291,0,1,0,0,1,1,1,0,16.5,2.0,66.0,0.01,11,0.5,3.67,33.0,4,7,4,4,0,N
20088,1,10,8,0,9,1,1,24,34.46,10.83,4043.92,0.12,74,0.09,224.66,373.29,26,48,18,15,32,N
18060,0,1,0,0,1,1,1,0,6.55,3.0,58.95,0.01,7,0.33,3.28,19.65,1,6,1,6,0,N
18984,0,1,0,0,1,1,1,0,7.74,1.5,17.41,0.0,5,0.67,0.97,11.61,2,3,2,3,0,N
18566,0,3,0,0,2,2,1,0,7.75,2.0,31.02,0.01,6,0.5,1.72,15.51,2,4,2,4,0,N
21017,0,1,0,0,1,1,1,3,7.12,7.0,348.8,0.02,15,0.14,19.38,49.83,6,9,3,7,3,N
19772,0,1,0,0,1,1,1,0,12.68,2.5,79.25,0.01,10,0.4,4.4,31.7,4,6,4,5,0,N
22425,13,39,0,20,20,16,8,91,57.61,32.93,62473.17,0.63,315,0.03,3470.73,1897.05,138,177,44,21,91,N
15029,0,1,1,0,1,1,1,1,7.74,1.5,17.41,0.0,5,0.67,0.97,11.61,2,3,2,3,2,N
16942,0,1,0,0,1,1,1,0,5.33,1.5,12.0,0.0,4,0.67,0.67,8.0,1,3,1,3,0,N
18506,0,1,0,0,1,1,1,0,7.75,2.0,31.02,0.01,6,0.5,1.72,15.51,2,4,2,4,0,N
19046,0,1,0,0,1,1,1,0,6.55,3.0,58.95,0.01,7,0.33,3.28,19.65,1,6,1,6,0,N
17034,0,1,0,0,1,1,1,0,7.74,1.5,17.41,0.0,5,0.67,0.97,11.61,2,3,2,3,0,N
16273,0,1,0,0,1,1,1,0,0.0,0.0,0.0,0.0,1,0.0,0.0,0.0,0,1,0,1,0,N
14171,0,1,1,0,1,1,1,1,10.44,3.5,127.89,0.01,11,0.29,7.11,36.54,3,8,3,7,2,N
23397,0,1,0,0,1,1,1,0,7.75,2.0,31.02,0.01,6,0.5,1.72,15.51,2,4,2,4,0,N
16630,1,1,3,0,1,1,1,2,10.75,6.0,387.18,0.02,18,0.17,21.51,64.53,6,12,4,8,5,N
22518,0,1,0,0,1,1,1,0,7.75,2.0,31.02,0.01,6,0.5,1.72,15.51,2,4,2,4,0,N
18272,14,7,0,23,4,4,1,41,28.38,51.4,74995.63,0.49,278,0.02,4166.42,1458.92,127,151,21,17,41,N
19612,0,1,0,0,1,1,1,0,5.33,1.5,12.0,0.0,4,0.67,0.67,8.0,1,3,1,3,0,N
15721,0,1,0,1,1,1,1,2,5.33,1.5,12.0,0.0,4,0.67,0.67,8.0,1,3,1,3,2,N
20270,0,1,0,0,1,1,1,3,9.51,3.0,85.59,0.01,9,0.33,4.75,28.53,3,6,3,6,3,N
20368,0,1,0,0,1,1,1,0,9.51,3.0,85.59,0.01,9,0.33,4.75,28.53,3,6,3,6,0,N
18572,0,1,0,0,1,1,1,0,7.75,2.0,31.02,0.01,6,0.5,1.72,15.51,2,4,2,4,0,N
15227,42,1,38,75,1,1,1,5,142.01,9.77,13558.89,0.46,259,0.1,753.27,1387.61,114,145,35,6,43,N
16328,0,1,0,0,1,1,1,0,5.33,1.5,12.0,0.0,4,0.67,0.67,8.0,1,3,1,3,0,N
17243,0,1,0,0,1,1,1,0,5.33,1.5,12.0,0.0,4,0.67,0.67,8.0,1,3,1,3,0,N
21473,3,1,0,0,1,1,1,2,7.75,2.0,31.02,0.01,6,0.5,1.72,15.51,2,4,2,4,2,N
21231,0,5,3,0,3,1,1,14,11.98,22.0,5797.86,0.09,60,0.05,322.1,263.54,22,38,7,14,17,N
17181,3,5,6,7,3,1,1,7,18.89,8.44,1345.03,0.05,39,0.12,74.72,159.41,15,24,8,9,13,N
18621,0,1,0,0,1,1,1,0,7.74,1.5,17.41,0.0,5,0.67,0.97,11.61,2,3,2,3,0,N
19496,0,1,0,0,1,1,1,0,0.0,0.0,0.0,0.0,1,0.0,0.0,0.0,0,1,0,1,0,N
16122,0,1,0,0,1,1,1,0,5.33,1.5,12.0,0.0,4,0.67,0.67,8.0,1,3,1,3,0,N
23281,0,1,0,0,1,1,1,0,5.33,1.5,12.0,0.0,4,0.67,0.67,8.0,1,3,1,3,0,N
22888,6,7,0,0,4,3,1,10,17.55,13.82,3350.9,0.08,51,0.07,186.16,242.5,19,32,11,16,10,N
23346,0,1,0,0,1,1,1,0,7.75,2.0,31.02,0.01,6,0.5,1.72,15.51,2,4,2,4,0,N
14335,0,1,0,0,1,1,1,2,7.35,8.0,470.48,0.02,17,0.13,26.14,58.81,6,11,3,8,2,N
18134,0,1,0,0,1,1,1,2,5.33,1.5,12.0,0.0,4,0.67,0.67,8.0,1,3,1,3,2,N
19607,0,1,0,0,1,1,1,0,5.33,1.5,12.0,0.0,4,0.67,0.67,8.0,1,3,1,3,0,N
20689,0,1,0,0,1,1,1,0,5.33,1.5,12.0,0.0,4,0.67,0.67,8.0,1,3,1,3,0,N
22193,0,1,0,0,1,1,1,0,7.75,2.0,31.02,0.01,6,0.5,1.72,15.51,2,4,2,4,0,N
22228,0,3,0,0,2,2,1,4,10.88,5.6,341.29,0.02,17,0.18,18.96,60.94,8,9,5,7,4,N
15875,0,1,0,0,1,1,1,0,7.75,2.0,31.02,0.01,6,0.5,1.72,15.51,2,4,2,4,0,N
18809,1,3,3,2,2,2,1,10,43.79,3.72,605.59,0.05,36,0.27,33.64,162.85,17,19,16,7,13,N
16458,0,1,0,0,1,1,1,0,7.74,1.5,17.41,0.0,5,0.67,0.97,11.61,2,3,2,3,0,N
20767,8,7,2,11,4,2,1,32,53.48,21.25,24147.68,0.38,215,0.05,1341.54,1136.36,68,147,24,15,34,N
19832,6,1,0,5,1,1,1,8,22.09,14.95,4936.79,0.11,73,0.07,274.27,330.22,23,50,10,13,8,N
16032,0,1,0,0,1,1,1,0,7.86,2.5,49.13,0.01,7,0.4,2.73,19.65,2,5,2,5,0,N
17049,2,1,0,3,1,1,1,15,49.33,8.0,3157.25,0.13,83,0.13,175.4,394.66,38,45,19,8,15,N
22753,0,1,0,0,1,1,1,2,7.74,1.5,17.41,0.0,5,0.67,0.97,11.61,2,3,2,3,2,N
15916,0,1,0,0,1,1,1,0,6.89,3.0,62.04,0.01,8,0.33,3.45,20.68,3,5,2,4,0,N
15807,0,1,0,0,1,1,1,0,7.74,1.5,17.41,0.0,5,0.67,0.97,11.61,2,3,2,3,0,N
16984,0,1,0,0,1,1,1,0,0.0,0.0,0.0,0.0,1,0.0,0.0,0.0,0,1,0,1,0,N
22411,2,1,0,1,1,1,1,3,16.84,1.5,37.9,0.01,9,0.67,2.11,25.27,4,5,4,3,3,N
16059,0,1,0,0,1,1,1,2,9.83,2.0,39.3,0.01,7,0.5,2.18,19.65,3,4,3,4,2,N
20619,0,1,0,0,1,1,1,0,7.75,2.0,31.02,0.01,6,0.5,1.72,15.51,2,4,2,4,0,N
21171,14,1,0,23,1,1,1,12,68.52,2.5,428.25,0.06,39,0.4,23.79,171.3,16,23,16,5,12,N
16884,2,1,0,3,1,1,1,15,43.11,8.94,3446.29,0.13,83,0.11,191.46,385.44,38,45,17,8,15,N
14732,6,5,1,0,4,4,1,39,101.3,13.16,17544.81,0.44,219,0.08,974.71,1333.15,93,126,53,15,40,N
16584,2,3,2,0,2,1,1,9,12.13,11.0,1467.81,0.04,32,0.09,81.55,133.44,11,21,6,12,11,N
18355,17,21,0,15,11,10,1,61,28.94,67.5,131842.41,0.65,341,0.01,7324.58,1953.22,130,211,26,27,61,N
22873,9,11,0,0,6,3,4,16,24.96,18.42,8470.55,0.15,87,0.05,470.59,459.83,35,52,19,20,16,N
20360,0,1,0,0,1,1,1,0,8.3,6.0,298.97,0.02,15,0.17,16.61,49.83,3,12,2,8,0,N
16003,0,1,0,0,1,1,1,0,5.33,1.5,12.0,0.0,4,0.67,0.67,8.0,1,3,1,3,0,N
21198,3,7,0,2,4,3,1,15,25.89,8.25,1762.34,0.07,46,0.12,97.91,213.62,21,25,14,11,15,N
14270,1,5,0,0,3,3,1,13,17.24,7.5,969.51,0.04,31,0.13,53.86,129.27,12,19,8,10,13,N
21850,0,1,0,0,1,1,1,0,7.74,1.5,17.41,0.0,5,0.67,0.97,11.61,2,3,2,3,0,N
17004,0,1,0,0,1,1,1,0,5.33,1.5,12.0,0.0,4,0.67,0.67,8.0,1,3,1,3,0,N
22077,2,3,5,0,2,2,1,5,13.96,6.0,502.57,0.03,22,0.17,27.92,83.76,9,13,6,8,10,N
16400,2,5,0,2,3,2,1,9,17.13,6.0,616.79,0.03,27,0.17,34.27,102.8,12,15,7,7,9,N
18462,3,1,0,0,1,1,1,2,7.75,2.0,31.02,0.01,6,0.5,1.72,15.51,2,4,2,4,2,N
23031,2,7,0,0,4,2,3,11,12.35,16.0,3162.47,0.07,45,0.06,175.69,197.65,16,29,7,14,11,N
18291,2,5,0,3,3,2,1,10,14.31,15.11,3267.33,0.07,46,0.07,181.52,216.22,16,30,9,17,10,N
14275,0,1,0,0,1,1,1,0,7.86,2.5,49.13,0.01,7,0.4,2.73,19.65,2,5,2,5,0,N
17583,6,3,0,0,2,2,1,4,9.08,5.33,258.3,0.02,14,0.19,14.35,48.43,4,10,3,8,4,N
19004,0,1,0,0,1,1,1,0,0.0,0.0,0.0,0.0,0,0.0,0.0,0.0,0,0,0,0,0,N
19608,0,1,0,0,1,1,1,0,5.33,1.5,12.0,0.0,4,0.67,0.67,8.0,1,3,1,3,0,N
19864,0,1,0,0,1,1,1,0,8.3,6.67,369.01,0.02,16,0.15,20.5,55.35,5,11,3,8,0,N
15780,0,3,0,0,2,1,1,0,0.0,0.0,0.0,0.0,0,0.0,0.0,0.0,0,0,0,0,0,N
19245,0,3,0,0,2,2,1,0,7.86,2.5,49.13,0.01,7,0.4,2.73,19.65,2,5,2,5,0,N
19322,0,1,0,0,1,1,1,3,12.0,2.5,75.0,0.01,10,0.4,4.17,30.0,3,7,3,5,3,N
20601,0,1,0,0,1,1,1,9,16.05,10.31,1708.46,0.06,39,0.1,94.91,165.67,15,24,8,11,9,N
23396,0,1,0,0,1,1,1,0,7.75,2.0,31.02,0.01,6,0.5,1.72,15.51,2,4,2,4,0,N
19928,0,1,0,1,1,1,1,3,9.3,3.75,130.75,0.01,11,0.27,7.26,34.87,6,5,4,5,3,N
22237,0,1,0,0,1,1,1,2,7.81,9.0,632.78,0.02,19,0.11,35.15,70.31,8,11,4,9,2,N
14927,2,5,2,0,3,2,1,5,17.76,5.06,455.24,0.03,22,0.2,25.29,89.92,9,13,8,9,7,N
18810,0,1,0,0,1,1,1,0,6.2,2.5,38.77,0.01,6,0.4,2.15,15.51,1,5,1,5,0,N
14771,3,1,3,0,1,1,1,10,37.94,7.39,2073.4,0.09,62,0.14,115.19,280.46,23,39,14,9,13,N
17769,0,1,0,0,1,1,1,0,9.31,2.5,58.16,0.01,9,0.4,3.23,23.26,1,8,1,5,0,N
15709,0,1,0,0,1,1,1,0,0.0,0.0,0.0,0.0,1,0.0,0.0,0.0,0,1,0,1,0,N
21353,1,1,0,0,1,1,1,7,24.54,6.75,1118.27,0.06,39,0.15,62.13,165.67,15,24,10,9,7,N
21627,0,1,0,0,1,1,1,0,6.86,3.5,84.0,0.01,8,0.29,4.67,24.0,1,7,1,7,0,N
17654,0,3,0,0,2,1,1,0,0.0,0.0,0.0,0.0,0,0.0,0.0,0.0,0,0,0,0,0,N
15364,0,1,0,0,1,1,1,0,0.0,0.0,0.0,0.0,1,0.0,0.0,0.0,0,1,0,1,0,N
20658,0,3,0,0,2,1,1,0,7.75,2.0,31.02,0.01,6,0.5,1.72,15.51,2,4,2,4,0,N
15926,0,1,0,0,1,1,1,0,7.74,1.5,17.41,0.0,5,0.67,0.97,11.61,2,3,2,3,0,N
19305,0,1,0,0,1,1,1,0,7.75,2.0,31.02,0.01,6,0.5,1.72,15.51,2,4,2,4,0,N
17836,0,1,0,0,1,1,1,0,7.74,1.5,17.41,0.0,5,0.67,0.97,11.61,2,3,2,3,0,N
17377,0,1,0,0,1,1,1,0,8.3,6.0,298.97,0.02,15,0.17,16.61,49.83,3,12,2,8,0,N
15568,1,3,0,0,2,2,1,7,16.76,8.13,1106.31,0.05,31,0.12,61.46,136.16,10,21,8,13,7,N
22067,5,5,6,0,3,3,1,8,30.59,3.75,430.18,0.04,31,0.27,23.9,114.71,12,19,8,5,14,N
16071,0,1,0,0,1,1,1,0,5.33,1.5,12.0,0.0,4,0.67,0.67,8.0,1,3,1,3,0,N
14736,0,1,0,0,1,1,1,2,7.74,1.5,17.41,0.0,5,0.67,0.97,11.61,2,3,2,3,2,N
17821,0,1,0,0,1,1,1,2,7.35,8.0,470.48,0.02,17,0.13,26.14,58.81,6,11,3,8,2,N
18486,0,1,0,0,1,1,1,0,6.86,3.5,84.0,0.01,8,0.29,4.67,24.0,1,7,1,7,0,N
19603,0,1,0,0,1,1,1,0,5.33,1.5,12.0,0.0,4,0.67,0.67,8.0,1,3,1,3,0,N
19648,0,1,0,0,1,1,1,0,5.33,1.5,12.0,0.0,4,0.67,0.67,8.0,1,3,1,3,0,N
22974,0,1,2,0,1,1,1,2,21.67,1.8,70.2,0.01,13,0.56,3.9,39.0,6,7,5,3,4,N
21599,0,1,0,0,1,1,1,0,7.75,2.0,31.02,0.01,6,0.5,1.72,15.51,2,4,2,4,0,N
19937,0,1,0,0,1,1,1,0,7.74,1.5,17.41,0.0,5,0.67,0.97,11.61,2,3,2,3,0,N
20849,4,7,0,5,4,3,1,22,18.66,30.14,16950.51,0.19,117,0.03,941.7,562.46,39,78,11,17,22,N
15379,0,1,0,0,1,1,1,0,5.33,1.5,12.0,0.0,4,0.67,0.67,8.0,1,3,1,3,0,N
21465,0,1,0,0,1,1,1,0,0.0,0.0,0.0,0.0,1,0.0,0.0,0.0,0,1,0,1,0,N
19665,0,1,0,0,1,1,1,0,5.33,1.5,12.0,0.0,4,0.67,0.67,8.0,1,3,1,3,0,N
15736,0,1,0,0,1,1,1,0,5.33,1.5,12.0,0.0,4,0.67,0.67,8.0,1,3,1,3,0,N
19523,0,1,0,0,1,1,1,0,0.0,0.0,0.0,0.0,0,0.0,0.0,0.0,0,0,0,0,0,N
17700,0,1,0,0,1,1,1,2,5.33,1.5,12.0,0.0,4,0.67,0.67,8.0,1,3,1,3,2,N
16766,0,1,0,0,1,1,1,0,16.84,1.5,37.9,0.01,9,0.67,2.11,25.27,4,5,4,3,0,N
19988,0,1,0,0,1,1,1,2,5.8,2.0,23.22,0.0,5,0.5,1.29,11.61,1,4,1,4,2,N
17230,0,1,0,0,1,1,1,0,7.74,1.5,17.41,0.0,5,0.67,0.97,11.61,2,3,2,3,0,N
20741,1,3,0,5,2,2,1,9,14.0,22.75,7248.03,0.11,75,0.04,402.67,318.59,21,54,6,13,9,N
15132,0,1,0,0,1,1,1,2,7.74,1.5,17.41,0.0,5,0.67,0.97,11.61,2,3,2,3,2,N
18709,0,1,0,0,1,1,1,0,5.33,1.5,12.0,0.0,4,0.67,0.67,8.0,1,3,1,3,0,N
17315,0,1,0,0,1,1,1,0,6.2,2.5,38.77,0.01,6,0.4,2.15,15.51,1,5,1,5,0,N
15751,0,1,0,0,1,1,1,0,5.33,1.5,12.0,0.0,4,0.67,0.67,8.0,1,3,1,3,0,N
20965,4,7,0,1,4,4,1,8,21.93,12.0,3157.28,0.09,59,0.08,175.4,263.11,20,39,10,12,8,N
20447,0,1,0,0,1,1,1,0,7.74,1.5,17.41,0.0,5,0.67,0.97,11.61,2,3,2,3,0,N
21647,0,1,0,0,1,1,1,0,7.74,1.5,17.41,0.0,5,0.67,0.97,11.61,2,3,2,3,0,N
15830,0,1,0,0,1,1,1,0,5.33,1.5,12.0,0.0,4,0.67,0.67,8.0,1,3,1,3,0,N
20092,10,11,14,3,6,2,6,12,24.93,19.09,9090.19,0.16,98,0.05,505.01,476.08,47,51,16,13,26,N
19189,0,1,0,0,1,1,1,0,8.3,6.0,298.97,0.02,15,0.17,16.61,49.83,3,12,2,8,0,N
22828,0,1,0,0,1,1,1,0,5.8,2.0,23.22,0.0,5,0.5,1.29,11.61,1,4,1,4,0,N
21481,0,3,0,0,2,2,1,4,11.18,5.63,353.85,0.02,17,0.18,19.66,62.91,5,12,4,9,4,N
16863,0,1,0,0,1,1,1,0,7.86,2.5,49.13,0.01,7,0.4,2.73,19.65,2,5,2,5,0,N
14936,0,1,0,0,1,1,1,2,7.74,1.5,17.41,0.0,5,0.67,0.97,11.61,2,3,2,3,2,N
21931,0,3,0,0,2,1,1,0,7.75,2.0,31.02,0.01,6,0.5,1.72,15.51,2,4,2,4,0,N
15557,0,1,0,0,1,1,1,0,5.33,1.5,12.0,0.0,4,0.67,0.67,8.0,1,3,1,3,0,N
21108,0,1,0,0,1,1,1,4,28.17,5.0,704.36,0.05,37,0.2,39.13,140.87,18,19,9,5,4,N
21794,0,1,0,0,1,1,1,4,10.24,7.0,501.89,0.02,20,0.14,27.88,71.7,7,13,4,8,4,N
20050,3,3,6,0,2,1,1,3,20.56,7.56,1173.56,0.05,38,0.13,65.2,155.32,17,21,9,8,9,N
19207,6,1,0,6,1,1,1,30,118.82,9.29,10262.23,0.37,191,0.11,570.12,1104.24,95,96,46,9,30,N
14279,0,1,0,0,1,1,1,0,7.86,2.5,49.13,0.01,7,0.4,2.73,19.65,2,5,2,5,0,N
18561,0,1,0,0,1,1,1,0,6.55,3.0,58.95,0.01,7,0.33,3.28,19.65,1,6,1,6,0,N
21011,2,1,0,0,1,1,1,2,18.5,4.0,296.04,0.02,20,0.25,16.45,74.01,5,15,5,8,2,N
23135,0,1,0,0,1,1,1,0,5.33,1.5,12.0,0.0,4,0.67,0.67,8.0,1,3,1,3,0,N
20983,0,1,0,6,1,1,1,2,5.8,2.0,23.22,0.0,5,0.5,1.29,11.61,1,4,1,4,2,N
14575,0,1,0,0,1,1,1,0,9.29,1.5,20.9,0.0,6,0.67,1.16,13.93,2,4,2,3,0,N
21458,0,1,0,0,1,1,1,0,7.86,2.5,49.13,0.01,7,0.4,2.73,19.65,2,5,2,5,0,N
15101,0,1,0,0,1,1,1,2,7.74,1.5,17.41,0.0,5,0.67,0.97,11.61,2,3,2,3,2,N
17913,0,1,0,0,1,1,1,2,8.98,2.5,56.15,0.01,8,0.4,3.12,22.46,2,6,2,5,2,N
22183,0,1,0,0,1,1,1,0,5.33,1.5,12.0,0.0,4,0.67,0.67,8.0,1,3,1,3,0,N
19129,0,1,0,0,1,1,1,0,0.0,0.0,0.0,0.0,0,0.0,0.0,0.0,0,0,0,0,0,N
22227,0,3,0,0,2,2,1,5,15.36,3.5,188.21,0.02,15,0.29,10.46,53.77,5,10,5,7,5,N
16804,0,1,0,0,1,1,1,0,0.0,0.0,0.0,0.0,1,0.0,0.0,0.0,0,1,0,1,0,N
23069,0,1,0,0,1,1,1,0,0.0,0.0,0.0,0.0,0,0.0,0.0,0.0,0,0,0,0,0,N
16527,0,1,0,0,1,1,1,0,5.33,1.5,12.0,0.0,4,0.67,0.67,8.0,1,3,1,3,0,N
21288,0,1,0,0,1,1,1,0,7.74,1.5,17.41,0.0,5,0.67,0.97,11.61,2,3,2,3,0,N
17177,3,5,6,7,3,1,1,7,18.89,8.44,1345.03,0.05,39,0.12,74.72,159.41,15,24,8,9,13,N
22465,0,3,0,0,2,2,1,3,14.28,4.0,228.44,0.02,15,0.25,12.69,57.11,6,9,6,8,3,N
20351,0,1,0,0,1,1,1,0,5.33,1.5,12.0,0.0,4,0.67,0.67,8.0,1,3,1,3,0,N
17172,3,5,6,7,3,1,1,7,18.89,8.44,1345.03,0.05,39,0.12,74.72,159.41,15,24,8,9,13,N
20257,0,1,0,0,1,1,1,0,8.3,6.0,298.97,0.02,15,0.17,16.61,49.83,3,12,2,8,0,N
17634,0,3,0,0,2,1,1,3,5.07,8.75,388.32,0.01,14,0.11,21.57,44.38,5,9,2,7,3,N
19965,0,1,0,0,1,1,1,2,5.33,1.5,12.0,0.0,4,0.67,0.67,8.0,1,3,1,3,2,N
14464,0,1,0,0,1,1,1,0,5.33,1.5,12.0,0.0,4,0.67,0.67,8.0,1,3,1,3,0,N
20809,10,9,1,11,5,3,1,24,30.2,31.5,29967.7,0.32,187,0.03,1664.87,951.36,63,124,17,17,25,N
19691,0,3,0,0,2,2,1,4,21.5,7.15,1099.18,0.05,35,0.14,61.07,153.73,13,22,10,11,4,N
19331,0,1,0,0,1,1,1,0,5.33,1.5,12.0,0.0,4,0.67,0.67,8.0,1,3,1,3,0,N
16768,0,1,0,0,1,1,1,0,7.74,1.5,17.41,0.0,5,0.67,0.97,11.61,2,3,2,3,0,N
16100,0,1,0,0,1,1,1,0,5.33,1.5,12.0,0.0,4,0.67,0.67,8.0,1,3,1,3,0,N
19536,3,9,4,3,5,2,4,15,38.41,12.48,5980.45,0.16,92,0.08,332.25,479.27,41,51,23,14,19,N
16641,1,1,3,0,1,1,1,2,10.75,6.0,387.18,0.02,18,0.17,21.51,64.53,6,12,4,8,5,N
22079,2,3,5,0,2,2,1,5,13.96,6.0,502.57,0.03,22,0.17,27.92,83.76,9,13,6,8,10,N
14137,2,1,0,3,1,1,1,7,20.08,5.5,607.27,0.04,29,0.18,33.74,110.41,11,18,7,7,7,N
16135,0,1,0,0,1,1,1,0,7.74,1.5,17.41,0.0,5,0.67,0.97,11.61,2,3,2,3,0,N
19349,0,1,0,0,1,1,1,0,0.0,0.0,0.0,0.0,1,0.0,0.0,0.0,0,1,0,1,0,N
21281,0,1,0,0,1,1,1,0,7.74,1.5,17.41,0.0,5,0.67,0.97,11.61,2,3,2,3,0,N
22757,6,3,0,4,2,2,1,15,17.93,10.0,1793.07,0.06,43,0.1,99.61,179.31,16,27,8,10,15,N
22644,0,1,0,0,1,1,1,2,5.33,1.5,12.0,0.0,4,0.67,0.67,8.0,1,3,1,3,2,N
20404,3,1,0,0,1,1,1,2,7.75,2.0,31.02,0.01,6,0.5,1.72,15.51,2,4,2,4,2,N
18932,0,1,0,0,1,1,1,3,12.0,2.5,75.0,0.01,10,0.4,4.17,30.0,3,7,3,5,3,N
18960,0,1,0,0,1,1,1,0,8.3,6.67,369.01,0.02,16,0.15,20.5,55.35,5,11,3,8,0,N
23341,0,1,0,0,1,1,1,0,5.8,2.0,23.22,0.0,5,0.5,1.29,11.61,1,4,1,4,0,N
14951,2,5,1,0,3,2,1,11,16.8,10.91,1999.82,0.06,39,0.09,111.1,183.32,16,23,11,15,12,N
22602,0,1,0,0,1,1,1,0,9.31,2.5,58.16,0.01,9,0.4,3.23,23.26,1,8,1,5,0,N
21989,0,1,0,0,1,1,1,0,7.75,2.0,31.02,0.01,6,0.5,1.72,15.51,2,4,2,4,0,N
20936,5,11,1,5,6,5,5,22,29.78,29.7,26264.9,0.29,164,0.03,1459.16,884.34,54,110,20,22,23,N
21965,0,1,0,0,1,1,1,2,5.33,1.5,12.0,0.0,4,0.67,0.67,8.0,1,3,1,3,2,N
20512,7,7,0,5,4,2,3,20,33.9,9.9,3325.75,0.11,66,0.1,184.76,335.77,32,34,21,13,20,N
21942,0,1,0,0,1,1,1,0,7.75,2.0,31.02,0.01,6,0.5,1.72,15.51,2,4,2,4,0,N
15089,5,5,1,0,3,3,1,17,31.45,6.36,1273.72,0.07,48,0.16,70.76,200.16,20,28,11,7,18,N
21702,0,1,0,0,1,1,1,0,0.0,0.0,0.0,0.0,1,0.0,0.0,0.0,0,1,0,1,0,N
15068,0,1,0,0,1,1,1,1,0.0,0.0,0.0,0.0,1,0.0,0.0,0.0,0,1,0,1,1,N
18370,3,5,8,0,3,3,1,14,20.4,18.13,6709.33,0.12,74,0.06,372.74,370.0,32,42,15,17,22,N
14234,3,5,5,0,3,1,1,6,13.67,11.43,1786.01,0.05,40,0.09,99.22,156.28,20,20,7,8,11,N
19748,0,3,0,0,2,1,1,0,0.0,0.0,0.0,0.0,0,0.0,0.0,0.0,0,0,0,0,0,N
20946,4,5,1,3,3,3,1,18,31.92,18.79,11268.26,0.2,116,0.05,626.01,599.71,42,74,19,17,19,N
22062,5,5,6,0,3,3,1,8,30.59,3.75,430.18,0.04,31,0.27,23.9,114.71,12,19,8,5,14,N
17916,0,1,0,0,1,1,1,2,5.33,1.5,12.0,0.0,4,0.67,0.67,8.0,1,3,1,3,2,N
15094,0,1,0,0,1,1,1,2,7.74,1.5,17.41,0.0,5,0.67,0.97,11.61,2,3,2,3,2,N
17146,0,3,0,0,2,1,1,0,0.0,0.0,0.0,0.0,0,0.0,0.0,0.0,0,0,0,0,0,N
21628,0,1,0,0,1,1,1,0,7.75,2.0,31.02,0.01,6,0.5,1.72,15.51,2,4,2,4,0,N
18016,3,11,0,2,6,4,1,17,29.4,11.54,3914.62,0.11,75,0.09,217.48,339.27,30,45,13,10,17,N
15658,0,1,0,0,1,1,1,2,7.81,9.0,632.78,0.02,19,0.11,35.15,70.31,8,11,4,9,2,N
17225,1,3,0,2,2,1,1,7,27.15,4.45,538.68,0.04,29,0.22,29.93,120.93,14,15,11,7,7,N
22299,0,1,0,0,1,1,1,0,7.75,2.0,31.02,0.01,6,0.5,1.72,15.51,2,4,2,4,0,N
14848,1,1,0,0,1,1,1,2,7.74,1.5,17.41,0.0,5,0.67,0.97,11.61,2,3,2,3,2,N
21172,15,1,0,24,1,1,1,13,74.92,2.5,468.24,0.06,42,0.4,26.01,187.3,17,25,17,5,13,N
19559,0,1,0,0,1,1,1,0,5.33,1.5,12.0,0.0,4,0.67,0.67,8.0,1,3,1,3,0,N
20308,0,3,0,0,2,1,1,0,7.75,2.0,31.02,0.01,6,0.5,1.72,15.51,2,4,2,4,0,N
21114,22,1,13,85,1,1,1,8,99.91,4.15,1723.85,0.14,83,0.24,95.77,415.0,36,47,26,6,21,N
16685,13,5,2,4,3,2,3,39,55.48,19.5,21096.95,0.36,197,0.05,1172.05,1081.9,96,101,32,13,41,Y
21586,0,3,0,0,2,2,1,4,11.99,6.67,533.03,0.03,21,0.15,29.61,79.95,10,11,6,8,4,N
22506,0,1,0,0,1,1,1,0,7.75,2.0,31.02,0.01,6,0.5,1.72,15.51,2,4,2,4,0,N
22865,0,1,0,0,1,1,1,0,7.74,1.5,17.41,0.0,5,0.67,0.97,11.61,2,3,2,3,0,N
19466,0,1,0,0,1,1,1,0,9.51,3.0,85.59,0.01,9,0.33,4.75,28.53,3,6,3,6,0,N
22911,0,1,0,0,1,1,1,3,15.02,5.71,490.5,0.03,21,0.18,27.25,85.84,8,13,7,10,3,N
17963,0,1,0,0,1,1,1,0,7.74,1.5,17.41,0.0,5,0.67,0.97,11.61,2,3,2,3,0,N
17629,0,11,0,0,6,1,3,21,8.36,27.0,6094.62,0.08,61,0.04,338.59,225.73,24,37,4,9,21,N
15601,1,7,0,0,4,2,1,9,10.57,12.86,1747.72,0.05,32,0.08,97.1,135.93,15,17,7,12,9,N
15340,0,1,0,0,1,1,1,0,7.74,1.5,17.41,0.0,5,0.67,0.97,11.61,2,3,2,3,0,N
21807,0,1,0,0,1,1,1,0,8.6,7.5,483.97,0.02,18,0.13,26.89,64.53,5,13,3,9,0,N
15972,0,1,0,0,1,1,1,0,0.0,0.0,0.0,0.0,3,0.0,0.0,4.75,0,3,0,3,0,N
18731,0,30,0,9,17,8,17,50,13.7,92.44,117120.91,0.42,247,0.01,6506.72,1266.93,64,183,9,26,50,N
17078,0,1,0,0,1,1,1,0,7.74,1.5,17.41,0.0,5,0.67,0.97,11.61,2,3,2,3,0,N
16807,0,1,0,0,1,1,1,0,5.33,1.5,12.0,0.0,4,0.67,0.67,8.0,1,3,1,3,0,N
14262,1,3,0,2,2,2,1,12,14.73,8.94,1176.94,0.04,31,0.11,65.39,131.69,13,18,8,11,12,N
23240,0,1,0,0,1,1,1,0,7.74,1.5,17.41,0.0,5,0.67,0.97,11.61,2,3,2,3,0,N
16820,0,1,0,0,1,1,1,0,5.33,1.5,12.0,0.0,4,0.67,0.67,8.0,1,3,1,3,0,N
16120,0,1,0,0,1,1,1,0,7.86,2.5,49.13,0.01,7,0.4,2.73,19.65,2,5,2,5,0,N
21922,0,1,0,0,1,1,1,0,7.75,2.0,31.02,0.01,6,0.5,1.72,15.51,2,4,2,4,0,N
16631,1,1,3,0,1,1,1,2,10.75,6.0,387.18,0.02,18,0.17,21.51,64.53,6,12,4,8,5,N
23347,0,1,0,0,1,1,1,0,10.68,4.67,232.53,0.02,15,0.21,12.92,49.83,4,11,3,7,0,N
22739,0,1,0,0,1,1,1,0,5.33,1.5,12.0,0.0,4,0.67,0.67,8.0,1,3,1,3,0,N
20469,0,1,0,0,1,1,1,0,7.86,2.5,49.13,0.01,7,0.4,2.73,19.65,2,5,2,5,0,N
17458,0,1,0,0,1,1,1,3,9.73,5.33,276.75,0.02,15,0.19,15.38,51.89,4,11,3,8,3,N
18628,0,1,0,0,1,1,1,0,8.3,6.0,298.97,0.02,15,0.17,16.61,49.83,3,12,2,8,0,N
15257,0,1,0,0,1,1,1,4,12.58,6.6,547.97,0.03,24,0.15,30.44,83.03,11,13,5,6,4,N
20493,0,1,1,0,1,1,1,2,11.23,2.0,44.92,0.01,8,0.5,2.5,22.46,3,5,3,4,3,N
19124,0,1,0,0,1,1,1,0,7.75,2.0,31.02,0.01,6,0.5,1.72,15.51,2,4,2,4,0,N
19384,0,1,0,0,1,1,1,0,5.8,2.0,23.22,0.0,5,0.5,1.29,11.61,1,4,1,4,0,N
16506,0,1,0,0,1,1,1,2,7.35,8.0,470.48,0.02,17,0.13,26.14,58.81,6,11,3,8,2,N
21022,10,32,8,35,19,17,7,114,66.2,43.06,122768.18,0.95,437,0.02,6820.45,2850.8,178,259,62,30,122,N
14842,1,1,0,0,1,1,1,2,7.74,1.5,17.41,0.0,5,0.67,0.97,11.61,2,3,2,3,2,N
15758,0,1,0,0,1,1,1,0,5.33,1.5,12.0,0.0,4,0.67,0.67,8.0,1,3,1,3,0,N
22395,0,1,0,0,1,1,1,0,7.75,2.0,31.02,0.01,6,0.5,1.72,15.51,2,4,2,4,0,N
19651,0,1,0,0,1,1,1,0,5.33,1.5,12.0,0.0,4,0.67,0.67,8.0,1,3,1,3,0,N
18499,0,1,0,0,1,1,1,0,7.75,2.0,31.02,0.01,6,0.5,1.72,15.51,2,4,2,4,0,N
14539,0,1,0,0,1,1,1,2,8.98,2.5,56.15,0.01,8,0.4,3.12,22.46,2,6,2,5,2,N
20338,0,1,0,0,1,1,1,0,6.55,3.0,58.95,0.01,7,0.33,3.28,19.65,1,6,1,6,0,N
19807,0,1,0,0,1,1,1,2,5.33,1.5,12.0,0.0,4,0.67,0.67,8.0,1,3,1,3,2,N
19264,0,3,0,0,2,2,1,4,11.18,5.63,353.85,0.02,17,0.18,19.66,62.91,5,12,4,9,4,N
19463,0,1,0,0,1,1,1,0,7.75,2.0,31.02,0.01,6,0.5,1.72,15.51,2,4,2,4,0,N
14933,0,1,0,0,1,1,1,2,7.74,1.5,17.41,0.0,5,0.67,0.97,11.61,2,3,2,3,2,N
21343,0,1,0,0,1,1,1,3,11.58,2.67,82.35,0.01,11,0.38,4.57,30.88,4,7,3,4,3,N
