Unnamed: 0,LOC_BLANK,BRANCH_COUNT,LOC_CODE_AND_COMMENT,LOC_COMMENTS,CYCLOMATIC_COMPLEXITY,DESIGN_COMPLEXITY,ESSENTIAL_COMPLEXITY,LOC_EXECUTABLE,HALSTEAD_CONTENT,HALSTEAD_DIFFICULTY,HALSTEAD_EFFORT,HALSTEAD_ERROR_EST,HALSTEAD_LENGTH,HALSTEAD_LEVEL,HALSTEAD_PROG_TIME,HALSTEAD_VOLUME,NUM_OPERANDS,NUM_OPERATORS,NUM_UNIQUE_OPERANDS,NUM_UNIQUE_OPERATORS,LOC_TOTAL,Defective
33268,0,1,0,0,1,1,1,0,0.0,0.0,0.0,0.0,2,0.0,0.0,2.0,0,2,0,2,0,N
33143,4,1,0,0,1,1,1,19,40.08,13.5,7303.85,0.18,118,0.07,405.77,541.03,45,73,15,9,19,N
33639,0,1,0,0,1,1,1,0,0.0,0.0,0.0,0.0,2,0.0,0.0,2.0,0,2,0,2,0,N
32982,1,3,0,0,2,1,1,6,9.6,6.13,360.21,0.02,17,0.16,20.01,58.81,7,10,4,7,6,N
33030,0,5,0,0,3,3,1,9,15.35,10.67,1746.31,0.05,43,0.09,97.02,163.72,16,27,6,8,9,N
32490,2,1,0,1,1,1,1,3,10.8,2.5,67.5,0.01,9,0.4,3.75,27.0,3,6,3,5,3,N
32891,19,9,2,5,5,5,1,44,42.42,33.07,46402.42,0.47,254,0.03,2577.91,1402.98,94,160,27,19,46,N
33271,3,7,0,0,4,1,3,9,10.26,13.0,1734.69,0.04,32,0.08,96.37,133.44,13,19,6,12,9,N
33013,0,1,0,0,1,1,1,2,12.06,1.5,27.14,0.01,7,0.67,1.51,18.09,3,4,3,3,2,N
33810,0,1,0,0,1,1,1,7,9.38,17.33,2818.28,0.05,47,0.06,156.57,162.59,13,34,3,8,7,N
33430,1,9,0,0,5,1,5,11,9.46,15.3,2213.6,0.05,38,0.07,122.98,144.68,17,21,5,9,11,N
32609,6,3,8,5,2,2,1,20,38.14,38.52,56592.42,0.49,282,0.03,3144.02,1469.07,113,169,22,15,28,Y
32890,6,1,0,2,1,1,1,8,25.94,8.64,1934.62,0.07,51,0.12,107.48,224.01,19,32,11,10,8,N
33284,2,5,0,0,3,1,1,12,16.55,20.22,6769.26,0.11,74,0.05,376.07,334.74,26,48,9,14,12,N
32394,9,7,1,5,4,4,1,26,23.42,21.94,11272.23,0.17,101,0.05,626.23,513.83,39,62,16,18,27,Y
33170,11,1,1,15,1,1,1,9,49.83,3.94,772.6,0.07,44,0.25,42.92,196.21,21,23,16,6,10,N
33388,10,5,4,0,3,3,1,34,76.14,13.84,14581.44,0.35,193,0.07,810.08,1053.67,66,127,31,13,38,N
33414,38,39,2,67,20,6,5,140,58.73,44.94,118581.28,0.88,432,0.02,6587.85,2638.88,192,240,47,22,142,N
32937,2,3,1,3,2,1,1,6,9.34,6.67,415.13,0.02,18,0.15,23.06,62.27,5,13,3,8,7,N
33027,1,3,0,0,2,2,1,5,21.0,4.0,336.0,0.03,21,0.25,18.67,84.0,8,13,8,8,5,N
32659,12,5,2,13,3,3,1,51,104.59,33.49,117276.02,1.17,545,0.03,6515.33,3502.31,253,292,68,18,53,Y
32623,16,11,9,9,6,6,1,31,39.1,16.0,10008.97,0.21,121,0.06,556.05,625.56,40,81,20,16,40,Y
33544,0,3,0,0,2,2,1,4,10.58,5.4,308.4,0.02,15,0.19,17.13,57.11,6,9,5,9,4,N
33300,10,9,2,0,5,3,3,16,15.62,25.83,10423.15,0.13,88,0.04,579.06,403.48,31,57,9,15,18,N
32671,15,13,40,9,7,4,5,27,35.15,40.38,57328.2,0.47,257,0.02,3184.9,1419.56,105,152,26,20,67,Y
32525,3,3,0,0,2,2,1,8,20.15,6.0,725.57,0.04,29,0.17,40.31,120.93,12,17,9,9,8,N
32998,1,5,0,0,3,2,1,8,8.27,16.8,2334.76,0.05,34,0.06,129.71,138.97,14,20,5,12,8,N
32961,6,3,0,4,2,1,1,9,13.67,8.0,875.14,0.04,28,0.13,48.62,109.39,8,20,5,10,9,N
33535,1,5,0,0,3,2,3,16,18.11,10.83,2125.66,0.07,44,0.09,118.09,196.21,15,29,9,13,16,N
32733,2,1,3,0,1,1,1,2,13.96,6.0,502.57,0.03,22,0.17,27.92,83.76,9,13,6,8,5,N
32601,4,3,1,1,2,2,1,9,11.2,8.0,716.99,0.03,25,0.13,39.83,89.62,8,17,4,8,10,Y
33147,11,9,0,4,5,3,1,22,25.42,17.34,7647.27,0.15,89,0.06,424.85,440.92,37,52,16,15,22,N
33634,0,1,0,0,1,1,1,3,17.27,2.5,107.96,0.01,13,0.4,6.0,43.19,5,8,5,5,3,N
33447,2,7,0,0,4,2,4,6,8.02,18.2,2656.24,0.05,35,0.05,147.57,145.95,14,21,5,13,6,N
33575,1,7,0,0,4,1,4,9,17.43,12.28,2628.09,0.07,48,0.08,146.01,214.05,17,31,9,13,9,N
33144,4,5,0,0,3,2,1,10,21.06,5.85,720.66,0.04,29,0.17,40.04,123.19,13,16,10,9,10,N
33005,1,3,0,0,2,2,1,2,7.66,18.67,2670.48,0.05,35,0.05,148.36,143.06,8,27,3,14,2,N
32787,33,16,12,23,10,8,5,32,43.97,20.29,18111.12,0.3,153,0.05,1006.17,892.43,60,93,34,23,44,N
33415,4,3,1,6,2,2,1,15,31.34,8.8,2426.89,0.09,58,0.11,134.83,275.78,22,36,15,12,16,N
32425,5,1,0,0,1,1,1,11,21.27,10.0,2126.66,0.07,51,0.1,118.15,212.67,16,35,8,10,11,N
33016,13,71,4,1,36,24,15,83,78.92,36.03,102421.71,0.95,451,0.03,5690.1,2843.01,199,252,58,21,87,N
33754,1,9,0,0,5,4,1,10,20.87,12.14,3077.28,0.08,62,0.08,170.96,253.42,17,45,7,10,10,N
33470,2,1,0,6,1,1,1,14,41.04,6.42,1689.97,0.09,62,0.16,93.89,263.37,22,40,12,7,14,N
33320,30,11,9,27,6,4,4,26,31.74,23.96,18214.54,0.25,141,0.04,1011.92,760.32,58,83,23,19,35,N
32794,4,5,0,1,3,2,3,11,19.34,11.67,2632.25,0.08,48,0.09,146.24,225.62,20,28,12,14,11,N
33293,0,3,0,0,2,2,1,0,0.0,0.0,0.0,0.0,0,0.0,0.0,0.0,0,0,0,0,0,N
33555,4,5,0,0,3,1,1,9,10.53,27.0,7675.23,0.09,62,0.04,426.4,284.27,18,44,6,18,9,N
33201,2,5,0,0,3,1,1,9,12.72,10.31,1352.83,0.04,29,0.1,75.16,131.18,11,18,8,15,9,N
33683,0,5,1,0,3,2,3,21,22.1,30.64,20753.19,0.23,131,0.03,1152.95,677.26,39,92,14,22,22,N
32969,5,13,0,0,7,6,6,19,20.98,20.4,8729.97,0.14,90,0.05,485.0,427.94,24,66,10,17,19,N
33559,0,3,0,0,2,1,1,0,0.0,0.0,0.0,0.0,0,0.0,0.0,0.0,0,0,0,0,0,N
32392,9,7,1,5,4,4,1,26,23.42,21.94,11272.23,0.17,101,0.05,626.23,513.83,39,62,16,18,27,Y
32418,4,3,1,0,2,1,1,9,16.64,8.94,1328.8,0.05,35,0.11,73.82,148.68,13,22,8,11,10,Y
33538,4,5,0,0,3,2,1,14,29.04,10.58,3249.15,0.1,67,0.09,180.51,307.19,25,42,13,11,14,N
32813,5,67,1,1,34,30,17,90,77.21,42.88,141975.76,1.1,542,0.02,7887.54,3310.82,243,299,51,18,91,N
32920,18,19,3,9,10,5,7,28,22.91,31.57,22836.01,0.24,146,0.03,1268.67,723.31,52,94,14,17,31,N
32727,11,13,1,3,7,4,1,21,48.64,9.91,4779.6,0.16,94,0.1,265.53,482.15,38,56,23,12,22,Y
32785,0,1,0,0,1,1,1,0,0.0,0.0,0.0,0.0,2,0.0,0.0,2.0,0,2,0,2,0,N
33670,3,26,4,1,14,5,9,37,26.59,44.0,51485.85,0.39,217,0.02,2860.32,1170.13,80,137,20,22,41,N
33800,1,5,0,0,3,2,1,6,18.13,7.5,1020.0,0.05,34,0.13,56.67,136.0,9,25,6,10,6,N
33369,2,11,1,0,6,4,6,23,27.33,14.93,6093.85,0.14,84,0.07,338.55,408.07,32,52,15,14,24,N
33340,20,15,5,14,8,5,6,20,19.8,28.5,16082.33,0.19,115,0.04,893.46,564.29,38,77,12,18,25,N
32716,5,1,0,4,1,1,1,6,15.36,7.0,752.84,0.04,30,0.14,41.82,107.55,10,20,5,7,6,N
33716,0,1,0,0,1,1,1,0,0.0,0.0,0.0,0.0,0,0.0,0.0,0.0,0,0,0,0,0,N
32668,3,3,0,0,2,1,1,6,13.31,6.75,606.54,0.03,23,0.15,33.7,89.86,9,14,6,9,6,N
33795,0,31,0,0,16,15,1,48,32.38,34.36,38239.73,0.37,246,0.03,2124.43,1112.8,63,183,11,12,48,N
32461,14,1,62,13,1,1,1,133,257.7,73.75,1401719.45,6.34,2867,0.01,77873.3,19006.37,1180,1687,88,11,195,Y
33116,17,5,6,13,3,3,1,34,41.24,31.72,41502.39,0.44,233,0.03,2305.69,1308.23,92,141,29,20,40,N
32633,18,15,10,9,8,4,3,60,57.8,36.88,78609.33,0.71,358,0.03,4367.19,2131.6,144,214,41,21,70,Y
32602,27,15,10,13,8,6,1,56,34.93,44.48,69108.13,0.52,290,0.02,3839.34,1553.69,139,151,25,16,66,Y
32959,4,3,0,0,2,1,1,6,11.53,10.5,1271.69,0.04,31,0.1,70.65,121.11,14,17,6,9,6,N
33453,1,9,0,0,5,1,1,18,11.83,26.0,7994.02,0.1,70,0.04,444.11,307.46,32,38,8,13,18,N
32720,5,5,2,1,3,3,1,13,26.41,6.0,950.74,0.05,38,0.17,52.82,158.46,12,26,9,9,15,N
33345,13,5,2,7,3,2,3,8,16.55,10.11,1692.31,0.06,37,0.1,94.02,167.37,13,24,9,14,10,N
33765,2,9,0,0,5,4,1,10,19.67,13.36,3508.99,0.09,63,0.07,194.94,262.71,17,46,7,11,10,N
33068,0,3,0,0,2,2,1,5,15.5,4.67,337.59,0.02,19,0.21,18.75,72.34,7,12,6,8,5,N
32960,5,1,0,0,1,1,1,8,10.92,9.0,884.41,0.03,31,0.11,49.13,98.27,9,22,3,6,8,N
33789,1,5,0,0,3,2,1,6,17.34,8.25,1180.25,0.05,35,0.12,65.57,143.06,9,26,6,11,6,N
33704,0,13,1,2,7,1,1,9,13.5,17.0,3900.44,0.08,64,0.06,216.69,229.44,34,30,6,6,10,N
32701,5,1,0,3,1,1,1,10,22.45,4.29,412.33,0.03,26,0.23,22.91,96.21,10,16,7,6,10,N
33312,2,5,1,3,3,1,1,12,18.95,10.29,2007.31,0.07,42,0.1,111.52,195.04,19,23,12,13,13,N
33792,1,9,0,0,5,4,1,10,17.05,15.58,4140.26,0.09,65,0.06,230.01,265.69,17,48,6,11,10,N
33465,3,1,0,2,1,1,1,3,8.72,4.0,139.48,0.01,11,0.25,7.75,34.87,4,7,3,6,3,N
33072,1,5,0,0,3,2,1,6,17.3,4.2,305.12,0.02,21,0.24,16.95,72.65,7,14,5,6,6,N
33410,0,1,0,0,1,1,1,10,20.25,7.2,1049.88,0.05,46,0.14,58.33,145.82,18,28,5,4,10,N
32672,9,3,10,5,2,2,1,20,30.43,17.19,8989.71,0.17,110,0.06,499.43,523.03,50,60,16,11,30,Y
32933,9,7,3,6,4,4,1,9,14.8,10.0,1480.0,0.05,37,0.1,82.22,148.0,12,25,6,10,12,N
33278,10,5,0,5,3,1,1,22,25.02,18.0,8106.33,0.15,108,0.06,450.35,450.35,45,63,10,8,22,N
32964,3,1,0,0,1,1,1,10,34.26,3.82,499.41,0.04,32,0.26,27.75,130.8,14,18,11,6,10,N
32651,1,3,0,0,2,1,1,7,12.33,7.2,639.44,0.03,24,0.14,35.52,88.81,9,15,5,8,7,N
32790,13,7,1,13,4,4,1,14,21.38,9.5,1929.74,0.07,47,0.11,107.21,203.13,19,28,10,10,15,N
33446,0,17,0,0,9,2,9,0,0.0,0.0,0.0,0.0,0,0.0,0.0,0.0,0,0,0,0,0,N
32570,14,5,3,2,3,1,1,64,44.68,37.34,62299.43,0.56,340,0.03,3461.08,1668.34,129,211,19,11,67,Y
33023,0,1,0,0,1,1,1,6,22.59,2.86,184.37,0.02,18,0.35,10.24,64.53,8,10,7,5,6,N
32715,5,5,9,1,3,1,1,8,27.73,19.25,10275.27,0.18,118,0.05,570.85,533.78,42,76,12,11,17,Y
32686,0,1,0,0,1,1,1,0,0.0,0.0,0.0,0.0,2,0.0,0.0,2.0,0,2,0,2,0,N
32599,9,11,0,3,6,1,1,21,15.38,23.25,8313.66,0.12,77,0.04,461.87,357.58,31,46,10,15,21,N
32420,6,5,0,2,3,1,3,22,30.36,13.0,5130.52,0.13,83,0.08,285.03,394.66,28,55,14,13,22,N
33519,1,11,1,0,6,4,5,9,12.07,14.08,2393.0,0.06,40,0.07,132.94,169.92,13,27,6,13,10,N
32897,9,5,1,4,3,2,1,13,18.43,15.0,4147.27,0.09,62,0.07,230.4,276.48,25,37,10,12,14,N
32729,4,5,5,2,3,2,1,5,13.59,16.25,3589.5,0.07,52,0.06,199.42,220.89,15,37,6,13,10,N
33508,0,1,0,0,1,1,1,4,18.6,2.5,116.27,0.02,14,0.4,6.46,46.51,5,9,5,5,4,N
32385,8,5,1,1,3,2,3,24,18.24,30.58,17051.32,0.19,116,0.03,947.3,557.65,53,63,13,15,25,Y
32469,12,9,15,13,5,3,1,30,34.26,27.0,24973.53,0.31,175,0.04,1387.42,924.95,63,112,21,18,45,Y
33108,1,15,0,0,8,1,6,19,7.53,74.0,41237.44,0.19,120,0.01,2290.97,557.26,37,83,5,20,19,N
33089,0,1,0,0,1,1,1,0,0.0,0.0,0.0,0.0,1,0.0,0.0,0.0,0,1,0,1,0,N
32723,21,9,3,13,5,5,1,30,56.41,11.81,7874.42,0.22,127,0.08,437.47,666.49,58,69,27,11,33,Y
33121,1,3,0,0,2,1,1,5,11.07,4.38,211.89,0.02,14,0.23,11.77,48.43,5,9,4,7,5,N
32900,6,3,0,0,2,1,1,11,12.36,20.3,5094.23,0.08,70,0.05,283.01,250.95,29,41,5,7,11,N
33502,0,5,0,0,3,3,3,3,12.61,6.75,574.49,0.03,23,0.15,31.92,85.11,6,17,4,9,3,N
33537,2,1,1,0,1,1,1,6,15.39,10.56,1716.57,0.05,37,0.09,95.37,162.52,13,24,8,13,7,N
33748,1,7,0,0,4,3,1,8,21.13,9.29,1821.84,0.07,48,0.11,101.21,196.2,13,35,7,10,8,N
33142,12,3,0,6,2,2,1,19,35.49,9.58,3256.84,0.11,68,0.1,180.94,340.0,28,40,19,13,19,N
33483,7,3,0,6,2,2,1,14,30.11,9.1,2493.57,0.09,57,0.11,138.53,274.02,21,36,15,13,14,N
33456,2,7,0,0,4,1,1,11,14.12,15.0,3176.62,0.07,49,0.07,176.48,211.77,20,29,8,12,11,N
33490,11,5,6,16,3,2,1,25,27.85,17.97,8994.33,0.17,102,0.06,499.69,500.5,47,55,17,13,31,N
32595,10,1,0,6,1,1,1,14,38.55,5.41,1127.78,0.07,50,0.18,62.65,208.5,17,33,11,7,14,N
32788,30,21,9,27,11,5,7,42,37.79,30.0,34007.12,0.38,213,0.03,1889.28,1133.57,90,123,24,16,51,N
32558,3,9,0,2,5,3,3,10,12.2,18.0,3953.09,0.07,50,0.06,219.62,219.62,18,32,7,14,10,N
33611,0,9,0,0,8,1,1,0,0.0,0.0,0.0,0.0,0,0.0,0.0,0.0,0,0,0,0,0,N
32443,10,5,2,4,3,3,1,31,32.42,21.5,14986.93,0.23,145,0.05,832.61,697.07,43,102,14,14,33,N
33728,1,5,0,0,3,2,1,8,18.13,7.5,1020.0,0.05,34,0.13,56.67,136.0,9,25,6,10,8,N
33807,2,5,0,0,3,2,1,7,18.58,9.43,1651.29,0.06,42,0.11,91.74,175.14,12,30,7,11,7,N
32473,1,1,1,2,1,1,1,2,9.0,3.0,81.0,0.01,9,0.33,4.5,27.0,2,7,2,6,3,Y
33691,1,1,0,0,1,1,1,5,9.88,7.0,484.32,0.02,20,0.14,26.91,69.19,8,12,4,7,5,N
33105,0,1,0,0,1,1,1,2,9.83,2.0,39.3,0.01,7,0.5,2.18,19.65,3,4,3,4,2,N
33298,5,1,0,0,1,1,1,10,31.98,5.0,799.56,0.05,37,0.2,44.42,159.91,15,22,12,8,10,N
32706,4,1,1,1,1,1,1,8,16.8,6.67,746.67,0.04,28,0.15,41.48,112.0,8,20,6,10,9,N
33592,0,1,0,0,1,1,1,0,0.0,0.0,0.0,0.0,0,0.0,0.0,0.0,0,0,0,0,0,N
33315,1,107,0,0,54,24,25,75,46.04,88.2,358147.97,1.35,656,0.01,19897.11,4060.52,239,417,42,31,75,N
33296,0,1,0,0,1,1,1,2,8.15,3.5,99.85,0.01,9,0.29,5.55,28.53,2,7,2,7,2,N
32712,5,3,4,2,2,2,1,14,34.0,8.25,2314.44,0.09,59,0.12,128.58,280.54,24,35,16,11,18,N
32950,3,3,0,0,2,1,1,7,16.65,9.33,1450.57,0.05,42,0.11,80.59,155.42,16,26,6,7,7,N
33443,2,13,0,0,7,5,6,11,7.1,27.62,5419.98,0.07,48,0.04,301.11,196.2,17,31,4,13,11,N
33309,3,1,0,1,1,1,1,2,5.33,1.5,12.0,0.0,4,0.67,0.67,8.0,1,3,1,3,2,N
33809,37,1,0,7,1,1,1,107,1028.47,10.4,111346.25,3.57,1364,0.1,6185.9,10701.25,511,853,221,9,107,N
33350,30,7,4,19,4,2,1,14,18.36,15.27,4283.4,0.09,62,0.07,237.97,280.46,28,34,11,12,18,N
33673,6,10,1,4,6,5,1,26,21.63,27.75,16653.5,0.2,117,0.04,925.19,600.13,37,80,14,21,27,N
32840,48,64,16,11,35,13,22,164,48.91,83.85,343824.52,1.37,645,0.01,19101.36,4100.62,249,396,49,33,180,N
33608,13,8,2,4,6,2,1,38,27.09,32.81,29158.95,0.3,160,0.03,1619.94,888.73,53,107,21,26,40,N
33770,1,7,0,0,4,3,1,8,20.0,10.21,2087.05,0.07,49,0.1,115.95,204.33,13,36,7,11,8,N
32841,48,5,2,26,3,2,3,50,79.97,19.96,31849.29,0.53,267,0.05,1769.4,1595.93,108,159,46,17,52,N
33721,0,3,0,0,2,1,1,7,19.99,4.0,319.82,0.03,21,0.25,17.77,79.95,6,15,6,8,7,N
33775,3,9,0,0,5,4,1,10,22.9,11.69,3127.8,0.09,63,0.09,173.77,267.62,17,46,8,11,10,N
33012,4,5,0,0,3,2,1,6,11.62,9.75,1104.67,0.04,29,0.1,61.37,113.3,13,16,6,9,6,N
33083,2,3,0,0,2,1,1,6,14.04,2.0,56.15,0.01,10,0.5,3.12,28.07,3,7,3,4,6,N
32616,9,11,16,7,6,2,1,31,33.43,24.17,19526.57,0.27,148,0.04,1084.81,808.0,58,90,24,20,47,Y
33427,1,9,0,0,5,1,3,9,8.93,15.75,2214.71,0.05,38,0.06,123.04,140.62,14,24,4,9,9,N
33226,1,36,1,0,21,6,9,49,29.75,68.5,139594.59,0.68,345,0.01,7755.26,2037.88,137,208,30,30,50,N
33160,0,5,0,0,3,3,1,5,13.34,10.0,1334.38,0.04,32,0.1,74.13,133.44,10,22,6,12,5,N
32742,0,1,0,0,1,1,1,0,5.8,2.0,23.22,0.0,5,0.5,1.29,11.61,1,4,1,4,0,N
32665,2,1,0,0,1,1,1,6,11.29,9.0,914.21,0.03,26,0.11,50.79,101.58,9,17,5,10,6,N
32448,9,11,5,3,6,1,1,35,28.15,27.0,20519.43,0.25,147,0.04,1139.97,759.98,54,93,18,18,40,Y
33745,1,7,0,0,4,3,1,8,14.27,14.3,2917.2,0.07,51,0.07,162.07,204.0,13,38,5,11,8,N
32627,14,9,6,12,5,2,1,32,16.9,44.55,33544.41,0.25,152,0.02,1863.58,753.04,49,103,11,20,38,Y
33154,0,1,0,0,1,1,1,0,0.0,0.0,0.0,0.0,1,0.0,0.0,0.0,0,1,0,1,0,N
33805,1,9,0,0,5,4,1,10,17.51,14.17,3513.33,0.08,62,0.07,195.19,248.0,17,45,6,10,10,N
33169,7,1,0,9,1,1,1,9,28.4,5.73,931.41,0.05,39,0.17,51.74,162.63,18,21,11,7,9,N
33460,1,13,0,0,7,3,4,20,31.12,20.24,12744.97,0.21,120,0.05,708.05,629.75,50,70,21,17,20,N
32967,0,3,0,0,2,2,1,4,9.51,3.0,85.59,0.01,9,0.33,4.75,28.53,3,6,3,6,4,N
33062,2,7,0,0,4,1,4,8,7.5,12.0,1079.34,0.03,26,0.08,59.96,89.95,9,17,3,8,8,N
32583,13,5,1,6,3,2,1,15,32.92,10.73,3787.08,0.12,70,0.09,210.39,353.11,33,37,20,13,16,N
32475,4,13,9,0,7,4,7,18,18.44,22.5,9335.36,0.14,96,0.04,518.63,414.91,30,66,8,12,27,Y
32910,3,1,0,0,1,1,1,4,14.0,3.0,126.0,0.01,14,0.33,7.0,42.0,6,8,4,4,4,N
33527,5,3,0,0,2,2,1,17,21.41,11.11,2643.15,0.08,56,0.09,146.84,237.88,20,36,9,10,17,N
32536,4,1,0,7,1,1,1,3,11.0,3.0,99.0,0.01,11,0.33,5.5,33.0,2,9,2,6,3,N
32876,1,5,0,1,3,1,1,10,19.9,8.8,1541.2,0.06,42,0.11,85.62,175.14,22,20,10,8,10,N
33588,2,1,0,0,1,1,1,7,9.86,12.0,1419.65,0.04,33,0.08,78.87,118.3,12,21,4,8,7,N
33571,0,3,0,0,2,1,1,0,9.51,4.0,152.16,0.01,12,0.25,8.45,38.04,4,8,3,6,0,N
33326,34,15,9,52,8,4,1,32,40.58,25.19,25740.38,0.34,184,0.04,1430.02,1022.04,68,116,27,20,41,N
33449,0,11,0,0,6,2,6,0,0.0,0.0,0.0,0.0,0,0.0,0.0,0.0,0,0,0,0,0,N
32647,2,3,0,0,2,1,1,7,12.33,7.2,639.44,0.03,24,0.14,35.52,88.81,9,15,5,8,7,N
33186,1,1,0,0,1,1,1,2,7.75,2.0,31.02,0.01,6,0.5,1.72,15.51,2,4,2,4,2,N
32704,13,3,0,6,2,2,1,19,41.39,9.75,3934.63,0.13,80,0.1,218.59,403.55,39,41,22,11,19,N
33525,1,3,0,0,2,1,1,4,12.18,3.0,109.62,0.01,11,0.33,6.09,36.54,4,7,4,6,4,N
32393,9,7,1,5,4,4,1,26,23.42,21.94,11272.23,0.17,101,0.05,626.23,513.83,39,62,16,18,27,N
33784,1,9,0,0,5,4,1,10,20.29,13.36,3620.39,0.09,65,0.07,201.13,271.05,17,48,7,11,10,N
32572,8,3,0,8,2,2,1,13,35.04,3.85,519.3,0.04,33,0.26,28.85,134.89,11,22,10,7,13,Y
33285,10,13,2,5,7,3,1,13,29.5,19.83,11602.5,0.2,117,0.05,644.58,585.0,35,82,15,17,15,N
32767,0,3,0,0,2,1,1,0,0.0,0.0,0.0,0.0,0,0.0,0.0,0.0,0,0,0,0,0,N
33803,2,40,0,1,26,13,26,67,44.63,34.32,52562.96,0.51,270,0.03,2920.16,1531.55,66,204,25,26,67,N
32743,0,1,0,0,1,1,1,0,5.8,2.0,23.22,0.0,5,0.5,1.29,11.61,1,4,1,4,0,N
33250,0,27,0,0,1,1,1,0,0.0,0.0,0.0,0.0,0,0.0,0.0,0.0,0,0,0,0,0,N
33560,0,3,0,0,2,1,1,6,9.25,8.0,592.07,0.02,20,0.13,32.89,74.01,10,10,5,8,6,N
32550,3,1,0,0,1,1,1,3,9.0,3.0,81.0,0.01,9,0.33,4.5,27.0,2,7,2,6,3,N
33254,1,3,0,1,2,2,1,7,15.92,6.29,629.06,0.03,24,0.16,34.95,100.08,8,16,7,11,7,N
33231,0,5,1,1,3,2,1,6,14.06,8.67,1055.91,0.04,32,0.12,58.66,121.84,13,19,6,8,7,N
32782,22,9,8,18,5,5,1,27,30.1,21.5,13912.18,0.22,120,0.05,772.9,647.08,43,77,21,21,35,N
32940,14,11,2,11,6,2,1,23,18.05,41.17,30592.16,0.25,150,0.02,1699.56,743.13,52,98,12,19,25,N
32445,9,15,15,3,8,1,1,41,28.48,37.78,40642.28,0.36,205,0.03,2257.9,1075.83,68,137,18,20,56,Y
33595,0,1,0,1,1,1,1,2,8.0,3.0,72.0,0.01,8,0.33,4.0,24.0,2,6,2,6,2,N
32410,4,1,0,1,1,1,1,4,23.44,4.0,375.06,0.03,24,0.25,20.84,93.77,7,17,7,8,4,N
32517,4,3,0,0,2,2,1,8,16.23,4.57,339.34,0.02,19,0.22,18.85,74.23,8,11,7,8,8,N
33710,0,3,0,0,2,1,1,2,5.0,6.0,180.0,0.01,10,0.17,10.0,30.0,4,6,2,6,2,N
33666,0,12,3,0,7,2,5,13,22.03,12.0,3172.85,0.09,55,0.08,176.27,264.4,18,37,12,16,16,N
33211,0,1,0,0,1,1,1,0,0.0,0.0,0.0,0.0,0,0.0,0.0,0.0,0,0,0,0,0,N
33391,13,11,2,30,6,4,1,48,35.29,31.25,34462.66,0.37,202,0.03,1914.59,1102.81,75,127,24,20,50,N
33129,1,9,0,0,5,3,1,11,16.12,14.3,3299.03,0.08,51,0.07,183.28,230.7,22,29,10,13,11,N
33672,0,3,4,4,2,1,1,5,7.45,31.17,7238.42,0.08,61,0.03,402.13,232.25,17,44,3,11,9,N
33802,1,13,0,0,7,6,1,15,21.28,19.5,8090.65,0.14,96,0.05,449.48,414.91,26,70,8,12,15,N
32843,9,3,1,7,2,1,1,4,11.72,8.0,750.12,0.03,24,0.13,41.67,93.77,8,16,5,10,5,N
32541,8,3,4,4,2,1,1,11,30.01,11.76,4154.21,0.12,70,0.09,230.79,353.11,25,45,17,16,15,N
33220,1,1,0,3,1,1,1,2,9.83,2.0,39.3,0.01,7,0.5,2.18,19.65,3,4,3,4,2,N
33573,1,1,0,0,1,1,1,8,12.15,16.71,3395.18,0.07,47,0.06,188.62,203.13,18,29,7,13,8,N
32945,9,1,4,4,1,1,1,15,39.41,17.0,11388.28,0.22,155,0.06,632.68,669.9,51,104,12,8,19,N
32839,6,7,3,5,4,4,1,4,16.02,5.4,467.02,0.03,25,0.19,25.95,86.49,9,16,5,6,7,N
33677,1,3,0,0,2,2,1,4,8.65,8.0,553.51,0.02,20,0.13,30.75,69.19,6,14,3,8,4,N
33506,0,1,0,0,1,1,1,6,15.36,4.2,271.02,0.02,18,0.24,15.06,64.53,6,12,5,7,6,N
33526,8,15,2,2,8,4,5,18,18.74,26.0,12669.33,0.16,95,0.04,703.85,487.28,39,56,15,20,20,N
32708,4,3,0,0,2,2,1,49,29.78,92.08,252543.19,0.91,615,0.01,14030.18,2742.55,221,394,12,10,49,N
33574,1,5,0,0,3,1,3,15,28.29,26.03,19171.54,0.25,146,0.04,1065.09,736.48,49,97,16,17,15,N
33566,5,3,0,0,2,2,1,13,15.26,13.81,2912.11,0.07,48,0.07,161.78,210.83,17,31,8,13,13,N
33543,0,1,0,0,1,1,1,4,15.74,5.71,513.85,0.03,22,0.18,28.55,89.92,8,14,7,10,4,N
33479,7,6,1,0,5,5,1,31,38.39,13.65,7152.72,0.17,103,0.07,397.37,524.01,39,64,20,14,32,N
33041,1,7,0,0,4,3,4,10,14.59,15.89,3684.48,0.08,52,0.06,204.69,231.89,22,30,9,13,10,N
32605,6,3,1,4,2,2,1,12,18.1,9.63,1676.34,0.06,41,0.1,93.13,174.17,14,27,8,11,13,Y
33398,0,1,0,0,1,1,1,6,15.86,3.5,194.27,0.02,15,0.29,10.79,55.51,6,9,6,7,6,N
33272,9,13,3,1,7,4,4,27,32.56,15.0,7325.95,0.16,96,0.07,407.0,488.4,38,58,19,15,30,N
33330,19,5,2,14,3,2,3,12,16.35,23.86,9310.08,0.13,83,0.04,517.23,390.14,35,48,11,15,14,N
33209,11,1,0,18,1,1,1,12,61.38,3.63,809.5,0.07,48,0.28,44.97,222.91,23,25,19,6,12,N
33171,4,1,0,6,1,1,1,6,24.59,4.05,405.89,0.03,27,0.25,22.55,99.91,13,14,8,5,6,N
33744,1,3,0,0,2,1,1,4,16.07,4.5,325.53,0.02,19,0.22,18.08,72.34,5,14,5,9,4,N
33423,1,16,0,0,10,9,1,23,19.68,29.22,16802.56,0.19,114,0.03,933.48,575.06,55,59,16,17,23,N
33314,1,1,0,0,1,1,1,10,14.99,5.33,426.42,0.03,21,0.19,23.69,79.95,8,13,6,8,10,N
33200,0,7,0,0,4,3,1,0,0.0,0.0,0.0,0.0,0,0.0,0.0,0.0,0,0,0,0,0,N
32732,11,5,6,21,3,1,1,9,17.97,15.13,4111.99,0.09,64,0.07,228.44,271.87,22,42,8,11,15,N
32416,6,5,1,5,3,2,1,15,16.6,11.38,2148.39,0.06,43,0.09,119.36,188.87,14,29,8,13,16,Y
32896,3,3,0,0,2,1,1,6,8.86,6.0,318.91,0.02,16,0.17,17.72,53.15,8,8,4,6,6,N
33496,3,7,0,8,4,2,3,17,17.85,11.82,2492.55,0.07,46,0.08,138.48,210.91,20,26,11,13,17,N
32674,11,3,0,4,2,1,1,21,22.1,19.17,8119.88,0.14,95,0.05,451.1,423.65,46,49,12,10,21,N
33561,0,3,0,0,2,1,1,5,9.87,5.63,312.22,0.02,15,0.18,17.35,55.51,5,10,4,9,5,N
32471,5,1,0,0,1,1,1,11,23.74,8.44,1689.91,0.07,49,0.12,93.88,200.29,15,34,8,9,11,N
32792,15,45,9,46,23,7,19,54,54.16,34.14,63133.21,0.62,326,0.03,3507.4,1849.21,115,211,32,19,63,N
32462,3,5,2,5,3,1,1,6,11.15,13.0,1884.3,0.05,33,0.08,104.68,144.95,13,20,7,14,8,Y
32875,1,5,0,1,3,1,1,10,19.9,8.8,1541.2,0.06,42,0.11,85.62,175.14,22,20,10,8,10,N
33000,2,143,0,0,72,71,70,57,94.78,31.27,92697.93,0.99,482,0.03,5149.89,2964.18,215,267,55,16,57,N
32628,10,13,3,7,7,2,1,33,13.97,46.44,30142.12,0.22,135,0.02,1674.56,648.99,44,91,9,19,36,Y
33409,1,1,0,0,1,1,1,5,13.32,3.5,163.12,0.02,13,0.29,9.06,46.6,5,8,5,7,5,N
32658,12,21,15,10,11,2,1,53,30.35,65.33,129533.9,0.66,355,0.02,7196.33,1982.66,168,187,27,21,68,Y
32868,8,52,0,11,28,17,22,62,46.13,44.69,92128.28,0.69,328,0.02,5118.24,2061.61,143,185,48,30,62,N
33262,45,30,3,36,16,13,16,57,24.44,62.25,94697.4,0.51,277,0.02,5260.97,1521.24,83,194,18,27,60,N
33032,2,7,0,0,4,1,1,14,23.76,19.0,8577.24,0.15,92,0.05,476.51,451.43,38,54,15,15,14,N
32739,1,13,0,0,7,6,6,17,29.56,17.53,9086.14,0.17,109,0.06,504.79,518.28,51,58,16,11,17,N
32648,5,1,0,0,1,1,1,6,21.49,6.6,936.12,0.05,41,0.15,52.01,141.84,11,30,5,6,6,N
33760,2,7,0,0,4,3,1,8,20.0,10.21,2087.05,0.07,49,0.1,115.95,204.33,13,36,7,11,8,N
33493,1,15,0,1,8,5,5,17,25.48,19.42,9611.44,0.16,95,0.05,533.97,494.9,41,54,19,18,17,N
32488,2,1,0,1,1,1,1,3,10.8,2.5,67.5,0.01,9,0.4,3.75,27.0,3,6,3,5,3,N
32980,2,5,0,0,3,3,1,17,33.91,8.29,2327.82,0.09,63,0.12,129.32,280.94,29,34,14,8,17,N
32654,4,1,0,0,1,1,1,4,16.5,2.0,66.0,0.01,11,0.5,3.67,33.0,4,7,4,4,4,N
32889,5,5,2,1,3,1,1,18,30.0,45.18,61231.14,0.45,279,0.02,3401.73,1355.38,128,151,17,12,20,N
33055,11,9,4,16,5,2,3,20,25.05,13.43,4520.52,0.11,70,0.07,251.14,336.51,31,39,15,13,24,N
32844,10,27,4,7,14,1,14,24,23.61,26.38,16434.72,0.21,131,0.04,913.04,622.89,49,82,13,14,28,N
32717,10,3,0,4,2,1,1,14,18.81,17.05,5466.9,0.11,73,0.06,303.72,320.64,31,42,10,11,14,N
32532,4,5,1,2,3,3,1,15,24.04,10.4,2599.82,0.08,52,0.1,144.43,249.98,24,28,15,13,16,Y
33161,2,12,0,4,7,2,7,21,20.89,24.94,12991.07,0.17,100,0.04,721.73,520.95,38,62,16,21,21,N
33022,1,13,0,0,7,4,7,19,26.05,18.0,8439.31,0.16,90,0.06,468.85,468.85,38,52,19,18,19,N
33594,8,9,0,10,5,1,5,12,12.68,22.22,6261.4,0.09,58,0.05,347.86,281.76,20,38,9,20,12,N
32571,23,5,24,19,3,2,1,55,74.79,38.6,111439.21,0.96,483,0.03,6191.07,2887.03,193,290,45,18,79,Y
32847,1,3,0,0,2,2,1,8,14.86,9.6,1369.94,0.05,32,0.1,76.11,142.7,16,16,10,12,8,N
32502,8,15,4,8,8,2,1,18,26.2,18.41,8874.62,0.16,94,0.05,493.03,482.15,31,63,16,19,22,Y
33417,1,1,0,0,1,1,1,4,10.57,3.0,95.1,0.01,10,0.33,5.28,31.7,3,7,3,6,4,N
33304,0,1,0,0,1,1,1,2,13.2,7.5,742.43,0.03,26,0.13,41.25,98.99,6,20,4,10,2,N
32983,1,5,0,0,3,1,1,10,12.81,10.93,1530.0,0.05,35,0.09,85.0,140.0,17,18,7,9,10,N
33517,0,3,0,0,2,1,1,2,9.49,3.5,116.27,0.01,10,0.29,6.46,33.22,3,7,3,7,2,N
33178,6,6,4,10,5,5,1,23,27.77,18.5,9505.92,0.17,101,0.05,528.11,513.83,37,64,17,17,27,N
33338,90,37,26,47,19,5,11,86,41.46,58.45,141635.44,0.81,407,0.02,7868.64,2423.36,173,234,37,25,112,N
33399,0,1,0,0,1,1,1,5,13.32,3.5,163.12,0.02,13,0.29,9.06,46.6,5,8,5,7,5,N
32561,8,5,0,3,3,2,1,19,18.18,20.68,7775.68,0.13,82,0.05,431.98,375.97,35,47,11,13,19,N
32855,1,3,4,0,2,1,1,7,25.36,8.18,1697.34,0.07,48,0.12,94.3,207.45,20,28,11,9,11,N
33349,0,1,0,0,1,1,1,0,0.0,0.0,0.0,0.0,2,0.0,0.0,2.0,0,2,0,2,0,N
33036,3,13,0,2,7,7,4,22,34.83,15.79,8682.88,0.18,111,0.06,482.38,549.92,50,61,19,12,22,N
33419,0,1,0,0,1,1,1,0,0.0,0.0,0.0,0.0,2,0.0,0.0,2.0,0,2,0,2,0,N
33547,3,9,0,1,5,3,4,11,17.34,11.9,2455.25,0.07,45,0.08,136.4,206.32,17,28,10,14,11,N
32372,4,1,1,2,1,1,1,2,11.62,3.0,104.61,0.01,11,0.33,5.81,34.87,3,8,3,6,3,Y
32509,7,11,17,7,6,2,1,6,25.52,13.0,4312.2,0.11,69,0.08,239.57,331.71,26,43,14,14,23,Y
33558,0,1,0,0,1,1,1,0,0.0,0.0,0.0,0.0,2,0.0,0.0,2.0,0,2,0,2,0,N
32644,8,5,3,5,3,2,1,40,29.0,28.53,23605.34,0.28,174,0.04,1311.41,827.35,83,91,16,11,43,Y
32660,7,1,0,3,1,1,1,6,19.93,3.0,179.38,0.02,18,0.33,9.97,59.79,6,12,5,5,6,N
33279,21,16,1,0,15,15,1,89,47.97,41.21,81451.08,0.66,336,0.02,4525.06,1976.57,129,207,36,23,90,N
32653,5,1,0,0,1,1,1,9,28.28,5.25,779.42,0.05,38,0.19,43.3,148.46,12,26,8,7,9,N
33180,10,5,1,20,3,1,1,19,37.98,10.17,3931.9,0.13,78,0.1,218.44,386.43,37,41,20,11,20,N
32935,24,15,7,14,8,7,4,53,32.84,38.14,47779.28,0.42,237,0.03,2654.4,1252.64,89,148,21,18,60,N
33580,1,11,0,0,6,2,5,23,20.3,22.0,9823.92,0.15,95,0.05,545.77,446.54,44,51,13,13,23,N
32911,13,3,0,11,2,1,1,32,39.18,18.35,13195.42,0.24,148,0.05,733.08,718.98,52,96,17,12,32,N
32824,3,4,0,1,3,3,1,20,27.92,10.27,2942.64,0.1,59,0.1,163.48,286.62,22,37,15,14,20,N
32491,1,1,0,0,1,1,1,2,0.0,0.0,0.0,0.0,3,0.0,0.0,4.75,0,3,0,3,2,N
33206,15,15,0,50,8,6,1,73,134.45,7.83,8234.67,0.35,182,0.13,457.48,1052.21,80,102,46,9,73,N
32693,4,3,1,1,2,2,1,15,23.33,6.0,840.0,0.05,35,0.17,46.67,140.0,12,23,8,8,16,Y
32685,9,5,1,9,3,2,1,37,43.31,28.5,35176.89,0.41,221,0.04,1954.27,1234.28,95,126,30,18,38,Y
33011,2,15,0,1,8,8,1,26,25.59,23.5,14132.38,0.2,113,0.04,785.13,601.38,47,66,20,20,26,N
32801,2,3,0,0,2,1,1,7,11.63,7.2,603.09,0.03,22,0.14,33.5,83.76,8,14,5,9,7,N
33336,13,1,1,9,1,1,1,10,30.05,9.31,2603.2,0.09,61,0.11,144.62,279.68,22,39,13,11,11,N
32497,5,1,0,0,1,1,1,10,19.62,8.36,1370.57,0.05,41,0.12,76.14,164.0,13,28,7,9,10,N
33812,0,1,0,0,1,1,1,12,7.87,22.0,3810.23,0.06,67,0.05,211.68,173.19,22,45,2,4,12,N
33408,16,9,5,22,5,5,1,37,34.17,20.57,14460.86,0.23,133,0.05,803.38,702.96,48,85,21,18,42,N
33053,17,14,2,19,8,4,3,47,40.61,18.56,13994.09,0.25,131,0.05,777.45,753.89,54,77,32,22,49,N
32797,2,1,0,0,1,1,1,2,14.99,3.0,134.92,0.01,13,0.33,7.5,44.97,5,8,5,6,2,N
32990,2,1,0,0,1,1,1,8,5.12,21.67,2405.29,0.04,30,0.05,133.63,111.01,13,17,3,10,8,N
32988,9,25,0,3,13,13,1,60,68.34,30.72,64501.75,0.7,372,0.03,3583.43,2099.51,158,214,36,14,60,N
33332,24,9,6,16,5,4,1,30,30.18,28.0,23660.0,0.28,169,0.04,1314.44,845.0,72,97,18,14,36,N
32996,0,7,0,0,4,3,3,0,0.0,0.0,0.0,0.0,0,0.0,0.0,0.0,0,0,0,0,0,N
32520,3,3,0,0,2,2,1,8,17.09,4.57,357.2,0.03,20,0.22,19.84,78.14,8,12,7,8,8,N
33328,24,9,5,15,5,3,1,18,15.77,32.31,16460.25,0.17,101,0.03,914.46,509.48,42,59,13,20,23,N
33647,1,5,0,0,3,2,1,12,9.52,10.8,1110.22,0.03,27,0.09,61.68,102.8,12,15,5,9,12,N
32913,13,11,4,8,6,2,1,25,22.29,37.23,30894.1,0.28,181,0.03,1716.34,829.88,63,118,11,13,29,N
32859,0,1,0,0,1,1,1,0,0.0,0.0,0.0,0.0,0,0.0,0.0,0.0,0,0,0,0,0,N
33395,1,3,0,0,2,1,1,11,16.8,6.43,694.29,0.04,27,0.16,38.57,108.0,10,17,7,9,11,N
33622,4,5,0,10,3,1,1,8,19.97,6.61,872.67,0.04,33,0.15,48.48,132.0,17,16,9,7,8,N
33263,11,9,0,5,5,1,1,22,17.69,33.08,19354.95,0.2,116,0.03,1075.28,585.15,43,73,13,20,22,N
33671,0,1,0,0,1,1,1,4,9.34,6.67,415.13,0.02,18,0.15,23.06,62.27,5,13,3,8,4,N
32928,4,3,1,1,2,1,1,5,8.3,6.67,369.01,0.02,16,0.15,20.5,55.35,5,11,3,8,6,N
32972,4,9,0,0,5,4,1,10,22.9,11.69,3127.8,0.09,63,0.09,173.77,267.62,17,46,8,11,10,N
33420,0,1,0,0,1,1,1,0,0.0,0.0,0.0,0.0,2,0.0,0.0,2.0,0,2,0,2,0,N
33567,0,3,0,0,2,1,1,0,13.29,3.0,119.59,0.01,12,0.33,6.64,39.86,4,8,4,6,0,N
33530,0,1,0,0,1,1,1,2,7.75,2.0,31.02,0.01,6,0.5,1.72,15.51,2,4,2,4,2,N
32800,7,29,7,14,15,5,9,25,32.32,33.06,35331.2,0.36,184,0.03,1962.84,1068.55,82,102,31,25,32,N
33301,5,1,0,3,1,1,1,9,24.05,11.82,3359.53,0.09,62,0.08,186.64,284.27,20,42,11,13,9,N
32458,17,9,6,11,5,5,1,22,41.03,12.75,6670.63,0.17,102,0.08,370.59,523.19,34,68,20,15,28,Y
32922,34,39,10,27,20,5,18,63,24.73,129.11,412246.14,1.06,596,0.01,22902.56,3193.1,223,373,19,22,73,N
33724,1,3,0,0,2,1,1,6,16.07,4.5,325.53,0.02,19,0.22,18.08,72.34,5,14,5,9,6,N
32833,21,10,1,7,9,2,1,44,32.63,24.1,18942.67,0.26,144,0.04,1052.37,786.16,44,100,21,23,45,N
33458,0,5,0,0,3,2,1,5,4.61,13.5,840.64,0.02,18,0.07,46.7,62.27,6,12,2,9,5,N
32772,40,33,8,23,17,11,17,46,29.38,28.9,24540.17,0.28,163,0.03,1363.34,849.14,68,95,20,17,54,N
33324,12,5,0,13,3,1,1,11,27.67,6.54,1183.09,0.06,40,0.15,65.73,180.94,17,23,13,10,11,N
32944,10,15,3,9,8,4,1,22,15.63,41.67,27127.69,0.22,142,0.02,1507.09,651.06,50,92,9,15,25,N
32518,3,1,0,0,1,1,1,4,11.23,2.0,44.92,0.01,8,0.5,2.5,22.46,3,5,3,4,4,N
32956,0,1,0,0,1,1,1,10,16.71,33.75,19031.2,0.19,163,0.03,1057.29,563.89,81,82,6,5,10,N
32979,4,3,0,3,2,1,1,12,44.04,7.43,2427.8,0.11,66,0.13,134.88,326.98,27,39,20,11,12,N
32809,12,55,2,3,34,15,17,84,49.42,59.29,173747.07,0.98,445,0.02,9652.62,2930.31,181,264,58,38,86,N
33565,0,3,0,0,2,1,1,3,11.39,3.5,139.52,0.01,12,0.29,7.75,39.86,3,9,3,7,3,N
33428,0,3,0,0,2,2,1,0,0.0,0.0,0.0,0.0,0,0.0,0.0,0.0,0,0,0,0,0,N
33371,5,1,0,0,1,1,1,15,29.54,9.6,2722.13,0.09,68,0.1,151.23,283.55,24,44,10,8,15,N
32752,0,1,1,0,1,1,1,1,5.33,1.5,12.0,0.0,4,0.67,0.67,8.0,1,3,1,3,2,N
33769,1,5,0,0,3,2,1,6,18.13,7.5,1020.0,0.05,34,0.13,56.67,136.0,9,25,6,10,6,N
33208,8,3,0,16,2,2,1,11,25.93,6.0,933.54,0.05,36,0.17,51.86,155.59,12,24,10,10,11,N
33658,1,3,0,0,2,1,1,5,7.62,8.0,487.55,0.02,17,0.13,27.09,60.94,8,9,4,8,5,N
32977,0,1,0,0,1,1,1,2,14.8,4.0,236.83,0.02,16,0.25,13.16,59.21,5,11,5,8,2,N
32975,2,5,0,0,3,2,1,9,12.8,5.6,401.52,0.02,20,0.18,22.31,71.7,8,12,5,7,9,N
33663,0,1,0,0,1,1,1,2,7.75,2.0,31.02,0.01,6,0.5,1.72,15.51,2,4,2,4,2,N
32848,2,13,2,0,8,8,5,37,34.99,21.11,15596.05,0.25,133,0.05,866.45,738.76,57,76,27,20,39,N
32923,15,15,2,12,8,3,5,23,18.33,33.85,21000.2,0.21,123,0.03,1166.68,620.46,44,79,13,20,25,N
32670,11,1,0,4,1,1,1,17,21.63,16.0,5537.66,0.12,83,0.06,307.65,346.1,40,43,10,8,17,N
32823,6,37,6,4,19,2,18,75,38.0,40.44,62131.34,0.51,267,0.02,3451.74,1536.55,109,158,31,23,81,N
33355,8,1,0,6,1,1,1,15,6.55,28.0,5138.91,0.06,71,0.04,285.49,183.53,28,43,2,4,15,N
33627,4,11,0,3,6,4,4,24,26.34,18.81,9323.4,0.17,101,0.05,517.97,495.6,43,58,16,14,24,N
33778,1,7,0,0,4,3,1,12,22.77,11.56,3040.34,0.09,59,0.09,168.91,263.11,16,43,9,13,12,N
33563,0,3,0,0,2,1,1,10,10.05,12.5,1570.53,0.04,33,0.08,87.25,125.64,10,23,4,10,10,N
33513,3,9,4,2,5,3,3,23,24.91,18.53,8553.83,0.15,90,0.05,475.21,461.64,35,55,17,18,27,N
33450,0,5,0,0,3,1,1,0,0.0,0.0,0.0,0.0,0,0.0,0.0,0.0,0,0,0,0,0,N
33127,13,26,1,1,14,11,7,45,31.37,40.5,51461.36,0.42,216,0.02,2858.96,1270.65,96,120,32,27,46,N
33280,8,11,0,4,6,4,5,32,34.06,15.11,7772.08,0.17,102,0.07,431.78,514.53,41,61,19,14,32,N
32714,27,5,5,25,3,3,1,30,51.95,30.8,49286.33,0.53,323,0.03,2738.13,1600.21,112,211,20,11,35,Y
33651,0,1,0,1,1,1,1,4,15.03,6.4,615.75,0.03,26,0.16,34.21,96.21,8,18,5,8,4,N
32486,2,1,0,0,1,1,1,5,17.22,4.08,287.09,0.02,19,0.24,15.95,70.31,7,12,6,7,5,N
32540,4,7,1,3,4,1,1,18,10.95,15.79,2728.99,0.06,40,0.06,151.61,172.88,17,23,7,13,19,Y
32649,3,3,0,0,2,1,1,7,12.33,7.2,639.44,0.03,24,0.14,35.52,88.81,9,15,5,8,7,N
33767,3,11,0,0,6,5,1,13,26.14,14.06,5163.5,0.12,85,0.07,286.86,367.36,23,62,9,11,13,N
33568,0,3,0,0,2,1,1,0,9.51,4.0,152.16,0.01,12,0.25,8.45,38.04,4,8,3,6,0,N
32656,23,3,0,11,2,2,1,31,53.71,11.17,6703.96,0.2,112,0.09,372.44,600.05,54,58,29,12,31,Y
32689,4,3,0,6,2,1,1,5,8.81,10.8,1027.99,0.03,25,0.09,57.11,95.18,12,13,5,9,5,N
33302,0,1,0,0,1,1,1,0,0.0,0.0,0.0,0.0,2,0.0,0.0,2.0,0,2,0,2,0,N
33487,14,5,6,37,3,2,1,25,33.43,19.13,12234.56,0.21,121,0.05,679.7,639.53,55,66,23,16,31,N
33481,28,28,15,0,19,14,5,110,72.82,37.62,103078.67,0.91,421,0.03,5726.59,2739.78,153,268,61,30,125,N
33292,0,1,0,0,1,1,1,2,10.57,3.0,95.1,0.01,10,0.33,5.28,31.7,3,7,3,6,2,N
32598,21,13,7,11,7,5,1,26,34.86,26.4,24294.51,0.31,178,0.04,1349.7,920.25,66,112,20,16,33,Y
32450,4,3,2,1,2,2,1,8,13.65,11.0,1651.29,0.05,36,0.09,91.74,150.12,14,22,7,11,10,N
33247,1,84,1,0,47,1,5,62,49.53,53.67,142651.41,0.89,450,0.02,7925.08,2658.1,161,289,36,24,63,N
32914,16,13,6,11,7,3,6,22,17.7,38.25,25897.75,0.23,132,0.03,1438.76,677.07,51,81,14,21,28,N
32991,1,1,0,0,1,1,1,2,17.43,2.0,69.74,0.01,11,0.5,3.87,34.87,5,6,5,4,2,N
33712,2,9,0,0,5,4,1,12,17.51,14.17,3513.33,0.08,62,0.07,195.19,248.0,17,45,6,10,12,N
33026,1,19,1,0,10,5,7,20,31.72,17.63,9853.99,0.19,109,0.06,547.44,559.09,47,62,20,15,21,N
33261,2,9,0,0,5,1,4,10,7.1,19.25,2632.27,0.05,35,0.05,146.24,136.74,14,21,4,11,10,N
32652,3,3,0,0,2,2,1,6,11.62,3.0,104.61,0.01,11,0.33,5.81,34.87,3,8,3,6,6,N
33742,1,11,0,0,6,5,1,12,17.37,17.5,5320.0,0.1,76,0.06,295.56,304.0,21,55,6,10,12,N
32932,18,17,6,11,9,6,1,32,26.92,45.5,55737.5,0.41,245,0.02,3096.53,1225.0,91,154,16,16,38,N
32710,27,3,1,23,2,2,1,33,73.68,23.6,41036.32,0.58,339,0.04,2279.8,1738.83,118,221,25,10,34,Y
32906,21,19,6,10,10,5,3,44,24.34,46.75,53191.17,0.38,211,0.02,2955.06,1137.78,85,126,20,22,50,N
33736,8,17,4,4,10,6,1,23,26.68,23.54,14784.08,0.21,128,0.04,821.34,628.08,36,92,13,17,27,N
33224,1,3,0,0,2,1,1,4,11.83,9.33,1030.52,0.04,29,0.11,57.25,110.41,14,15,6,8,4,N
33472,2,1,0,6,1,1,1,14,41.04,6.42,1689.97,0.09,62,0.16,93.89,263.37,22,40,12,7,14,N
32820,0,1,0,0,1,1,1,0,0.0,0.0,0.0,0.0,2,0.0,0.0,2.0,0,2,0,2,0,N
33366,3,13,0,0,7,6,6,17,25.42,19.69,9851.11,0.17,101,0.05,547.28,500.37,42,59,16,15,17,N
32695,14,13,3,12,7,4,1,39,22.53,28.41,18190.55,0.21,122,0.04,1010.59,640.25,46,76,17,21,42,Y
33082,0,1,0,0,1,1,1,0,0.0,0.0,0.0,0.0,2,0.0,0.0,2.0,0,2,0,2,0,N
33649,19,43,3,8,27,21,11,145,82.59,47.25,184399.83,1.3,565,0.02,10244.44,3902.39,212,353,83,37,148,N
33039,4,41,4,3,21,20,11,71,65.4,42.25,116749.16,0.92,430,0.02,6486.06,2763.29,195,235,60,26,75,N
33714,1,3,0,0,2,2,1,7,13.87,8.25,944.2,0.04,28,0.12,52.46,114.45,9,19,6,11,7,N
32690,1,1,0,0,1,1,1,2,9.83,2.0,39.3,0.01,7,0.5,2.18,19.65,3,4,3,4,2,N
32680,20,5,4,10,3,2,1,18,39.64,11.0,4795.88,0.15,85,0.09,266.44,435.99,33,52,21,14,22,Y
33482,11,7,1,11,5,5,1,29,46.18,10.67,5260.7,0.16,92,0.09,292.26,492.89,37,55,26,15,30,N
33269,1,3,0,0,2,1,1,7,13.2,6.67,586.67,0.03,22,0.15,32.59,88.0,8,14,6,10,7,N
32374,6,1,0,1,1,1,1,10,21.06,8.36,1470.86,0.06,44,0.12,81.71,176.0,13,31,7,9,10,N
32533,3,5,0,1,3,3,1,12,26.42,6.77,1210.43,0.06,39,0.15,67.25,178.81,16,23,13,11,12,N
32622,7,9,6,2,5,3,4,28,27.03,17.77,8533.56,0.16,101,0.06,474.09,480.24,33,68,13,14,34,Y
33139,9,3,0,1,2,2,1,17,52.81,9.13,4402.26,0.16,94,0.11,244.57,482.15,35,59,23,12,17,N
33179,6,21,0,9,11,1,4,26,27.51,19.44,10402.78,0.18,107,0.05,577.93,535.0,50,57,18,14,26,N
33816,0,3,0,0,2,1,1,6,11.82,9.1,978.69,0.04,30,0.11,54.37,107.55,13,17,5,7,6,N
32500,10,3,0,5,2,1,1,26,33.15,19.0,11967.32,0.21,134,0.05,664.85,629.86,38,96,13,13,26,N
33623,1,19,0,0,10,5,6,13,19.75,20.46,8269.85,0.13,85,0.05,459.44,404.17,38,47,13,14,13,N
33164,3,9,0,0,5,2,3,19,21.59,15.0,4857.82,0.11,66,0.07,269.88,323.85,30,36,15,15,19,N
33441,2,15,0,0,8,1,7,10,9.44,27.0,6884.83,0.08,59,0.04,382.49,254.99,18,41,5,15,10,N
32501,13,17,14,10,9,2,1,12,27.0,19.97,10770.44,0.18,100,0.05,598.36,539.23,33,67,19,23,26,Y
33636,17,35,0,0,22,20,1,46,35.98,41.03,60570.79,0.49,252,0.02,3365.04,1476.21,101,151,32,26,46,N
33191,2,1,0,0,1,1,1,2,7.75,2.0,31.02,0.01,6,0.5,1.72,15.51,2,4,2,4,2,N
32586,8,11,0,5,6,4,3,35,32.04,22.26,15883.78,0.24,135,0.04,882.43,713.53,64,71,23,16,35,N
33057,20,15,4,6,9,7,5,40,43.12,18.55,14836.51,0.27,141,0.05,824.25,799.81,53,88,30,21,44,N
32771,30,8,4,41,6,6,1,38,31.98,28.95,26810.35,0.31,174,0.03,1489.46,926.02,64,110,21,19,42,N
32687,1,3,0,0,2,1,1,5,7.92,6.0,285.29,0.02,15,0.17,15.85,47.55,6,9,3,6,5,N
32661,3,3,0,0,2,1,1,8,10.38,9.9,1017.71,0.03,27,0.1,56.54,102.8,11,16,5,9,8,N
33203,5,3,0,12,2,2,1,8,18.01,6.25,703.67,0.04,27,0.16,39.09,112.59,10,17,8,10,8,N
33066,1,3,1,0,2,2,1,6,16.37,6.87,774.04,0.04,27,0.15,43.0,112.59,11,16,8,10,7,N
33550,0,7,2,0,4,4,4,7,26.93,4.8,620.48,0.04,31,0.21,34.47,129.27,12,19,10,8,9,N
33715,0,1,0,0,1,1,1,4,11.84,5.63,374.67,0.02,18,0.18,20.81,66.61,5,13,4,9,4,N
33459,1,5,0,0,3,2,3,8,8.65,15.6,2104.23,0.04,33,0.06,116.9,134.89,13,20,5,12,8,N
33773,1,11,0,0,6,5,1,12,22.66,14.44,4722.37,0.11,77,0.07,262.35,327.09,21,56,8,11,12,N
32865,3,7,2,3,4,3,4,10,21.0,15.0,4723.94,0.1,67,0.07,262.44,314.93,30,37,13,13,12,N
33086,0,3,0,1,2,1,1,6,5.05,13.5,919.54,0.02,19,0.07,51.09,68.11,9,10,3,9,6,N
32365,9,3,0,6,2,2,1,10,18.25,9.0,1478.1,0.05,38,0.11,82.12,164.23,12,26,8,12,10,N
33074,0,5,0,0,3,1,1,6,15.36,4.9,368.89,0.03,21,0.2,20.49,75.28,7,14,5,7,6,N
32829,14,13,3,19,7,4,5,27,12.36,44.1,24032.81,0.18,110,0.02,1335.16,544.96,42,68,10,21,30,N
32683,13,5,0,6,3,2,1,17,30.55,13.33,5430.29,0.14,83,0.08,301.68,407.27,40,43,18,12,17,N
32367,9,1,0,3,1,1,1,8,21.89,4.0,350.28,0.03,23,0.25,19.46,87.57,8,15,7,7,8,N
33507,2,1,0,0,1,1,1,2,9.83,2.0,39.3,0.01,7,0.5,2.18,19.65,3,4,3,4,2,N
33352,37,15,9,70,8,6,1,46,29.04,41.61,50271.95,0.4,220,0.02,2792.89,1208.21,87,133,23,22,55,N
33076,0,5,0,0,3,1,3,5,13.11,4.8,301.96,0.02,17,0.21,16.78,62.91,6,11,5,8,5,N
32401,7,1,8,6,1,1,1,6,21.37,13.3,3780.76,0.09,62,0.08,210.04,284.27,19,43,10,14,14,Y
32904,29,24,2,0,22,22,1,74,60.7,21.77,28758.99,0.44,209,0.05,1597.72,1321.28,62,147,47,33,76,N
32604,11,9,0,7,5,1,1,16,19.88,23.68,11146.31,0.16,99,0.04,619.24,470.73,51,48,14,13,16,N
32498,5,1,0,0,1,1,1,10,22.5,8.36,1571.14,0.06,47,0.12,87.29,188.0,13,34,7,9,10,N
33790,1,5,0,0,3,2,1,6,17.34,8.25,1180.25,0.05,35,0.12,65.57,143.06,9,26,6,11,6,N
33098,1,7,0,0,4,3,3,10,18.8,11.0,2275.01,0.07,44,0.09,126.39,206.82,22,22,13,13,10,N
33442,1,9,0,0,5,1,5,9,9.08,18.0,2942.97,0.05,40,0.06,163.5,163.5,15,25,5,12,9,N
33404,28,31,5,35,16,9,8,95,50.7,37.73,72190.59,0.64,334,0.03,4010.59,1913.13,115,219,32,21,100,N
33690,17,5,2,28,3,2,1,62,76.19,36.75,102930.76,0.93,451,0.03,5718.38,2800.46,163,288,51,23,64,N
33363,10,1,0,10,1,1,1,12,15.5,9.33,1350.34,0.05,38,0.11,75.02,144.68,14,24,6,8,12,N
33653,0,1,0,5,1,1,1,1,0.0,0.0,0.0,0.0,1,0.0,0.0,0.0,0,1,0,1,1,N
33713,1,1,0,0,1,1,1,5,14.98,6.0,539.15,0.03,23,0.17,29.95,89.86,6,17,5,10,5,N
32738,3,37,0,0,19,6,11,36,29.61,43.85,56916.12,0.43,230,0.02,3162.01,1298.09,95,135,26,24,36,N
32676,12,7,25,8,4,3,1,20,41.64,16.78,11718.04,0.23,141,0.06,651.0,698.54,61,80,20,11,45,Y
32804,2,5,0,0,3,2,1,8,11.16,14.08,2213.52,0.05,37,0.07,122.97,157.17,13,24,6,13,8,N
32681,16,15,4,9,8,4,1,41,25.3,43.81,48552.55,0.37,203,0.02,2697.36,1108.26,80,123,21,23,45,Y
33620,75,1,4,36,1,1,1,3,33.3,2.0,133.22,0.02,18,0.5,7.4,66.61,9,9,9,4,7,N
33117,28,7,4,14,4,2,3,15,30.78,13.5,5608.87,0.14,81,0.07,311.6,415.47,36,45,20,15,19,N
32786,60,3,8,34,2,2,1,23,47.21,17.87,15085.27,0.28,162,0.06,838.07,843.93,66,96,24,13,31,N
32915,16,13,0,10,7,4,1,40,29.27,34.0,33832.75,0.33,194,0.03,1879.6,995.08,72,122,18,17,40,N
33311,3,1,0,0,1,1,1,3,8.15,3.5,99.85,0.01,9,0.29,5.55,28.53,2,7,2,7,3,N
33095,0,72,0,0,53,43,1,0,0.0,0.0,0.0,0.0,0,0.0,0.0,0.0,0,0,0,0,0,N
33581,4,24,10,1,16,5,1,63,39.65,70.65,197911.74,0.93,454,0.01,10995.1,2801.15,167,287,39,33,73,N
32958,4,3,0,2,2,1,1,7,9.86,6.67,438.19,0.02,19,0.15,24.34,65.73,5,14,3,8,7,N
32589,19,11,9,17,6,1,1,32,32.58,28.39,26259.72,0.31,185,0.04,1458.87,925.0,73,112,18,14,41,N
33042,1,1,0,0,1,1,1,2,7.74,1.5,17.41,0.0,5,0.67,0.97,11.61,2,3,2,3,2,N
33132,0,1,0,0,1,1,1,0,0.0,0.0,0.0,0.0,2,0.0,0.0,2.0,0,2,0,2,0,N
33294,0,3,0,0,2,1,1,0,0.0,0.0,0.0,0.0,0,0.0,0.0,0.0,0,0,0,0,0,N
33743,1,5,0,0,3,2,1,6,17.34,8.25,1180.25,0.05,35,0.12,65.57,143.06,9,26,6,11,6,N
32428,7,5,3,3,3,2,1,8,8.09,21.0,3568.26,0.06,40,0.05,198.24,169.92,15,25,5,14,11,Y
33360,6,3,0,5,2,1,1,5,14.4,3.0,129.56,0.01,13,0.33,7.2,43.19,4,9,4,6,5,N
32941,6,5,0,1,3,2,3,11,19.95,9.55,1817.44,0.06,41,0.1,100.97,190.4,15,26,11,14,11,N
33303,4,7,0,1,4,2,3,10,20.28,16.29,5381.83,0.11,68,0.06,298.99,330.34,23,45,12,17,10,N
32573,8,1,4,1,1,1,1,18,17.87,28.58,14596.38,0.17,138,0.03,810.91,510.66,49,89,6,7,22,Y
33341,19,5,2,10,4,4,1,16,24.09,12.75,3916.29,0.1,62,0.08,217.57,307.16,21,41,14,17,18,N
33106,12,3,0,54,2,1,1,12,29.79,8.94,2379.82,0.09,56,0.11,132.21,266.27,26,30,16,11,12,N
32898,8,3,0,2,2,1,1,28,45.76,22.9,24004.59,0.35,206,0.04,1333.59,1048.02,74,132,21,13,28,N
33044,1,13,0,0,7,3,1,10,14.22,20.25,5830.36,0.1,62,0.05,323.91,287.92,27,35,10,15,10,N
32993,1,11,1,1,6,2,6,19,10.03,35.21,12432.13,0.12,77,0.03,690.67,353.04,29,48,7,17,20,N
32447,10,15,23,5,8,3,1,27,34.3,29.36,29575.64,0.34,188,0.03,1643.09,1007.22,68,120,22,19,50,Y
33674,1,9,4,0,6,4,3,30,19.74,33.0,21496.55,0.22,126,0.03,1194.25,651.41,33,93,12,24,34,N
33335,27,9,5,17,5,3,3,16,18.04,21.88,8633.09,0.13,83,0.05,479.62,394.66,35,48,12,15,21,N
33596,0,3,0,0,2,1,1,5,13.47,15.0,3030.7,0.07,46,0.07,168.37,202.05,15,31,7,14,5,N
32992,1,1,0,0,1,1,1,10,14.99,5.33,426.42,0.03,21,0.19,23.69,79.95,8,13,6,8,10,N
33675,2,3,5,9,2,1,1,7,12.8,14.86,2825.31,0.06,44,0.07,156.96,190.16,16,28,7,13,12,N
33356,25,13,4,26,7,1,1,32,26.82,49.14,64763.93,0.44,240,0.02,3598.0,1318.04,94,146,22,23,36,N
33723,0,20,0,0,13,6,12,36,34.83,19.0,12571.87,0.22,129,0.05,698.44,661.68,32,97,16,19,36,N
33310,2,1,0,1,1,1,1,2,5.33,1.5,12.0,0.0,4,0.67,0.67,8.0,1,3,1,3,2,N
32635,9,1,0,4,1,1,1,8,36.53,4.36,695.61,0.05,39,0.23,38.65,159.41,16,23,11,6,8,N
33196,4,1,0,6,1,1,1,7,24.22,5.0,605.57,0.04,31,0.2,33.64,121.11,15,16,9,6,7,N
32724,2,3,0,0,2,1,1,9,18.21,11.67,2477.96,0.07,50,0.09,137.66,212.4,21,29,9,10,9,N
32364,10,3,0,2,2,2,1,10,17.77,9.0,1439.2,0.05,37,0.11,79.96,159.91,12,25,8,12,10,N
32368,8,3,9,5,2,2,1,10,33.28,9.97,3306.02,0.11,69,0.1,183.67,331.71,23,46,15,13,19,Y
32673,11,3,1,4,2,1,1,20,22.1,19.17,8119.88,0.14,95,0.05,451.1,423.65,46,49,12,10,21,N
33655,0,1,0,1,1,1,1,1,0.0,0.0,0.0,0.0,1,0.0,0.0,0.0,0,1,0,1,1,N
33256,16,108,6,9,56,42,42,129,65.73,84.55,469829.8,1.85,842,0.01,26101.66,5557.13,360,482,66,31,135,N
33801,1,7,0,0,4,3,1,8,17.15,11.92,2435.45,0.07,50,0.08,135.3,204.37,13,37,6,11,8,N
32577,1,1,6,1,1,1,1,2,25.9,5.14,685.11,0.04,36,0.19,38.06,133.22,12,24,7,6,8,N
33229,11,11,1,0,6,6,5,25,46.25,14.27,9416.54,0.22,124,0.07,523.14,659.92,53,71,26,14,26,N
32389,7,3,1,0,2,1,1,14,20.48,14.77,4470.34,0.1,66,0.07,248.35,302.61,25,41,11,13,15,Y
33416,4,1,1,9,1,1,1,7,20.94,4.0,335.05,0.03,22,0.25,18.61,83.76,8,14,7,7,8,N
33384,1,1,0,0,1,1,1,5,6.79,8.0,434.27,0.02,21,0.13,24.13,54.28,8,13,2,4,5,N
33661,0,3,0,0,2,1,1,4,10.75,4.0,172.08,0.01,12,0.25,9.56,43.02,4,8,4,8,4,N
33099,1,7,0,0,4,2,3,11,24.22,12.71,3909.7,0.1,61,0.08,217.21,307.71,27,34,17,16,11,N
33173,12,9,1,39,1,1,1,48,68.44,22.43,34432.76,0.51,268,0.04,1912.93,1535.08,95,173,36,17,49,N
32986,2,5,0,0,3,3,1,17,33.91,8.29,2327.82,0.09,63,0.12,129.32,280.94,29,34,14,8,17,N
33168,22,17,4,6,10,2,1,35,23.31,30.11,21129.06,0.23,131,0.03,1173.84,701.84,52,79,19,22,39,N
32618,15,19,22,18,10,3,6,19,15.64,64.91,65882.72,0.34,203,0.02,3660.15,1015.0,68,135,11,21,41,Y
32387,5,3,0,0,2,2,1,8,16.19,9.44,1444.3,0.05,36,0.11,80.24,152.93,17,19,9,10,8,N
32698,4,3,0,2,2,2,1,11,15.45,11.0,1869.09,0.06,40,0.09,103.84,169.92,16,24,8,11,11,N
32934,6,3,1,1,1,1,1,13,19.86,21.0,8756.84,0.14,100,0.05,486.49,416.99,42,58,9,9,14,N
32409,22,5,0,6,4,4,1,33,31.97,26.1,21778.37,0.28,159,0.04,1209.91,834.42,58,101,20,18,33,N
32468,11,29,27,11,15,9,10,51,32.25,50.79,83227.41,0.55,295,0.02,4623.75,1638.6,106,189,24,23,78,Y
32711,7,5,0,4,3,1,1,23,28.18,21.82,13416.53,0.2,140,0.05,745.36,614.92,48,92,11,10,23,N
32417,7,3,0,2,2,2,1,17,22.93,9.27,1971.45,0.07,47,0.11,109.53,212.61,17,30,11,12,17,N
33814,1,3,0,0,2,1,1,7,12.05,11.9,1706.44,0.05,40,0.08,94.8,143.4,17,23,5,7,7,N
32575,2,1,0,2,1,1,1,54,215.91,13.45,39084.89,0.97,486,0.07,2171.38,2904.96,185,301,55,8,54,N
32482,4,1,1,1,1,1,1,5,14.51,4.2,255.97,0.02,17,0.24,14.22,60.94,6,11,5,7,6,N
33188,2,1,2,0,1,1,1,3,11.59,4.38,221.89,0.02,16,0.23,12.33,50.72,7,9,4,5,5,N
33063,1,6,0,1,4,4,1,35,26.83,23.21,14452.4,0.21,117,0.04,802.91,622.67,42,75,19,21,35,N
32434,19,15,6,11,8,5,8,60,41.36,32.0,42352.03,0.44,256,0.03,2352.89,1323.5,80,176,20,16,66,Y
33680,2,11,1,1,6,1,5,10,7.63,28.8,6324.94,0.07,50,0.03,351.39,219.62,18,32,5,16,11,N
33781,2,5,0,0,3,2,1,6,18.13,7.5,1020.0,0.05,34,0.13,56.67,136.0,9,25,6,10,6,N
32407,8,13,7,2,7,2,5,29,22.98,22.76,11910.2,0.17,102,0.04,661.68,523.19,43,59,17,18,36,Y
33590,31,28,1,6,19,12,4,82,30.56,55.32,93527.72,0.56,274,0.02,5195.98,1690.56,99,175,34,38,83,N
32885,9,11,3,10,6,4,6,18,19.55,75.6,111737.37,0.49,293,0.01,6207.63,1478.01,126,167,15,18,21,N
33372,1,1,0,0,1,1,1,10,20.35,8.44,1448.49,0.06,42,0.12,80.47,171.67,15,27,8,9,10,N
33114,42,22,7,14,15,8,7,78,25.02,66.18,109551.27,0.55,307,0.02,6086.18,1655.44,90,217,17,25,85,N
33182,0,1,0,0,1,1,1,2,9.83,2.0,39.3,0.01,7,0.5,2.18,19.65,3,4,3,4,2,N
33118,14,25,11,16,14,7,5,62,42.12,28.24,33576.57,0.4,203,0.04,1865.36,1189.17,80,123,34,24,73,N
32895,13,5,0,12,3,1,1,35,31.11,23.57,17284.19,0.24,156,0.04,960.23,733.27,55,101,14,12,35,N
32965,6,13,0,0,7,4,1,18,32.59,13.12,5614.09,0.14,91,0.08,311.89,427.74,42,49,16,10,18,N
32827,14,11,4,16,6,3,1,37,17.57,64.29,72605.36,0.38,222,0.02,4033.63,1129.42,90,132,14,20,41,N
33136,11,9,0,1,5,1,4,20,13.81,24.89,8552.95,0.11,74,0.04,475.16,343.65,28,46,9,16,20,N
33604,4,8,7,0,7,1,1,10,11.6,31.21,11297.51,0.12,77,0.03,627.64,361.93,23,54,7,19,17,N
33266,5,3,0,2,2,2,1,12,18.02,14.62,3854.26,0.09,60,0.07,214.13,263.54,18,42,8,13,12,N
33265,20,9,3,8,5,3,1,24,27.87,32.5,29442.05,0.3,168,0.03,1635.67,905.91,65,103,21,21,27,N
32422,5,3,0,2,2,1,1,16,24.76,11.0,2995.56,0.09,62,0.09,166.42,272.32,20,42,10,11,16,N
32454,3,5,1,0,3,1,1,11,14.12,11.0,1708.56,0.05,38,0.09,94.92,155.32,12,26,6,11,12,Y
33028,4,3,0,0,2,2,1,10,34.4,4.0,550.43,0.05,33,0.25,30.58,137.61,16,17,12,6,10,N
33034,0,1,0,0,1,1,1,2,7.74,1.5,17.41,0.0,5,0.67,0.97,11.61,2,3,2,3,2,N
32556,2,3,1,0,2,1,1,7,9.09,11.0,1100.0,0.03,25,0.09,61.11,100.0,10,15,5,11,8,N
32642,2,1,1,0,1,1,1,3,11.58,2.67,82.35,0.01,11,0.38,4.57,30.88,4,7,3,4,4,Y
32721,15,5,4,6,3,3,1,21,50.5,9.52,4580.38,0.16,99,0.11,254.47,480.94,50,49,21,8,25,N
32881,0,3,0,0,2,1,1,5,10.24,9.1,848.2,0.03,26,0.11,47.12,93.21,13,13,5,7,5,N
33134,24,22,3,2,17,12,4,67,42.41,34.11,49333.63,0.48,236,0.03,2740.76,1446.51,81,155,38,32,70,N
33149,7,5,0,0,3,3,1,12,30.46,3.75,428.33,0.04,30,0.27,23.8,114.22,10,20,8,6,12,N
32544,2,1,0,0,1,1,1,4,15.5,4.5,313.92,0.02,21,0.22,17.44,69.76,6,15,4,6,4,N
33348,18,3,3,12,2,2,1,10,18.36,10.2,1910.42,0.06,42,0.1,106.13,187.3,17,25,10,12,13,N
32472,2,3,1,0,2,2,1,11,27.68,8.25,1884.3,0.08,52,0.12,104.68,228.4,15,37,10,11,12,Y
32404,5,5,10,4,3,1,1,2,20.67,7.94,1304.74,0.05,38,0.13,72.49,164.23,13,25,9,11,12,Y
33687,7,5,1,10,3,3,1,21,37.4,17.11,10951.11,0.21,128,0.06,608.4,640.0,44,84,18,14,22,N
32566,26,5,10,7,3,1,1,38,30.09,43.27,56334.14,0.43,277,0.02,3129.67,1302.02,118,159,15,11,48,Y
33140,22,11,0,16,6,4,1,38,56.19,18.28,18778.17,0.34,182,0.05,1043.23,1027.18,65,117,32,18,38,N
32414,7,5,1,3,3,3,1,22,22.3,13.8,4246.27,0.1,69,0.07,235.9,307.7,23,46,10,12,23,Y
32907,32,37,6,21,19,10,13,84,50.64,50.0,126600.0,0.84,422,0.02,7033.33,2532.0,156,266,39,25,90,N
33306,3,1,0,0,1,1,1,4,17.28,7.33,929.22,0.04,31,0.14,51.62,126.71,8,23,6,11,4,N
33396,0,1,0,0,1,1,1,6,15.86,3.5,194.27,0.02,15,0.29,10.79,55.51,6,9,6,7,6,N
33175,12,5,0,27,1,1,1,30,63.11,17.0,18239.92,0.36,203,0.06,1013.33,1072.94,68,135,26,13,30,N
33080,0,13,0,0,7,1,7,7,23.57,7.11,1191.72,0.06,41,0.14,66.21,167.59,16,25,9,8,7,N
32545,14,25,11,16,13,6,5,52,27.67,49.46,67672.14,0.46,245,0.02,3759.56,1368.32,91,154,23,25,63,Y
32499,13,3,0,6,2,1,1,27,32.9,19.0,11878.01,0.21,133,0.05,659.89,625.16,38,95,13,13,27,N
33287,23,7,3,12,1,1,1,28,29.47,25.11,18571.43,0.25,142,0.04,1031.75,739.74,53,89,19,18,31,N
32442,20,11,24,10,7,5,4,31,66.27,30.44,61416.25,0.67,335,0.03,3412.01,2017.49,119,216,43,22,55,Y
33540,4,1,0,0,1,1,1,10,29.93,8.88,2362.67,0.09,58,0.11,131.26,265.93,21,37,13,11,10,N
32467,3,7,17,1,4,2,4,2,21.96,14.0,4304.47,0.1,70,0.07,239.14,307.46,21,49,9,12,19,Y
32903,22,7,3,15,4,3,1,33,65.05,11.02,7893.16,0.24,129,0.09,438.51,716.54,47,82,32,15,36,N
33067,0,5,1,1,3,2,1,7,15.56,9.0,1260.0,0.05,35,0.11,70.0,140.0,14,21,7,9,8,N
32842,8,5,1,8,3,1,1,5,12.26,11.0,1483.75,0.04,33,0.09,82.43,134.89,12,21,6,11,6,N
32527,3,3,0,0,2,1,1,15,27.64,7.69,1635.44,0.07,47,0.13,90.86,212.61,20,27,13,10,15,N
32610,27,37,68,28,19,5,3,92,85.05,84.51,607387.78,2.4,1094,0.01,33743.77,7187.42,500,594,71,24,160,Y
32669,13,18,18,7,10,8,1,44,41.18,29.46,35752.82,0.4,215,0.03,1986.27,1213.43,75,140,28,22,62,Y
32808,2,13,0,1,7,7,4,12,14.49,27.82,11216.64,0.13,83,0.04,623.15,403.21,34,49,11,18,12,N
33073,0,9,0,0,5,1,5,6,18.02,6.29,712.17,0.04,29,0.16,39.57,113.3,11,18,7,8,6,N
32696,5,1,0,2,1,1,1,4,11.63,2.0,46.53,0.01,9,0.5,2.58,23.26,2,7,2,4,4,N
32459,4,7,0,3,4,2,1,22,18.61,23.33,10132.78,0.14,96,0.04,562.93,434.26,30,66,9,14,22,N
33429,2,7,0,0,4,1,4,5,7.17,12.0,1032.47,0.03,24,0.08,57.36,86.04,8,16,3,9,5,N
33155,18,27,2,13,16,8,5,62,36.04,49.78,89317.82,0.6,305,0.02,4962.1,1794.21,118,187,32,27,64,N
33260,3,7,0,0,4,3,1,8,20.0,10.21,2087.05,0.07,49,0.1,115.95,204.33,13,36,7,11,8,N
32464,0,1,0,0,1,1,1,0,0.0,0.0,0.0,0.0,2,0.0,0.0,2.0,0,2,0,2,0,N
32796,3,3,0,0,2,1,1,6,13.83,11.25,1750.38,0.05,36,0.09,97.24,155.59,15,21,8,12,6,N
33368,3,9,0,0,5,4,3,11,17.98,17.82,5709.41,0.11,69,0.06,317.19,320.43,28,41,11,14,11,N
33665,9,7,0,0,4,2,1,19,11.75,19.5,4466.71,0.08,53,0.05,248.15,229.06,13,40,5,15,19,N
33476,3,1,0,0,1,1,1,7,18.28,5.0,456.88,0.03,24,0.2,25.38,91.38,10,14,7,7,7,N
33684,1,3,1,19,2,1,1,21,27.56,24.75,16880.93,0.23,139,0.04,937.83,682.06,33,106,12,18,22,N
32664,9,1,0,5,1,1,1,10,19.88,11.11,2454.36,0.07,52,0.09,136.35,220.89,20,32,9,10,10,N
33589,10,25,0,5,13,6,1,40,21.29,46.67,46370.6,0.33,188,0.02,2576.14,993.66,80,108,18,21,40,N
33551,1,5,0,0,3,2,1,13,17.72,8.91,1406.67,0.05,34,0.11,78.15,157.89,14,20,11,14,13,N
32750,0,46,0,0,29,26,5,0,0.0,0.0,0.0,0.0,0,0.0,0.0,0.0,0,0,0,0,0,N
32597,4,3,1,1,2,2,1,8,11.35,10.08,1154.03,0.04,28,0.1,64.11,114.45,11,17,6,11,9,N
33572,0,3,0,0,2,1,1,0,13.29,3.0,119.59,0.01,12,0.33,6.64,39.86,4,8,4,6,0,N
32629,2,1,0,0,1,1,1,6,22.42,4.0,358.77,0.03,27,0.25,19.93,89.69,8,19,5,5,6,N
32667,2,1,1,1,1,1,1,4,15.5,7.5,872.01,0.04,35,0.13,48.44,116.27,10,25,4,6,5,Y
32479,16,22,18,7,15,13,1,42,31.75,72.5,166891.74,0.77,400,0.01,9271.76,2301.96,125,275,25,29,60,N
33539,11,9,0,1,5,1,1,12,33.86,11.67,4608.33,0.13,79,0.09,256.01,395.0,30,49,18,14,12,N
33035,1,3,0,0,2,2,1,10,20.81,9.0,1685.67,0.06,42,0.11,93.65,187.3,18,24,11,11,10,N
32611,3,11,2,5,6,4,1,26,30.3,37.24,42015.91,0.38,215,0.03,2334.22,1128.3,92,123,21,17,28,N
33761,1,15,0,0,8,7,1,18,34.01,17.0,9828.62,0.19,123,0.06,546.03,578.15,34,89,13,13,18,N
33771,1,17,0,0,9,8,1,20,31.13,20.58,13190.87,0.21,138,0.05,732.83,640.85,38,100,12,13,20,N
32433,1,1,0,0,1,1,1,2,0.0,0.0,0.0,0.0,3,0.0,0.0,4.75,0,3,0,3,2,N
32456,23,23,8,19,12,6,6,50,117.86,30.67,110843.58,1.2,533,0.03,6157.98,3614.46,232,301,87,23,58,Y
33793,2,5,0,0,3,2,1,7,20.95,8.25,1426.24,0.06,40,0.12,79.24,172.88,11,29,8,12,7,N
32395,1,1,0,0,1,1,1,2,5.8,2.0,23.22,0.0,5,0.5,1.29,11.61,1,4,1,4,2,N
33702,6,5,0,0,3,3,1,9,24.93,11.5,3297.36,0.1,61,0.09,183.19,286.73,23,38,13,13,9,N
32810,3,37,0,4,20,7,12,47,25.93,65.0,109570.84,0.56,289,0.02,6087.27,1685.71,117,172,27,30,47,N
32807,1,13,0,2,7,4,6,27,19.19,27.6,14618.65,0.18,105,0.04,812.15,529.66,46,59,15,18,27,N
33078,0,3,0,0,2,1,1,13,18.86,5.5,570.49,0.03,24,0.18,31.69,103.73,9,15,9,11,13,N
33205,17,23,2,10,1,1,1,94,41.9,39.36,64918.77,0.55,277,0.03,3606.6,1649.31,109,168,36,26,96,N
33473,2,1,0,6,1,1,1,14,41.04,6.42,1689.97,0.09,62,0.16,93.89,263.37,22,40,12,7,14,N
33235,0,3,0,0,2,2,1,9,11.16,10.5,1230.67,0.04,30,0.1,68.37,117.21,14,16,6,9,9,N
33425,0,15,0,0,8,1,8,0,0.0,0.0,0.0,0.0,0,0.0,0.0,0.0,0,0,0,0,0,N
32439,20,7,11,8,5,5,1,29,43.45,17.02,12581.62,0.25,131,0.06,698.98,739.35,47,84,29,21,40,Y
32446,5,1,0,0,1,1,1,12,23.98,8.0,1534.53,0.06,46,0.13,85.25,191.82,16,30,9,9,12,N
33402,0,1,0,0,1,1,1,6,18.49,3.5,226.54,0.02,17,0.29,12.59,64.73,7,10,7,7,6,N
32444,4,3,0,0,2,1,1,10,14.63,9.75,1390.58,0.05,33,0.1,77.25,142.62,13,20,8,12,10,N
32819,0,1,0,0,1,1,1,0,0.0,0.0,0.0,0.0,2,0.0,0.0,2.0,0,2,0,2,0,N
33236,1,16,5,0,12,1,6,41,26.07,32.25,27117.88,0.28,158,0.03,1506.55,840.86,43,115,16,24,46,N
33038,0,13,0,0,7,1,7,0,0.0,0.0,0.0,0.0,0,0.0,0.0,0.0,0,0,0,0,0,N
33299,14,25,3,21,13,8,7,76,57.88,39.06,88285.54,0.75,391,0.03,4904.75,2260.51,148,243,36,19,79,N
33411,35,75,3,64,38,15,32,143,57.76,57.9,193623.35,1.11,542,0.02,10756.85,3344.1,193,349,45,27,146,N
32798,2,1,0,0,1,1,1,2,16.92,3.5,207.22,0.02,16,0.29,11.51,59.21,6,10,6,7,2,N
33006,2,7,0,0,4,2,1,9,15.82,14.3,3234.35,0.08,50,0.07,179.69,226.18,22,28,10,13,9,N
33344,12,5,2,7,3,2,3,8,16.55,10.11,1692.31,0.06,37,0.1,94.02,167.37,13,24,9,14,10,N
33223,1,3,0,0,2,1,1,3,14.4,7.5,810.0,0.04,27,0.13,45.0,108.0,9,18,6,10,3,N
33522,0,3,0,0,2,1,1,5,6.0,6.0,216.0,0.01,12,0.17,12.0,36.0,4,8,2,6,5,N
32766,0,3,0,0,2,2,1,0,0.0,0.0,0.0,0.0,0,0.0,0.0,0.0,0,0,0,0,0,N
33630,2,3,0,1,2,2,1,7,17.79,5.63,562.94,0.03,24,0.18,31.27,100.08,9,15,8,10,7,N
33251,4,25,0,0,13,13,1,30,37.1,25.0,23185.06,0.31,189,0.04,1288.06,927.4,100,89,20,10,30,N
33305,0,1,0,0,1,1,1,2,16.74,7.0,820.45,0.04,30,0.14,45.58,117.21,7,23,5,10,2,N
32466,2,1,0,0,1,1,1,6,15.42,4.8,355.24,0.02,20,0.21,19.74,74.01,6,14,5,8,6,N
32971,4,9,0,0,5,2,5,10,14.76,15.94,3748.9,0.08,52,0.06,208.27,235.23,17,35,8,15,10,N
33150,0,1,0,0,1,1,1,0,0.0,0.0,0.0,0.0,2,0.0,0.0,2.0,0,2,0,2,0,N
33461,7,85,4,0,43,27,18,136,102.58,58.57,351950.71,2.0,881,0.02,19552.82,6008.58,392,489,87,26,140,N
33249,0,19,0,0,5,1,4,0,0.0,0.0,0.0,0.0,0,0.0,0.0,0.0,0,0,0,0,0,N
32424,2,1,0,0,1,1,1,7,17.94,6.75,817.52,0.04,31,0.15,45.42,121.11,9,22,6,9,7,N
32643,3,3,0,0,2,1,1,13,12.62,8.8,976.92,0.04,30,0.11,54.27,111.01,11,19,5,8,13,N
33325,40,21,15,78,11,6,9,52,53.33,32.38,55896.59,0.58,296,0.03,3105.37,1726.54,111,185,36,21,67,N
32600,17,11,2,8,6,4,1,22,37.84,13.83,7233.63,0.17,102,0.07,401.87,523.19,53,49,23,12,24,N
32585,5,3,0,0,2,2,1,13,37.27,5.54,1143.35,0.07,47,0.18,63.52,206.44,18,29,13,8,13,N
32507,3,3,0,1,2,2,1,8,20.38,7.22,1062.83,0.05,33,0.14,59.05,147.16,10,23,9,13,8,N
33722,0,3,0,0,2,1,1,7,16.92,4.5,342.66,0.03,20,0.22,19.04,76.15,5,15,5,9,7,N
32735,1,1,1,0,1,1,1,1,7.75,2.0,31.02,0.01,6,0.5,1.72,15.51,2,4,2,4,2,N
32480,4,1,0,0,1,1,1,8,18.58,11.0,2247.77,0.07,57,0.09,124.88,204.34,22,35,6,6,8,N
33815,0,3,0,0,2,1,1,7,12.05,11.9,1706.44,0.05,40,0.08,94.8,143.4,17,23,5,7,7,N
32612,16,3,12,12,2,2,1,9,57.37,6.72,2590.56,0.13,74,0.15,143.92,385.5,28,46,25,12,21,Y
33766,3,9,0,0,5,4,1,10,19.98,13.36,3564.69,0.09,64,0.07,198.04,266.88,17,47,7,11,10,N
32371,6,5,1,1,3,1,3,17,20.8,13.72,3916.37,0.1,64,0.07,217.58,285.4,19,45,9,13,18,N
32811,5,19,0,0,10,6,1,20,24.97,22.95,13151.27,0.19,110,0.04,730.63,573.04,54,56,20,17,20,N
33070,1,3,0,0,2,2,1,9,18.0,6.0,648.0,0.04,27,0.17,36.0,108.0,12,15,8,8,9,N
32617,24,31,52,21,16,10,9,52,45.07,43.48,85224.2,0.65,339,0.02,4734.68,1959.88,121,218,32,23,104,Y
32955,1,3,4,0,2,1,1,7,23.19,9.09,1916.65,0.07,48,0.11,106.48,210.83,20,28,11,10,11,N
32751,0,1,1,0,1,1,1,1,5.33,1.5,12.0,0.0,4,0.67,0.67,8.0,1,3,1,3,2,N
33562,0,1,0,0,1,1,1,4,16.5,4.0,264.0,0.02,22,0.25,14.67,66.0,8,14,4,4,4,N
33528,2,5,1,1,3,2,3,17,15.99,12.44,2476.9,0.07,44,0.08,137.61,199.04,16,28,9,14,18,N
32919,13,13,4,8,7,3,1,27,23.94,40.18,38646.97,0.32,198,0.02,2147.05,961.88,75,123,14,15,31,N
33614,1,3,0,0,2,2,1,9,15.43,14.95,3448.99,0.08,51,0.07,191.61,230.7,23,28,10,13,9,N
33158,1,3,0,7,2,1,1,12,46.75,20.39,19439.64,0.32,183,0.05,1079.98,953.33,67,116,23,14,12,N
32822,23,11,1,7,8,5,1,44,33.34,24.87,20623.58,0.28,151,0.04,1145.75,829.27,52,99,23,22,45,N
33085,0,1,0,1,1,1,1,5,7.61,5.0,190.2,0.01,12,0.2,10.57,38.04,5,7,3,6,5,N
33706,7,5,1,41,3,3,1,9,46.31,7.38,2523.1,0.11,69,0.14,140.17,341.84,31,38,21,10,10,N
32506,9,17,5,6,9,2,4,54,36.36,38.32,53395.15,0.46,241,0.03,2966.4,1393.31,99,142,31,24,59,Y
32863,0,3,2,0,2,1,1,5,12.44,9.0,1008.0,0.04,28,0.11,56.0,112.0,14,14,7,9,7,N
33523,0,1,0,0,1,1,1,2,10.75,4.0,172.08,0.01,12,0.25,9.56,43.02,4,8,4,8,2,N
33101,2,33,2,0,17,7,14,34,23.0,44.18,44903.55,0.34,184,0.02,2494.64,1016.34,81,103,22,24,36,N
33709,5,5,3,1,3,1,1,19,16.3,23.33,8879.54,0.13,83,0.04,493.31,380.55,28,55,9,15,22,N
33093,1,3,0,0,2,2,1,2,5.33,1.5,12.0,0.0,4,0.67,0.67,8.0,1,3,1,3,2,N
32901,6,3,0,1,2,1,1,11,12.55,14.0,2459.28,0.06,49,0.07,136.63,175.66,20,29,5,7,11,N
32539,19,29,20,20,15,7,3,82,23.98,98.43,232360.35,0.79,425,0.01,12908.91,2360.7,159,266,21,26,102,Y
33768,1,11,0,0,6,5,1,12,22.95,14.44,4783.7,0.11,78,0.07,265.76,331.34,21,57,8,11,12,N
33059,0,1,0,0,1,1,1,0,0.0,0.0,0.0,0.0,2,0.0,0.0,2.0,0,2,0,2,0,N
33432,0,1,0,0,1,1,1,0,0.0,0.0,0.0,0.0,0,0.0,0.0,0.0,0,0,0,0,0,N
33751,1,5,0,0,3,2,1,6,18.13,7.5,1020.0,0.05,34,0.13,56.67,136.0,9,25,6,10,6,N
33255,1,17,0,1,9,4,9,18,17.48,32.31,18244.42,0.19,111,0.03,1013.58,564.71,40,71,13,21,18,N
33217,4,5,0,4,3,1,3,11,16.48,8.25,1121.45,0.05,32,0.12,62.3,135.93,12,20,8,11,11,N
33813,0,1,0,0,1,1,1,14,9.51,36.0,12329.41,0.11,99,0.03,684.97,342.48,27,72,3,8,14,N
32369,5,1,0,1,1,1,1,6,16.3,4.08,271.98,0.02,18,0.24,15.11,66.61,7,11,6,7,6,N
33181,2,1,0,1,1,1,1,4,6.74,3.75,94.75,0.01,9,0.27,5.26,25.27,3,6,2,5,4,N
33029,2,21,0,0,11,3,3,20,21.13,30.33,19439.18,0.21,138,0.03,1079.95,640.85,56,82,12,13,20,N
33495,1,13,0,1,7,4,1,20,22.92,21.71,10799.55,0.17,97,0.05,599.98,497.54,41,56,17,18,20,N
32719,4,3,1,1,2,2,1,12,20.95,10.36,2250.27,0.07,48,0.1,125.01,217.13,19,29,11,12,13,N
33145,2,1,0,0,1,1,1,9,15.4,11.0,1863.6,0.06,51,0.09,103.53,169.42,22,29,5,5,9,N
33346,11,3,0,15,2,1,1,5,15.23,6.0,548.26,0.03,24,0.17,30.46,91.38,9,15,6,8,5,N
32691,11,1,0,6,1,1,1,7,24.37,5.0,609.18,0.04,32,0.2,33.84,121.84,10,22,7,7,7,N
33389,16,19,10,6,11,8,5,38,45.92,15.77,11414.37,0.24,127,0.06,634.13,723.96,43,84,30,22,48,N
33477,1,1,0,0,1,1,1,5,15.86,3.5,194.27,0.02,15,0.29,10.79,55.51,6,9,6,7,5,N
33718,1,7,0,0,4,3,1,10,17.72,10.83,2080.0,0.06,48,0.09,115.56,192.0,13,35,6,10,10,N
32620,23,21,13,15,11,8,1,66,44.4,36.47,59060.03,0.54,321,0.03,3281.11,1619.25,99,222,19,14,79,Y
33504,0,7,0,0,4,3,3,0,0.0,0.0,0.0,0.0,0,0.0,0.0,0.0,0,0,0,0,0,N
32734,2,1,4,0,1,1,1,2,16.78,6.29,663.06,0.04,27,0.16,36.84,105.49,11,16,7,8,6,N
33436,0,11,0,0,6,2,5,0,0.0,0.0,0.0,0.0,0,0.0,0.0,0.0,0,0,0,0,0,N
33243,3,7,0,0,4,3,1,13,13.35,29.59,11688.41,0.13,79,0.03,649.36,395.0,31,48,11,21,13,N
32504,18,5,4,17,3,1,1,32,30.51,27.07,22353.19,0.28,170,0.04,1241.84,825.86,58,112,15,14,36,N
32887,1,3,0,0,2,1,1,8,18.88,36.9,25706.76,0.23,164,0.03,1428.15,696.66,82,82,10,9,8,N
33468,3,1,0,2,1,1,1,3,8.72,4.0,139.48,0.01,11,0.25,7.75,34.87,4,7,3,6,3,N
33602,16,8,6,10,5,5,1,46,51.13,18.63,17749.77,0.32,160,0.05,986.1,952.67,59,101,38,24,52,N
33452,0,5,0,0,3,2,3,0,0.0,0.0,0.0,0.0,0,0.0,0.0,0.0,0,0,0,0,0,N
33747,1,5,0,0,3,2,1,7,20.26,8.64,1513.68,0.06,42,0.12,84.09,175.14,11,31,7,11,7,N
32802,1,17,0,0,9,8,1,33,44.48,19.35,16663.77,0.29,155,0.05,925.76,860.96,75,80,31,16,33,N
32893,0,1,0,0,1,1,1,0,0.0,0.0,0.0,0.0,2,0.0,0.0,2.0,0,2,0,2,0,N
33529,5,7,0,0,4,3,3,20,18.34,19.5,6972.75,0.12,77,0.05,387.38,357.58,26,51,10,15,20,N
32588,9,11,0,5,6,3,3,37,32.64,23.38,17851.06,0.25,139,0.04,991.73,763.37,64,75,26,19,37,N
33361,11,1,1,19,1,1,1,4,8.64,4.17,150.0,0.01,12,0.24,8.33,36.0,5,7,3,5,5,N
32590,41,1,9,10,1,1,1,96,372.88,16.94,107059.51,2.11,918,0.06,5947.75,6318.27,366,552,108,10,105,N
33606,4,8,7,0,7,1,1,10,11.6,31.21,11297.51,0.12,77,0.03,627.64,361.93,23,54,7,19,17,N
33624,0,69,0,0,35,11,19,0,0.0,0.0,0.0,0.0,0,0.0,0.0,0.0,0,0,0,0,0,N
32574,1,1,6,0,1,1,1,34,132.54,12.21,19761.56,0.54,293,0.08,1097.86,1618.4,116,177,38,8,40,N
32441,6,3,2,4,2,2,1,16,26.74,12.83,4403.53,0.11,73,0.08,244.64,343.13,22,51,12,14,18,Y
32510,4,3,2,0,2,1,1,11,28.24,7.14,1440.99,0.07,44,0.14,80.05,201.74,20,24,14,10,13,N
33176,11,5,0,27,1,1,1,30,63.11,17.0,18239.92,0.36,203,0.06,1013.33,1072.94,68,135,26,13,30,N
33221,4,1,0,9,1,1,1,5,18.91,5.5,572.0,0.03,26,0.18,31.78,104.0,11,15,8,8,5,N
33359,6,3,0,10,2,1,1,5,8.86,6.0,318.91,0.02,16,0.17,17.72,53.15,8,8,4,6,5,N
33033,1,3,0,0,2,2,1,5,11.52,5.6,361.36,0.02,18,0.18,20.08,64.53,8,10,5,7,5,N
33720,0,3,0,0,2,1,1,7,20.44,6.86,961.25,0.05,33,0.15,53.4,140.18,8,25,7,12,7,N
32917,33,29,9,20,15,8,3,51,34.92,44.83,70169.94,0.52,272,0.02,3898.33,1565.33,104,168,29,25,60,N
33601,0,1,0,1,1,1,1,2,8.0,3.0,72.0,0.01,8,0.33,4.0,24.0,2,6,2,6,2,N
32495,6,5,0,2,3,1,1,28,28.96,13.46,5249.74,0.13,82,0.07,291.65,389.9,29,53,14,13,28,N
33440,1,11,0,0,6,1,5,10,9.15,19.2,3374.61,0.06,43,0.05,187.48,175.76,16,27,5,12,10,N
33185,2,1,2,0,1,1,1,3,10.76,5.25,296.48,0.02,17,0.19,16.47,56.47,7,10,4,6,5,N
32770,1,5,0,0,3,1,1,7,11.62,9.75,1104.67,0.04,29,0.1,61.37,113.3,13,16,6,9,7,N
33615,1,3,0,0,2,1,1,9,7.33,16.0,1875.31,0.04,30,0.06,104.18,117.21,8,22,3,12,9,N
32869,1,7,0,0,4,3,3,12,19.48,11.92,2766.96,0.08,50,0.08,153.72,232.19,22,28,12,13,12,N
33510,1,5,0,0,3,2,3,13,20.14,10.5,2220.96,0.07,45,0.1,123.39,211.52,18,27,12,14,13,N
32866,6,13,6,3,7,1,7,33,32.46,54.95,97999.22,0.59,360,0.02,5444.4,1783.51,174,186,19,12,39,N
33347,40,11,10,27,6,5,6,42,33.65,30.68,31677.57,0.34,194,0.03,1759.86,1032.45,75,119,22,18,52,N
32709,6,3,16,3,2,2,1,7,102.56,11.0,12409.79,0.38,202,0.09,689.43,1128.16,74,128,37,11,23,Y
32748,10,1,1,0,1,1,1,2,12.06,1.5,27.14,0.01,7,0.67,1.51,18.09,3,4,3,3,3,N
32362,22,15,4,11,8,5,1,32,43.42,14.61,9265.54,0.21,120,0.07,514.75,634.25,42,78,23,16,36,Y
32722,10,3,0,4,2,2,1,17,45.17,6.32,1801.85,0.1,60,0.16,100.1,285.29,30,30,19,8,17,N
33190,2,1,0,0,1,1,1,4,8.54,4.67,186.03,0.01,12,0.21,10.33,39.86,4,8,3,7,4,N
33739,1,9,4,0,1,1,1,11,16.51,16.67,4584.96,0.09,60,0.06,254.72,275.1,20,40,9,15,15,N
32837,39,69,25,44,35,2,3,95,32.04,79.2,200997.63,0.85,452,0.01,11166.53,2537.85,165,287,25,24,120,N
33607,7,33,14,26,17,7,6,86,28.06,80.83,183341.27,0.76,404,0.01,10185.63,2268.34,143,261,23,26,100,N
32419,4,1,0,0,1,1,1,10,19.15,8.36,1337.14,0.05,40,0.12,74.29,160.0,13,27,7,9,10,N
32999,1,9,0,1,5,3,3,14,25.3,10.56,2822.18,0.09,55,0.09,156.79,267.19,26,29,16,13,14,N
33633,2,5,0,3,3,3,1,10,33.36,3.5,408.65,0.04,28,0.29,22.7,116.76,11,17,11,7,10,N
33759,1,5,0,0,3,2,1,6,18.13,7.5,1020.0,0.05,34,0.13,56.67,136.0,9,25,6,10,6,N
33270,1,1,0,0,1,1,1,4,8.54,4.67,186.03,0.01,12,0.21,10.33,39.86,4,8,3,7,4,N
32534,3,5,1,0,3,2,1,11,15.97,11.05,1949.43,0.06,39,0.09,108.3,176.42,17,22,10,13,12,Y
32812,0,1,0,0,1,1,1,3,11.63,2.0,46.53,0.01,9,0.5,2.58,23.26,4,5,3,3,3,N
32487,3,1,1,2,1,1,1,3,15.36,3.5,188.21,0.02,15,0.29,10.46,53.77,5,10,5,7,4,Y
33295,3,3,1,2,2,1,1,10,8.34,18.67,2905.92,0.05,45,0.05,161.44,155.67,14,31,3,8,11,N
32892,20,15,8,11,8,3,1,36,33.18,25.65,21826.86,0.28,161,0.04,1212.6,850.95,54,107,20,19,44,N
33219,4,5,2,9,3,2,1,9,21.43,4.38,410.22,0.03,24,0.23,22.79,93.77,10,14,8,7,11,N
33075,0,5,0,0,3,1,3,5,13.11,4.8,301.96,0.02,17,0.21,16.78,62.91,6,11,5,8,5,N
32452,4,7,3,2,4,2,1,23,12.12,25.67,7986.92,0.1,72,0.04,443.72,311.18,22,50,6,14,26,Y
33772,1,7,0,0,4,3,1,10,21.62,13.0,3654.41,0.09,64,0.08,203.02,281.11,16,48,8,13,10,N
32543,10,7,1,2,5,2,1,26,27.87,12.27,4193.22,0.11,69,0.08,232.96,341.84,23,46,15,16,27,Y
33237,0,1,0,0,1,1,1,5,12.18,3.0,109.62,0.01,11,0.33,6.09,36.54,4,7,4,6,5,N
33695,0,1,0,0,1,1,1,0,0.0,0.0,0.0,0.0,1,0.0,0.0,0.0,0,1,0,1,0,N
33148,16,9,0,12,5,2,1,32,41.51,18.85,14745.1,0.26,147,0.05,819.17,782.32,51,96,23,17,32,N
32776,12,4,1,5,3,3,1,18,30.21,9.6,2784.46,0.1,61,0.1,154.69,290.05,24,37,15,12,19,N
32613,38,7,19,34,4,2,1,24,79.68,11.59,10705.07,0.31,157,0.09,594.73,923.57,68,89,44,15,43,Y
32431,4,1,1,0,1,1,1,5,16.3,4.08,271.98,0.02,18,0.24,15.11,66.61,7,11,6,7,6,Y
33165,6,17,3,0,9,2,5,24,20.73,30.36,19100.2,0.21,127,0.03,1061.12,629.18,50,77,14,17,27,N
32493,2,1,0,0,1,1,1,3,8.98,2.5,56.15,0.01,8,0.4,3.12,22.46,2,6,2,5,3,N
32662,3,3,0,1,2,2,1,7,9.04,6.13,339.02,0.02,16,0.16,18.83,55.35,7,9,4,7,7,N
33351,39,9,5,21,5,2,1,18,27.16,17.0,7847.8,0.15,90,0.06,435.99,461.64,36,54,18,17,23,N
32688,2,5,0,0,3,1,1,5,9.6,9.17,806.67,0.03,22,0.11,44.81,88.0,11,11,6,10,5,N
33786,1,5,0,0,3,2,1,6,18.13,7.5,1020.0,0.05,34,0.13,56.67,136.0,9,25,6,10,6,N
33787,1,3,0,0,2,1,1,4,15.63,5.0,390.69,0.03,20,0.2,21.7,78.14,5,15,5,10,4,N
32861,1,1,0,0,1,1,1,8,20.31,16.12,5279.85,0.11,86,0.06,293.32,327.43,43,43,8,6,8,N
33329,15,3,2,9,2,1,1,8,16.9,16.55,4627.48,0.09,61,0.06,257.07,279.68,28,33,11,13,10,N
33194,3,1,0,3,1,1,1,5,10.79,7.2,559.51,0.03,21,0.14,31.08,77.71,9,12,5,8,5,N
32726,7,1,0,5,1,1,1,6,25.71,4.67,560.0,0.04,30,0.21,31.11,120.0,12,18,9,7,6,N
32857,1,3,0,0,2,1,1,4,12.11,6.42,498.63,0.03,21,0.16,27.7,77.71,11,10,6,7,4,N
33719,1,9,0,0,5,4,1,12,17.51,14.17,3513.33,0.08,62,0.07,195.19,248.0,17,45,6,10,12,N
32700,6,3,3,2,2,2,1,10,16.6,14.06,3280.34,0.08,54,0.07,182.24,233.38,23,31,9,11,13,Y
32783,14,9,5,27,5,4,4,17,25.65,19.5,9755.09,0.17,94,0.05,541.95,500.26,39,55,20,20,22,N
32526,3,3,0,0,2,2,1,8,18.89,5.63,597.79,0.04,26,0.18,33.21,106.27,10,16,8,9,8,N
32390,3,7,20,5,4,4,1,2,21.59,13.59,3988.08,0.1,64,0.07,221.56,293.44,23,41,11,13,22,Y
32878,1,1,0,1,1,1,1,8,20.31,24.0,11696.19,0.16,128,0.04,649.79,487.34,64,64,8,6,8,N
32555,5,7,0,6,4,1,4,13,14.41,10.5,1588.31,0.05,35,0.1,88.24,151.27,14,21,8,12,13,N
33288,0,1,0,0,1,1,1,2,5.33,1.5,12.0,0.0,4,0.67,0.67,8.0,1,3,1,3,2,N
33686,1,7,2,0,4,1,3,7,11.77,13.81,2245.01,0.05,35,0.07,124.72,162.53,13,22,8,17,9,N
33685,1,3,0,0,2,1,1,13,16.75,23.0,8858.36,0.13,81,0.04,492.13,385.15,23,58,9,18,13,N
32531,3,1,0,0,1,1,1,3,9.05,2.0,36.19,0.01,7,0.5,2.0,18.09,2,5,2,4,3,N
32529,3,9,0,0,5,2,5,11,18.96,10.11,1938.86,0.06,43,0.1,107.71,191.76,14,29,9,13,11,N
33014,1,5,0,1,3,3,3,12,18.7,10.4,2022.94,0.06,43,0.1,112.39,194.51,16,27,10,13,12,N
32535,19,39,6,21,20,2,1,96,29.39,91.11,243939.5,0.89,472,0.01,13552.19,2677.38,205,267,27,24,102,Y
32880,0,3,2,0,2,1,1,5,12.44,9.0,1008.0,0.04,28,0.11,56.0,112.0,14,14,7,9,7,N
33541,7,7,3,6,4,4,1,19,31.77,11.63,4293.21,0.12,72,0.09,238.51,369.31,31,41,20,15,22,N
33631,1,3,0,0,2,2,1,12,36.8,7.33,1979.11,0.09,55,0.14,109.95,269.88,22,33,18,12,12,N
33274,2,3,0,0,2,2,1,11,16.4,7.07,820.29,0.04,29,0.14,45.57,116.0,11,18,7,9,11,N
32853,12,25,0,0,1,1,1,28,25.46,32.5,26888.89,0.28,174,0.03,1493.83,827.35,52,122,12,15,28,N
32435,5,1,0,3,1,1,1,18,28.84,13.33,5127.24,0.13,101,0.08,284.85,384.54,20,81,6,8,18,N
33579,1,9,0,0,5,2,1,18,17.34,20.09,7000.82,0.12,76,0.05,388.93,348.46,34,42,11,13,18,N
32949,9,5,2,6,3,2,3,12,19.75,15.33,4643.9,0.1,63,0.07,257.99,302.86,23,40,12,16,14,N
33112,0,1,0,0,1,1,1,0,0.0,0.0,0.0,0.0,2,0.0,0.0,2.0,0,2,0,2,0,N
33019,1,5,0,1,3,3,3,11,27.63,5.32,781.48,0.05,34,0.19,43.42,146.95,13,21,11,9,11,N
33204,4,3,0,12,2,2,1,7,14.1,5.4,411.19,0.03,20,0.19,22.84,76.15,6,14,5,9,7,N
32596,7,3,7,4,2,1,1,5,15.69,10.29,1660.33,0.05,38,0.1,92.24,161.42,12,26,7,12,12,Y
33094,3,9,0,1,6,1,1,22,16.82,29.19,14337.59,0.16,95,0.03,796.53,491.14,33,62,13,23,22,N
32576,3,1,1,1,1,1,1,23,52.34,13.11,8997.69,0.23,146,0.08,499.87,686.26,59,87,18,8,24,Y
32524,4,3,1,0,2,1,1,11,21.93,8.25,1492.78,0.06,40,0.12,82.93,180.94,18,22,12,11,12,N
32494,2,1,0,0,1,1,1,3,8.98,2.5,56.15,0.01,8,0.4,3.12,22.46,2,6,2,5,3,N
33437,1,3,0,0,2,2,1,5,11.58,6.75,527.43,0.03,20,0.15,29.3,78.14,9,11,6,9,5,N
32584,2,1,0,0,1,1,1,5,18.32,4.5,371.04,0.03,23,0.22,20.61,82.45,9,14,6,6,5,N
33554,1,1,0,0,1,1,1,11,34.52,9.82,3329.48,0.11,73,0.1,184.97,339.0,25,48,14,11,11,N
32547,7,3,3,2,2,2,1,9,18.89,9.82,1820.94,0.06,41,0.1,101.16,185.47,18,23,11,12,12,Y
32403,4,1,0,1,1,1,1,4,19.03,4.08,317.31,0.03,21,0.24,17.63,77.71,7,14,6,7,4,N
33054,16,11,2,0,10,5,1,58,42.24,23.1,22537.68,0.33,172,0.04,1252.09,975.66,66,106,30,21,60,N
32470,5,1,0,0,1,1,1,10,21.06,8.36,1470.86,0.06,44,0.12,81.71,176.0,13,31,7,9,10,N
32400,7,5,1,2,3,3,1,16,17.66,17.5,5408.68,0.1,65,0.06,300.48,309.07,28,37,12,15,17,Y
32930,10,9,1,6,5,3,5,17,21.77,20.31,8977.55,0.15,91,0.05,498.75,442.08,33,58,13,16,18,N
33308,20,13,1,19,9,9,1,52,46.54,22.39,23328.87,0.35,175,0.04,1296.05,1041.98,62,113,36,26,53,N
33593,9,9,3,3,5,2,1,9,16.62,25.33,10668.04,0.14,85,0.04,592.67,421.11,32,53,12,19,12,N
33763,2,17,2,0,9,6,9,18,24.69,20.15,10026.48,0.17,110,0.05,557.03,497.59,31,79,10,13,20,N
32845,1,9,0,0,5,3,5,21,26.48,21.47,12211.91,0.19,110,0.05,678.44,568.69,48,62,19,17,21,N
32830,19,13,4,21,7,4,5,26,13.72,40.09,22050.0,0.18,110,0.02,1225.0,550.0,42,68,11,21,30,N
33252,4,3,0,37,2,1,1,15,21.82,10.68,2487.99,0.08,49,0.09,138.22,232.99,23,26,14,13,15,N
32386,5,1,2,0,1,1,1,7,19.64,5.5,594.0,0.04,27,0.18,33.0,108.0,11,16,8,8,9,N
33499,3,7,0,0,4,3,1,8,17.72,10.83,2080.0,0.06,48,0.09,115.56,192.0,13,35,6,10,8,N
33454,1,9,0,0,5,1,5,11,8.96,17.0,2590.27,0.05,39,0.06,143.9,152.37,17,22,5,10,11,N
32430,4,9,14,3,5,4,1,20,15.65,31.06,15095.42,0.16,109,0.03,838.63,486.08,43,66,9,13,34,Y
33246,0,19,0,0,5,2,4,0,0.0,0.0,0.0,0.0,0,0.0,0.0,0.0,0,0,0,0,0,N
33591,0,1,0,0,1,1,1,0,0.0,0.0,0.0,0.0,2,0.0,0.0,2.0,0,2,0,2,0,N
32728,4,5,18,1,3,2,1,5,22.16,14.38,4579.55,0.11,67,0.07,254.42,318.58,23,44,12,15,23,N
32867,5,15,7,3,8,1,8,31,27.2,53.67,78353.33,0.49,292,0.02,4352.96,1460.0,138,154,18,14,38,N
33212,0,39,0,0,24,8,1,0,0.0,0.0,0.0,0.0,0,0.0,0.0,0.0,0,0,0,0,0,N
33641,1,3,0,0,2,2,1,7,20.79,7.5,1169.17,0.05,34,0.13,64.95,155.89,15,19,12,12,7,N
32745,0,15,0,0,8,2,4,0,0.0,0.0,0.0,0.0,0,0.0,0.0,0.0,0,0,0,0,0,N
33096,1,3,0,0,2,1,1,5,6.77,9.0,548.5,0.02,17,0.11,30.47,60.94,6,11,3,9,5,N
33079,0,5,0,0,3,1,3,5,13.11,4.8,301.96,0.02,17,0.21,16.78,62.91,6,11,5,8,5,N
33660,13,19,1,17,10,6,8,37,64.06,30.39,59183.26,0.65,331,0.03,3287.96,1947.15,110,221,38,21,38,N
32816,6,45,2,5,23,19,19,64,45.49,45.94,95998.42,0.7,347,0.02,5333.25,2089.76,147,200,40,25,66,N
32626,4,5,2,2,3,1,1,18,20.53,12.14,3027.64,0.08,61,0.08,168.2,249.34,17,44,7,10,20,Y
32437,4,1,1,1,1,1,1,5,13.88,5.6,435.17,0.03,21,0.18,24.18,77.71,7,14,5,8,6,Y
33276,5,5,1,1,3,3,1,13,14.31,11.43,1868.55,0.05,40,0.09,103.81,163.5,16,24,7,10,14,N
32594,14,5,2,2,3,2,1,196,201.95,50.69,518878.57,3.41,1472,0.02,28826.59,10236.58,597,875,106,18,198,Y
32806,1,5,1,0,3,1,1,10,14.0,10.83,1642.56,0.05,34,0.09,91.25,151.62,15,19,9,13,11,N
32757,2,3,0,0,2,2,1,14,17.84,13.33,3171.79,0.08,56,0.08,176.21,237.88,24,32,9,10,14,N
32973,5,11,0,0,6,5,1,13,27.56,14.4,5715.21,0.13,89,0.07,317.51,396.89,24,65,10,12,13,N
32538,25,7,5,13,4,3,1,31,32.79,29.64,28803.52,0.32,178,0.03,1600.2,971.78,78,100,25,19,36,N
32380,6,3,0,1,2,1,1,10,19.46,11.79,2703.0,0.08,55,0.08,150.17,229.35,15,40,7,11,10,N
33738,1,3,0,0,2,1,1,4,16.65,4.0,266.43,0.02,18,0.25,14.8,66.61,5,13,5,8,4,N
33692,0,3,0,0,2,1,1,4,3.4,22.5,1719.1,0.03,23,0.04,95.51,76.4,5,18,1,9,4,N
32703,14,1,3,9,1,1,1,10,45.63,4.38,873.48,0.07,47,0.23,48.53,199.65,15,32,12,7,13,Y
33464,3,1,0,2,1,1,1,3,8.72,4.0,139.48,0.01,11,0.25,7.75,34.87,4,7,3,6,3,N
33241,0,1,0,0,1,1,1,4,12.55,4.0,200.76,0.02,14,0.25,11.15,50.19,4,10,4,8,4,N
32957,1,3,0,0,2,1,1,4,12.11,6.42,498.63,0.03,21,0.16,27.7,77.71,11,10,6,7,4,N
32423,4,6,8,0,4,2,1,37,35.88,23.06,19076.12,0.28,164,0.04,1059.78,827.28,49,115,17,16,45,Y
33587,6,5,1,4,3,1,1,11,12.3,29.0,10341.88,0.12,75,0.03,574.55,356.62,29,46,9,18,12,N
32634,18,9,5,8,5,2,1,25,20.05,21.25,9053.79,0.14,86,0.05,502.99,426.06,35,51,14,17,30,Y
33536,0,1,0,0,1,1,1,4,8.23,3.75,115.8,0.01,11,0.27,6.43,30.88,3,8,2,5,4,N
33234,0,1,0,0,1,1,1,0,0.0,0.0,0.0,0.0,0,0.0,0.0,0.0,0,0,0,0,0,N
33451,0,5,0,0,3,2,3,0,0.0,0.0,0.0,0.0,0,0.0,0.0,0.0,0,0,0,0,0,N
33730,1,3,0,0,2,1,1,4,16.07,4.5,325.53,0.02,19,0.22,18.08,72.34,5,14,5,9,4,N
32640,3,1,1,0,1,1,1,3,11.58,2.67,82.35,0.01,11,0.38,4.57,30.88,4,7,3,4,4,Y
33819,1,1,0,0,1,1,1,19,10.42,45.0,21097.27,0.16,167,0.02,1172.07,468.83,36,131,2,5,19,N
33056,6,1,1,0,1,1,1,1,9.83,2.0,39.3,0.01,7,0.5,2.18,19.65,3,4,3,4,2,N
32730,1,1,0,0,1,1,1,2,5.8,2.0,23.22,0.0,5,0.5,1.29,11.61,1,4,1,4,2,N
33705,13,19,3,13,10,4,1,48,37.58,27.77,28975.86,0.35,190,0.04,1609.77,1043.45,76,114,26,19,51,N
32398,11,9,6,11,5,4,1,40,32.18,22.75,16658.75,0.24,154,0.04,925.49,732.25,49,105,14,13,46,Y
33097,1,5,0,0,3,2,3,10,22.3,11.0,2698.79,0.08,50,0.09,149.93,245.34,22,28,15,15,10,N
33657,0,3,0,0,2,2,1,6,18.96,7.64,1105.39,0.05,32,0.13,61.41,144.75,14,18,11,12,6,N
33024,4,19,0,0,10,9,1,11,18.36,24.23,10774.87,0.15,97,0.04,598.6,444.74,41,56,11,13,11,N
33645,1,3,0,0,2,2,1,8,20.45,10.23,2140.43,0.07,44,0.1,118.91,209.22,19,25,13,14,8,N
33676,2,7,0,0,4,2,1,11,10.18,16.5,2771.94,0.06,43,0.06,154.0,168.0,12,31,4,11,11,N
33339,27,9,5,20,5,2,3,16,19.73,17.18,5824.66,0.11,73,0.06,323.59,339.0,27,46,11,14,21,N
32909,15,3,1,2,2,2,1,8,21.15,4.5,428.33,0.03,25,0.22,23.8,95.18,9,16,7,7,9,N
33521,1,1,0,0,1,1,1,4,13.95,2.5,87.17,0.01,11,0.4,4.84,34.87,4,7,4,5,4,N
33050,14,5,4,3,3,1,1,43,95.83,13.45,17344.68,0.43,222,0.07,963.59,1289.23,89,133,43,13,47,N
33100,42,27,0,9,14,4,9,45,67.49,20.98,29713.51,0.47,224,0.05,1650.75,1416.11,104,120,57,23,45,N
32553,6,17,1,6,9,2,7,28,13.48,33.0,14676.46,0.15,97,0.03,815.36,444.74,33,64,8,16,29,Y
33281,8,13,2,9,7,2,3,25,18.96,42.31,33933.25,0.27,159,0.02,1885.18,802.06,55,104,13,20,27,N
32818,0,1,0,0,1,1,1,0,6.2,2.5,38.77,0.01,6,0.4,2.15,15.51,1,5,1,5,0,N
33230,1,3,1,0,2,2,1,7,20.61,6.5,870.87,0.04,31,0.15,48.38,133.98,13,18,10,10,8,N
32755,15,1,8,8,1,1,1,11,118.03,3.19,1200.82,0.13,74,0.31,66.71,376.47,37,37,29,5,19,N
33037,1,5,0,0,3,2,3,7,12.97,4.8,298.89,0.02,18,0.21,16.61,62.27,8,10,5,6,7,N
33122,3,7,0,0,4,3,1,8,21.13,9.29,1821.84,0.07,48,0.11,101.21,196.2,13,35,7,10,8,N
33796,1,7,0,0,4,3,1,8,14.43,13.0,2437.9,0.06,48,0.08,135.44,187.53,13,35,5,10,8,N
33090,8,143,3,0,73,60,15,139,104.26,72.74,551711.63,2.53,1052,0.01,30650.65,7584.34,507,545,115,33,142,N
32781,0,1,0,0,1,1,1,0,0.0,0.0,0.0,0.0,2,0.0,0.0,2.0,0,2,0,2,0,N
32737,0,27,0,0,14,1,9,0,0.0,0.0,0.0,0.0,0,0.0,0.0,0.0,0,0,0,0,0,N
32774,16,3,3,25,2,2,1,16,18.96,13.64,3525.33,0.09,55,0.07,195.85,258.51,20,35,11,15,19,N
32436,5,1,0,3,1,1,1,10,19.66,9.6,1811.74,0.06,51,0.1,100.65,188.72,12,39,5,8,10,N
33726,1,9,0,0,5,4,1,12,17.51,14.17,3513.33,0.08,62,0.07,195.19,248.0,17,45,6,10,12,N
33511,0,5,0,0,3,1,3,10,13.31,10.56,1484.6,0.05,32,0.09,82.48,140.55,13,19,8,13,10,N
32862,18,12,19,5,8,5,1,35,18.0,124.37,278423.08,0.75,433,0.01,15467.95,2238.58,199,234,16,20,54,N
33187,0,1,0,0,1,1,1,5,8.51,8.0,544.91,0.02,19,0.13,30.27,68.11,8,11,4,8,5,N
32557,2,5,14,4,3,1,1,4,12.12,13.2,2112.0,0.05,40,0.08,117.33,160.0,12,28,5,11,18,Y
33486,8,1,3,0,1,1,1,6,25.65,3.21,265.03,0.03,23,0.31,14.72,82.45,9,14,7,5,9,N
32978,0,1,0,0,1,1,1,2,15.36,3.5,188.21,0.02,15,0.29,10.46,53.77,5,10,5,7,2,N
32476,12,13,8,10,7,6,1,28,60.82,9.92,5988.69,0.2,115,0.1,332.71,603.51,43,72,26,12,36,Y
32779,15,5,3,21,3,2,1,15,31.26,14.91,6951.19,0.16,95,0.07,386.18,466.15,39,56,17,13,18,N
32963,2,1,0,1,1,1,1,14,20.1,20.0,8039.07,0.13,121,0.05,446.61,401.95,60,61,6,4,14,N
33331,77,33,23,52,17,4,14,58,39.18,47.64,88914.45,0.62,320,0.02,4939.69,1866.52,131,189,33,24,81,N
33283,24,13,2,25,7,6,3,32,25.63,31.35,25188.32,0.27,149,0.03,1399.35,803.46,57,92,20,22,34,N
32966,5,9,1,20,5,4,1,17,17.71,13.85,3394.73,0.08,51,0.07,188.6,245.18,24,27,13,15,18,N
33756,1,5,0,0,3,2,1,6,18.13,7.5,1020.0,0.05,34,0.13,56.67,136.0,9,25,6,10,6,N
32451,5,7,6,2,4,1,1,17,18.32,13.44,3312.04,0.08,57,0.07,184.0,246.35,22,35,9,11,23,Y
33210,7,1,0,10,1,1,1,6,29.7,3.33,329.97,0.03,26,0.3,18.33,98.99,12,14,9,5,6,N
33475,7,9,1,15,5,1,4,23,15.44,29.75,13664.81,0.15,103,0.03,759.16,459.32,34,69,8,14,24,N
33755,1,5,0,0,3,2,1,6,18.13,7.5,1020.0,0.05,34,0.13,56.67,136.0,9,25,6,10,6,N
33115,15,3,5,20,2,1,1,15,27.71,21.09,12331.3,0.19,118,0.05,685.07,584.6,45,73,16,15,20,N
32860,17,12,19,5,8,5,1,35,18.87,122.91,285104.16,0.77,442,0.01,15839.12,2319.58,199,243,17,21,54,N
32373,6,3,1,1,2,1,1,16,23.3,10.39,2514.4,0.08,56,0.1,139.69,242.03,17,39,9,11,17,Y
32758,1,3,1,0,2,1,1,11,10.7,9.0,867.02,0.03,29,0.11,48.17,96.34,12,17,4,6,12,N
32646,11,7,15,8,4,1,1,10,25.55,25.31,16365.59,0.22,136,0.04,909.2,646.66,47,89,13,14,25,Y
33052,16,11,3,23,6,1,1,27,23.05,32.11,23756.49,0.25,140,0.03,1319.81,739.96,61,79,19,20,30,N
33557,1,13,0,1,7,6,7,14,18.23,16.1,4724.35,0.1,64,0.06,262.46,293.44,23,41,10,14,14,N
33727,1,7,0,0,4,3,1,10,17.72,10.83,2080.0,0.06,48,0.09,115.56,192.0,13,35,6,10,10,N
33051,6,1,0,0,1,1,1,11,27.47,8.18,1838.78,0.07,52,0.12,102.15,224.74,20,32,11,9,11,N
33213,1,1,0,0,1,1,1,2,11.86,3.5,145.3,0.01,12,0.29,8.07,41.51,4,8,4,7,2,N
32521,4,5,0,0,3,3,1,14,23.96,9.69,2250.48,0.08,50,0.1,125.03,232.19,21,29,13,12,14,N
33257,1,5,0,1,3,2,3,7,11.71,9.43,1041.34,0.04,26,0.11,57.85,110.45,11,15,7,12,7,N
33518,0,1,0,0,1,1,1,3,11.58,2.67,82.35,0.01,11,0.38,4.57,30.88,4,7,3,4,3,N
32619,8,6,2,0,5,1,1,18,26.73,9.21,2266.4,0.08,53,0.11,125.91,246.12,17,36,12,13,20,Y
32697,8,1,1,4,1,1,1,5,22.5,2.0,90.0,0.02,15,0.5,5.0,45.0,4,11,4,4,6,Y
33764,2,23,0,0,12,11,1,24,16.85,41.25,28663.33,0.23,170,0.02,1592.41,694.87,45,125,6,11,24,N
33401,0,1,0,0,1,1,1,5,13.32,3.5,163.12,0.02,13,0.29,9.06,46.6,5,8,5,7,5,N
32877,2,13,0,1,7,1,1,17,23.2,19.0,8375.9,0.15,102,0.05,465.33,440.84,57,45,12,8,17,N
33377,2,5,0,0,3,3,1,11,18.35,8.33,1274.38,0.05,36,0.12,70.8,152.93,15,21,9,10,11,N
33130,1,20,2,3,12,9,7,41,30.92,45.36,63608.7,0.47,246,0.02,3533.82,1402.31,84,162,25,27,43,N
33642,1,3,0,0,2,2,1,8,19.98,10.23,2091.78,0.07,43,0.1,116.21,204.46,19,24,13,14,8,N
33123,2,5,0,0,3,2,1,6,18.13,7.5,1020.0,0.05,34,0.13,56.67,136.0,9,25,6,10,6,N
33435,0,7,0,0,4,1,1,0,0.0,0.0,0.0,0.0,0,0.0,0.0,0.0,0,0,0,0,0,N
32883,2,1,0,2,1,1,1,21,27.02,35.67,34375.18,0.32,223,0.03,1909.73,963.79,107,116,12,8,21,N
32384,4,3,0,1,2,2,1,8,20.23,4.44,399.66,0.03,22,0.23,22.2,89.92,10,12,9,8,8,N
32718,8,5,2,9,3,1,1,32,17.32,73.18,92777.91,0.42,273,0.01,5154.33,1267.77,115,158,11,14,34,Y
33598,0,1,0,0,1,1,1,2,5.33,1.5,12.0,0.0,4,0.67,0.67,8.0,1,3,1,3,2,N
32702,5,1,0,2,1,1,1,10,22.45,4.29,412.33,0.03,26,0.23,22.91,96.21,10,16,7,6,10,N
32793,13,5,6,42,3,1,1,6,16.21,11.0,1962.54,0.06,42,0.09,109.03,178.41,16,26,8,11,12,N
32835,29,39,7,28,20,2,13,55,24.94,77.43,149562.2,0.64,344,0.01,8309.01,1931.46,137,207,23,26,62,N
32579,15,1,0,6,1,1,1,9,36.46,3.0,328.18,0.04,28,0.33,18.23,109.39,9,19,9,6,9,N
33273,31,24,1,8,19,18,1,79,29.08,53.32,82676.06,0.52,267,0.02,4593.11,1550.56,86,181,25,31,80,N
33532,7,3,1,0,2,1,1,7,11.47,8.75,877.83,0.03,29,0.11,48.77,100.32,10,19,4,7,8,N
33373,2,3,0,0,2,1,1,16,27.24,11.46,3576.44,0.1,69,0.09,198.69,312.13,25,44,12,11,16,N
33780,2,5,0,0,3,2,1,6,18.13,7.5,1020.0,0.05,34,0.13,56.67,136.0,9,25,6,10,6,N
32455,6,5,1,2,3,2,1,14,12.24,14.57,2599.73,0.06,42,0.07,144.43,178.41,17,25,7,12,15,Y
33370,5,1,0,0,1,1,1,15,33.1,8.73,2520.95,0.1,68,0.11,140.05,288.86,24,44,11,8,15,N
33058,4,3,1,0,2,1,1,5,10.88,5.6,341.29,0.02,17,0.18,18.96,60.94,8,9,5,7,6,N
33358,24,12,6,33,7,6,1,24,436.67,14.31,89390.87,2.08,1107,0.07,4966.16,6247.75,31,1076,26,24,30,N
32515,3,5,2,1,3,2,3,7,22.4,7.33,1204.38,0.05,38,0.14,66.91,164.23,12,26,9,11,9,Y
33679,7,26,4,5,16,12,8,81,41.54,53.56,119157.6,0.74,355,0.02,6619.87,2224.71,122,233,41,36,85,N
33818,1,3,0,0,2,2,1,5,11.52,8.33,800.0,0.03,24,0.12,44.44,96.0,10,14,6,10,5,N
33151,1,15,5,5,9,4,4,24,31.55,35.27,39260.76,0.37,190,0.03,2181.15,1113.02,81,109,31,27,29,N
32942,9,7,0,3,4,3,3,16,23.57,16.39,6334.65,0.13,78,0.06,351.92,386.43,27,51,14,17,16,N
33065,16,11,2,0,6,3,5,22,51.72,11.85,7268.38,0.2,111,0.08,403.8,613.12,49,62,31,15,24,N
33585,0,1,0,0,1,1,1,0,0.0,0.0,0.0,0.0,2,0.0,0.0,2.0,0,2,0,2,0,N
32849,5,15,0,3,8,8,1,39,35.89,25.54,23410.95,0.31,170,0.04,1300.61,916.69,83,87,26,16,39,N
32921,9,9,1,4,5,4,3,20,25.86,19.73,10069.57,0.17,103,0.05,559.42,510.28,37,66,15,16,21,N
33163,9,5,8,4,3,2,3,14,34.87,25.2,22143.15,0.29,160,0.04,1230.18,878.7,63,97,25,20,22,N
32874,1,1,0,1,1,1,1,20,20.26,91.87,171052.56,0.62,489,0.01,9502.92,1861.8,245,244,8,6,20,N
32995,1,15,0,1,8,8,8,19,22.78,18.0,7380.0,0.14,82,0.06,410.0,410.0,36,46,16,16,19,N
33662,0,3,0,9,2,1,1,7,9.82,11.0,1188.0,0.04,27,0.09,66.0,108.0,10,17,5,11,7,N
33152,0,1,0,0,1,1,1,0,0.0,0.0,0.0,0.0,1,0.0,0.0,0.0,0,1,0,1,0,N
32478,14,1,55,0,1,1,1,155,2246.32,11.67,306039.54,8.74,2833,0.09,17002.2,26219.5,1403,1430,601,10,210,Y
33102,3,37,4,0,19,12,11,46,37.9,41.66,65784.09,0.53,277,0.02,3654.67,1579.02,123,154,31,21,50,N
33192,10,1,0,22,1,1,1,18,71.72,5.25,1976.72,0.13,76,0.19,109.82,376.52,36,40,24,7,18,N
32481,4,1,0,0,1,1,1,8,18.58,11.0,2247.77,0.07,57,0.09,124.88,204.34,22,35,6,6,8,N
33018,5,23,1,4,12,9,10,47,52.14,25.38,33598.94,0.44,225,0.04,1866.61,1323.59,99,126,39,20,48,N
32997,1,5,0,0,3,3,3,6,19.38,5.06,496.63,0.03,24,0.2,27.59,98.1,9,15,8,9,6,N
32731,7,3,6,9,2,1,1,6,26.79,7.88,1661.41,0.07,54,0.13,92.3,210.97,18,36,8,7,12,N
32630,18,15,7,11,8,4,1,51,28.26,46.75,61762.26,0.44,245,0.02,3431.24,1321.12,85,160,20,22,58,Y
33017,0,5,0,0,3,1,1,0,0.0,0.0,0.0,0.0,0,0.0,0.0,0.0,0,0,0,0,0,N
33297,3,1,0,1,1,1,1,11,24.44,7.73,1459.45,0.06,43,0.13,81.08,188.87,17,26,11,10,11,N
33184,0,1,0,0,1,1,1,5,8.22,9.0,666.08,0.02,20,0.11,37.0,74.01,8,12,4,9,5,N
33228,3,10,0,1,6,6,1,37,36.73,32.52,38830.0,0.4,203,0.03,2157.22,1194.18,72,131,31,28,37,N
32408,17,6,0,4,5,5,1,25,26.68,22.5,13507.21,0.2,118,0.04,750.4,600.32,40,78,16,18,25,N
33617,20,1,6,2,1,1,1,4,32.9,2.78,253.82,0.03,24,0.36,14.1,91.38,10,14,9,5,10,N
33353,27,9,7,9,5,1,1,15,19.42,18.42,6585.38,0.12,77,0.05,365.85,357.58,34,43,12,13,22,N
33238,0,1,0,0,1,1,1,4,10.87,3.5,133.19,0.01,11,0.29,7.4,38.05,4,7,4,7,4,N
33135,7,3,1,3,2,2,1,11,25.79,5.0,644.64,0.04,33,0.2,35.81,128.93,15,18,9,6,12,N
32366,3,1,0,0,1,1,1,4,8.54,4.67,186.03,0.01,12,0.21,10.33,39.86,4,8,3,7,4,N
33365,0,7,0,0,4,2,3,0,0.0,0.0,0.0,0.0,0,0.0,0.0,0.0,0,0,0,0,0,N
33667,0,1,0,0,1,1,1,3,9.51,4.0,152.16,0.01,12,0.25,8.45,38.04,4,8,3,6,3,N
32625,21,15,14,14,8,4,1,33,67.61,22.34,33751.49,0.5,265,0.04,1875.08,1510.62,92,173,35,17,47,Y
33512,1,5,0,0,3,1,3,10,12.94,11.38,1673.96,0.05,33,0.09,93.0,147.16,13,20,8,14,10,N
33804,1,19,0,0,10,9,1,21,24.5,26.0,16559.04,0.21,145,0.04,919.95,636.89,39,106,9,12,21,N
32805,1,19,17,0,10,1,8,31,29.53,47.36,66226.0,0.47,243,0.02,3679.22,1398.44,102,141,28,26,48,N
33364,2,15,3,0,9,7,4,18,18.28,23.38,9996.98,0.14,88,0.04,555.39,427.5,38,50,13,16,21,N
33439,2,11,0,0,6,3,3,9,9.17,25.0,5733.65,0.08,55,0.04,318.54,229.35,25,30,6,12,9,N
33199,8,7,3,5,4,3,1,19,16.19,29.32,13918.64,0.16,101,0.03,773.26,474.74,43,58,11,15,22,N
33664,1,1,0,0,1,1,1,4,10.3,4.0,164.84,0.01,13,0.25,9.16,41.21,4,9,3,6,4,N
32666,24,31,25,22,16,4,4,64,40.24,43.62,76555.91,0.59,316,0.02,4253.11,1755.25,108,208,26,21,89,Y
33503,0,5,0,0,3,3,3,0,0.0,0.0,0.0,0.0,0,0.0,0.0,0.0,0,0,0,0,0,N
32675,9,1,1,3,1,1,1,15,19.12,16.89,5453.58,0.11,79,0.06,302.98,322.91,38,41,9,8,16,N
32511,2,3,1,0,2,2,1,5,16.5,4.5,334.04,0.02,19,0.22,18.56,74.23,6,13,6,9,6,Y
32936,0,1,0,0,1,1,1,0,0.0,0.0,0.0,0.0,2,0.0,0.0,2.0,0,2,0,2,0,N
32412,4,1,0,1,1,1,1,4,17.25,6.29,681.48,0.04,26,0.16,37.86,108.42,8,18,7,11,4,N
33500,15,31,0,0,16,15,1,33,35.6,30.0,32042.61,0.36,230,0.03,1780.14,1068.09,65,165,13,12,33,N
33088,0,1,0,0,1,1,1,0,0.0,0.0,0.0,0.0,1,0.0,0.0,0.0,0,1,0,1,0,N
33195,8,5,0,19,3,1,1,14,26.68,10.56,2976.12,0.09,58,0.09,165.34,281.76,26,32,16,13,14,N
32832,19,13,5,19,7,4,5,25,13.72,40.09,22050.0,0.18,110,0.02,1225.0,550.0,42,68,11,21,30,N
33333,38,29,11,25,15,2,12,39,14.74,67.31,66759.69,0.33,189,0.01,3708.87,991.86,70,119,13,25,50,N
33015,3,15,0,0,8,6,5,20,44.13,16.55,12089.65,0.24,133,0.06,671.65,730.42,60,73,29,16,20,N
32761,0,1,0,0,1,1,1,8,31.52,5.56,972.99,0.06,46,0.18,54.06,175.14,20,26,9,5,8,N
32873,2,23,6,0,12,1,6,39,31.07,35.11,38303.42,0.36,205,0.03,2127.97,1091.0,95,110,23,17,45,N
32682,32,29,45,18,15,5,3,65,59.92,43.25,112076.69,0.86,420,0.02,6226.48,2591.37,173,247,48,24,110,N
32381,5,1,0,1,1,1,1,7,23.5,5.5,710.97,0.04,31,0.18,39.5,129.27,11,20,9,9,7,N
33046,38,19,7,9,17,2,1,134,43.8,87.5,335371.38,1.28,598,0.01,18631.74,3832.82,250,348,50,35,141,N
32397,4,1,0,0,1,1,1,11,20.15,15.43,4795.77,0.1,84,0.06,266.43,310.84,36,48,7,6,11,N
33264,1,3,0,0,2,2,1,4,14.8,8.56,1083.64,0.04,28,0.12,60.2,126.66,11,17,9,14,4,N
33189,0,1,0,0,1,1,1,2,9.06,3.5,110.95,0.01,10,0.29,6.16,31.7,2,8,2,7,2,N
33669,0,3,0,0,2,2,1,5,10.68,4.67,232.53,0.02,15,0.21,12.92,49.83,4,11,3,7,5,N
32769,12,15,3,12,8,1,5,36,42.42,18.67,14780.96,0.26,152,0.05,821.16,791.84,49,103,21,16,39,N
33282,1,7,0,0,4,1,3,7,7.73,15.0,1740.0,0.04,29,0.07,96.67,116.0,10,19,4,12,7,N
32899,8,3,0,0,2,1,1,15,12.49,28.7,10288.84,0.12,100,0.03,571.6,358.5,41,59,5,7,15,N
33120,0,5,1,2,3,2,1,9,18.87,7.8,1147.86,0.05,33,0.13,63.77,147.16,13,20,10,12,10,N
33424,1,15,0,0,8,2,7,11,15.48,21.0,6826.47,0.11,70,0.05,379.25,325.07,28,42,10,15,11,N
32607,2,1,0,0,1,1,1,2,12.5,5.63,395.48,0.02,19,0.18,21.97,70.31,5,14,4,9,2,N
33489,7,1,2,0,1,1,1,6,24.18,4.29,444.05,0.03,28,0.23,24.67,103.61,10,18,7,6,8,N
33146,27,29,0,10,15,9,14,80,40.31,61.67,153302.39,0.83,430,0.02,8516.8,2485.98,148,282,30,25,80,N
32851,1,19,0,0,13,9,3,43,49.68,20.72,21334.26,0.34,175,0.05,1185.24,1029.46,75,100,38,21,43,N
32516,4,7,0,2,4,3,1,15,21.94,10.5,2418.38,0.08,49,0.1,134.35,230.32,21,28,13,13,15,N
33323,30,11,9,17,6,5,1,23,30.74,15.56,7439.0,0.16,94,0.06,413.28,478.22,35,59,18,16,32,N
33215,7,1,2,15,1,1,1,12,38.33,5.54,1177.03,0.07,50,0.18,65.39,212.4,19,31,12,7,14,N
32987,0,1,0,0,1,1,1,2,5.33,1.5,12.0,0.0,4,0.67,0.67,8.0,1,3,1,3,2,N
33047,6,7,2,0,4,2,1,13,15.91,13.65,2963.84,0.07,48,0.07,164.66,217.13,21,27,10,13,15,N
32931,18,15,2,6,8,7,3,44,34.95,36.96,47727.54,0.43,238,0.03,2651.53,1291.45,85,153,23,20,46,N
33750,9,17,3,4,10,7,1,28,23.15,29.25,19806.66,0.23,138,0.03,1100.37,677.15,39,99,12,18,31,N
32379,6,3,1,1,2,1,1,9,22.66,10.31,2409.37,0.08,55,0.1,133.85,233.64,15,40,8,11,10,Y
32489,2,1,0,0,1,1,1,3,8.98,2.5,56.15,0.01,8,0.4,3.12,22.46,2,6,2,5,3,N
33289,2,1,0,0,1,1,1,3,14.34,3.5,175.66,0.02,14,0.29,9.76,50.19,5,9,5,7,3,N
33342,35,14,1,3,13,13,1,43,42.11,17.41,12765.08,0.24,128,0.06,709.17,733.17,39,89,28,25,44,N
33791,7,17,7,0,9,7,7,16,27.48,21.35,12519.46,0.2,122,0.05,695.53,586.5,37,85,13,15,23,N
32552,6,17,4,5,9,3,1,29,20.17,30.46,18713.14,0.2,124,0.03,1039.61,614.32,44,80,13,18,33,Y
33501,2,5,0,0,3,2,1,6,18.13,7.5,1020.0,0.05,34,0.13,56.67,136.0,9,25,6,10,6,N
33354,14,9,1,25,5,1,1,10,19.81,9.82,1909.77,0.06,43,0.1,106.1,194.51,18,25,11,12,11,N
33785,1,5,0,0,3,2,1,6,18.13,7.5,1020.0,0.05,34,0.13,56.67,136.0,9,25,6,10,6,N
33578,1,7,0,0,4,1,1,25,32.68,28.0,25622.15,0.31,177,0.04,1423.45,915.08,56,121,18,18,25,N
32968,4,11,0,0,6,3,6,12,17.88,18.4,6054.17,0.11,70,0.05,336.34,329.03,23,47,10,16,12,N
32542,18,9,2,7,5,1,1,49,30.75,35.76,39329.66,0.37,218,0.03,2184.98,1099.68,76,142,17,16,51,Y
32663,11,3,3,10,2,2,1,21,23.75,19.5,9030.08,0.15,101,0.05,501.67,463.08,39,62,12,12,24,Y
32858,0,1,0,0,1,1,1,5,20.77,8.25,1413.48,0.06,45,0.12,78.53,171.33,22,23,8,6,5,N
33652,3,7,1,2,4,2,1,12,16.48,18.75,5795.02,0.1,65,0.05,321.95,309.07,30,35,12,15,13,N
33582,1,1,0,0,1,1,1,8,8.77,10.13,899.21,0.03,24,0.1,49.96,88.81,9,15,4,9,8,N
33564,0,3,0,0,2,1,1,11,6.45,20.0,2578.55,0.04,33,0.05,143.25,128.93,10,23,3,12,11,N
32879,4,11,12,0,6,2,3,22,18.18,29.14,15444.09,0.18,108,0.03,858.0,529.94,51,57,14,16,34,Y
33431,0,5,0,0,3,1,1,0,0.0,0.0,0.0,0.0,0,0.0,0.0,0.0,0,0,0,0,0,N
32838,16,1,0,10,1,1,1,13,26.21,13.64,4873.11,0.12,79,0.07,270.73,357.36,25,54,11,12,13,N
32519,3,5,1,0,3,2,1,10,22.99,4.44,454.16,0.03,25,0.23,25.23,102.19,10,15,9,8,11,Y
32378,6,1,0,2,1,1,1,8,25.29,7.22,1319.22,0.06,43,0.14,73.29,182.66,13,30,9,10,8,N
33434,0,11,0,0,6,1,5,0,0.0,0.0,0.0,0.0,0,0.0,0.0,0.0,0,0,0,0,0,N
32908,10,4,1,2,3,3,1,18,22.82,13.13,3931.7,0.1,63,0.08,218.43,299.56,21,42,12,15,19,N
33020,1,1,0,0,1,1,1,6,19.41,7.22,1012.42,0.05,33,0.14,56.25,140.18,13,20,9,10,6,N
33553,3,5,0,0,3,3,1,8,13.24,19.29,4925.8,0.09,55,0.05,273.66,255.41,15,40,7,18,8,N
33381,7,7,0,3,5,5,1,34,27.52,17.41,8344.02,0.16,95,0.06,463.56,479.22,37,58,17,16,34,N
33583,0,1,0,0,1,1,1,7,12.99,6.13,487.35,0.03,23,0.16,27.07,79.57,7,16,4,7,7,N
33321,8,3,0,8,2,1,1,5,16.18,6.43,668.57,0.03,26,0.16,37.14,104.0,10,16,7,9,5,N
33733,15,15,0,0,9,6,1,30,18.12,36.75,24470.36,0.22,132,0.03,1359.46,665.86,42,90,12,21,30,N
32645,1,1,0,0,1,1,1,8,34.88,2.0,139.52,0.02,21,0.5,7.75,69.76,6,15,6,4,8,N
33159,0,1,0,0,1,1,1,0,0.0,0.0,0.0,0.0,1,0.0,0.0,0.0,0,1,0,1,0,N
32587,6,1,0,0,1,1,1,14,25.09,9.82,2418.71,0.08,57,0.1,134.37,246.35,24,33,11,9,14,N
32388,8,3,0,3,2,2,1,10,40.24,4.43,790.81,0.06,40,0.23,43.93,178.38,19,21,15,7,10,N
32799,2,1,0,1,1,1,1,6,8.72,4.0,139.48,0.01,11,0.25,7.75,34.87,4,7,3,6,6,N
33779,1,7,0,0,4,3,1,11,25.52,11.7,3493.09,0.1,66,0.09,194.06,298.56,18,48,10,13,11,N
32591,14,1,3,7,1,1,1,11,59.86,4.16,1034.06,0.08,55,0.24,57.45,248.8,19,36,16,7,14,Y
32399,31,23,11,17,12,10,4,74,71.39,24.46,42701.09,0.58,291,0.04,2372.28,1746.0,125,166,46,18,85,Y
33111,0,1,0,0,1,1,1,0,0.0,0.0,0.0,0.0,2,0.0,0.0,2.0,0,2,0,2,0,N
33407,16,15,2,36,8,2,4,63,25.26,51.45,66858.35,0.43,241,0.02,3714.35,1299.55,85,156,19,23,65,N
32831,24,43,18,38,22,10,14,101,54.01,45.5,111805.63,0.82,416,0.02,6211.42,2457.27,169,247,39,21,119,N
33605,4,8,7,0,7,1,1,10,11.6,31.21,11297.51,0.12,77,0.03,627.64,361.93,23,54,7,19,17,N
33794,2,9,0,0,5,4,1,10,17.51,14.17,3513.33,0.08,62,0.07,195.19,248.0,17,45,6,10,10,N
33049,12,3,1,5,2,1,1,31,61.82,14.2,12472.53,0.29,165,0.07,692.92,878.12,59,106,27,13,32,N
33703,3,1,0,0,1,1,1,16,17.75,22.79,9216.43,0.13,97,0.04,512.02,404.48,29,68,7,11,16,N
33001,0,9,0,0,5,5,5,0,0.0,0.0,0.0,0.0,0,0.0,0.0,0.0,0,0,0,0,0,N
33621,0,5,0,0,3,3,1,0,0.0,0.0,0.0,0.0,0,0.0,0.0,0.0,0,0,0,0,0,N
33520,0,1,0,0,1,1,1,5,18.28,5.0,456.88,0.03,24,0.2,25.38,91.38,10,14,7,7,5,N
33798,12,13,3,11,7,5,7,29,21.47,27.69,16463.18,0.2,120,0.04,914.62,594.5,40,80,13,18,32,N
33688,1,1,1,0,1,1,1,2,9.05,2.0,36.19,0.01,7,0.5,2.0,18.09,2,5,2,4,3,N
33162,0,1,0,0,1,1,1,0,0.0,0.0,0.0,0.0,1,0.0,0.0,0.0,0,1,0,1,0,N
32522,3,5,4,0,3,2,1,7,20.85,5.0,521.24,0.03,25,0.2,28.96,104.25,10,15,9,9,11,Y
33318,23,5,5,15,3,3,1,17,24.34,13.0,4112.71,0.11,69,0.08,228.48,316.36,26,43,12,12,22,N
33548,2,9,0,1,5,3,4,9,12.5,13.0,2112.7,0.05,37,0.08,117.37,162.52,13,24,7,14,9,N
33183,2,1,0,1,1,1,1,2,7.75,2.0,31.02,0.01,6,0.5,1.72,15.51,2,4,2,4,2,N
33597,3,5,0,0,3,1,1,10,17.36,24.54,10456.24,0.14,86,0.04,580.9,426.06,31,55,12,19,10,N
33239,1,1,0,0,1,1,1,5,16.65,4.67,362.64,0.03,21,0.21,20.15,77.71,8,13,6,7,5,N
33275,1,1,0,0,1,1,1,4,8.13,2.0,32.5,0.01,7,0.5,1.81,16.25,1,6,1,4,4,N
32514,3,5,0,0,3,3,3,9,16.47,9.33,1434.82,0.05,35,0.11,79.71,153.73,14,21,9,12,9,N
33698,1,7,1,1,4,1,3,12,14.06,11.92,1997.07,0.06,41,0.08,110.95,167.59,13,28,6,11,13,N
32871,2,3,0,0,2,1,1,7,11.44,10.71,1313.83,0.04,30,0.09,72.99,122.62,15,15,7,10,7,N
33497,0,6,0,0,5,5,1,19,27.89,9.5,2517.23,0.09,54,0.11,139.85,264.97,19,35,15,15,19,N
33584,0,1,0,0,1,1,1,8,15.88,7.0,777.94,0.04,31,0.14,43.22,111.13,10,21,5,7,8,N
32465,6,3,1,1,2,1,1,11,22.46,10.39,2424.6,0.08,54,0.1,134.7,233.38,17,37,9,11,12,Y
32948,19,27,3,17,14,5,6,29,24.53,33.19,27014.43,0.27,160,0.03,1500.8,813.99,59,101,16,18,32,N
33654,0,1,0,0,1,1,1,3,11.63,2.0,46.53,0.01,9,0.5,2.58,23.26,4,5,3,3,3,N
33505,5,5,0,0,3,3,1,10,18.13,7.5,1020.0,0.05,34,0.13,56.67,136.0,15,19,8,8,10,N
32415,15,7,3,7,4,1,1,21,21.19,14.3,4333.9,0.1,69,0.07,240.77,303.07,26,43,10,11,24,N
32513,3,3,1,0,2,2,1,7,17.84,6.19,682.86,0.04,27,0.16,37.94,110.36,11,16,8,9,8,Y
32765,1,3,0,0,2,1,1,7,8.9,7.0,435.89,0.02,18,0.14,24.22,62.27,8,10,4,7,7,N
33776,3,9,0,0,5,4,1,10,22.9,11.69,3127.8,0.09,63,0.09,173.77,267.62,17,46,8,11,10,N
32569,8,3,0,3,2,1,1,19,59.53,8.08,3883.41,0.16,93,0.12,215.74,480.8,42,51,26,10,19,Y
33741,0,7,0,0,4,3,1,11,18.18,11.92,2581.57,0.07,53,0.08,143.42,216.64,13,40,6,11,11,N
33484,0,1,0,0,1,1,1,0,0.0,0.0,0.0,0.0,2,0.0,0.0,2.0,0,2,0,2,0,N
32370,5,1,0,1,1,1,1,7,18.52,6.75,843.89,0.04,32,0.15,46.88,125.02,9,23,6,9,7,N
33376,2,5,0,0,3,3,1,12,18.35,8.33,1274.38,0.05,36,0.12,70.8,152.93,15,21,9,10,12,N
33668,0,1,0,0,1,1,1,5,14.5,6.3,575.67,0.03,24,0.16,31.98,91.38,7,17,5,9,5,N
33422,3,15,0,0,8,5,3,17,20.6,30.38,19007.4,0.21,123,0.03,1055.97,625.76,54,69,16,18,17,N
32814,9,59,0,5,34,22,15,84,45.25,61.67,172104.21,0.93,444,0.02,9561.34,2790.72,187,257,47,31,84,N
32615,9,7,5,4,4,3,1,13,23.66,13.46,4289.42,0.11,67,0.07,238.3,318.58,29,38,14,13,18,Y
33258,1,1,0,1,1,1,1,9,13.9,10.0,1389.74,0.05,34,0.1,77.21,138.97,14,20,7,10,9,N
33635,0,5,0,0,3,2,1,16,20.38,15.68,5012.38,0.11,68,0.06,278.47,319.63,23,45,11,15,16,N
33242,0,1,0,0,1,1,1,4,7.74,1.5,17.41,0.0,5,0.67,0.97,11.61,2,3,2,3,4,N
33737,1,11,0,0,6,5,1,12,14.03,23.1,7484.4,0.11,81,0.04,415.8,324.0,21,60,5,11,12,N
32985,0,1,0,0,1,1,1,3,10.8,2.5,67.5,0.01,9,0.4,3.75,27.0,3,6,3,5,3,N
32707,29,7,10,30,4,4,1,31,90.42,23.23,48777.92,0.7,392,0.04,2709.88,2100.16,144,248,31,10,41,Y
33613,16,33,16,11,21,12,1,84,22.65,104.25,246186.04,0.79,430,0.01,13677.0,2361.5,139,291,18,27,100,N
32624,12,23,13,11,12,2,3,41,60.51,22.95,31869.45,0.46,250,0.04,1770.53,1388.65,81,169,30,17,54,Y
32512,3,3,1,0,2,2,1,7,17.09,4.57,357.2,0.03,20,0.22,19.84,78.14,8,12,7,8,8,Y
32834,5,7,4,0,4,1,1,5,7.21,20.4,3001.83,0.05,36,0.05,166.77,147.15,17,19,5,12,9,N
33002,0,9,0,0,5,5,5,0,0.0,0.0,0.0,0.0,0,0.0,0.0,0.0,0,0,0,0,0,N
33806,1,9,0,0,5,4,1,10,14.25,17.0,4117.85,0.08,62,0.06,228.77,242.23,17,45,5,10,10,N
33734,3,7,0,0,4,2,1,12,13.06,15.94,3316.34,0.07,46,0.06,184.24,208.08,17,29,8,15,12,N
32912,12,13,2,3,7,4,7,18,33.18,11.25,4199.46,0.12,74,0.09,233.3,373.29,27,47,18,15,20,N
33290,13,11,3,5,6,3,1,25,29.42,20.92,12878.64,0.21,121,0.05,715.48,615.58,53,68,19,15,28,N
32850,3,19,0,0,10,6,1,35,58.13,14.41,12073.37,0.28,150,0.07,670.74,837.74,70,80,34,14,35,N
33681,1,1,1,5,1,1,1,11,22.1,14.57,4692.33,0.11,65,0.07,260.69,322.02,24,41,14,17,12,N
33533,11,23,5,8,12,2,1,34,27.19,44.24,53214.67,0.4,210,0.02,2956.37,1202.86,79,131,25,28,39,N
32508,3,7,3,0,4,2,4,7,18.39,9.17,1545.09,0.06,39,0.11,85.84,168.56,15,24,9,11,10,Y
32764,7,5,3,0,3,1,1,17,21.09,13.0,3563.68,0.09,72,0.08,197.98,274.13,26,46,7,7,20,N
33316,1,73,0,0,37,18,18,67,42.08,67.88,193867.69,0.95,466,0.01,10770.43,2856.25,181,285,40,30,67,N
33729,1,5,0,0,3,2,1,8,14.76,9.0,1195.51,0.04,34,0.11,66.42,132.83,9,25,5,10,8,N
33021,0,3,0,0,2,1,1,0,0.0,0.0,0.0,0.0,0,0.0,0.0,0.0,0,0,0,0,0,N
32825,23,18,6,11,10,7,7,39,44.3,18.86,15752.04,0.28,142,0.05,875.11,835.34,55,87,35,24,45,N
32548,5,5,1,0,3,1,1,13,19.01,14.67,4089.46,0.09,58,0.07,227.19,278.83,22,36,12,16,14,Y
33509,2,1,0,0,1,1,1,2,7.74,1.5,17.41,0.0,5,0.67,0.97,11.61,2,3,2,3,2,N
33586,8,1,0,0,1,1,1,25,22.57,32.79,24261.43,0.25,148,0.03,1347.86,740.0,51,97,14,18,25,N
32970,6,16,0,1,10,5,10,29,29.94,20.84,13005.9,0.21,115,0.05,722.55,624.02,33,82,19,24,29,N
32505,36,21,18,43,11,3,1,51,15.89,87.82,122506.36,0.47,279,0.01,6805.91,1395.0,92,187,11,21,69,Y
33113,1,9,3,1,5,2,1,13,9.46,31.42,9341.9,0.1,70,0.03,518.99,297.35,29,41,6,13,16,N
33343,12,187,1,17,94,1,1,10,382.67,13.0,64670.9,1.66,1085,0.08,3592.83,4974.68,22,1063,11,13,11,N
32559,2,1,3,0,1,1,1,3,17.58,6.0,632.92,0.04,27,0.17,35.16,105.49,8,19,6,9,6,Y
33245,0,3,0,0,2,1,1,0,0.0,0.0,0.0,0.0,0,0.0,0.0,0.0,0,0,0,0,0,N
32641,3,1,1,0,1,1,1,3,16.5,2.0,66.0,0.01,11,0.5,3.67,33.0,4,7,4,4,4,Y
32655,21,7,5,9,4,4,1,28,81.88,7.97,5199.37,0.22,121,0.13,288.85,652.47,51,70,32,10,33,Y
33689,0,1,0,0,1,1,1,2,5.89,7.0,288.46,0.01,13,0.14,16.03,41.21,4,9,2,7,2,N
32762,1,3,0,0,2,2,1,10,28.04,7.27,1482.91,0.07,48,0.14,82.38,203.9,20,28,11,8,10,N
32484,12,7,4,6,4,3,3,29,52.95,17.71,16602.83,0.31,175,0.06,922.38,937.57,50,125,24,17,33,N
33569,0,3,0,0,2,1,1,0,9.51,4.0,152.16,0.01,12,0.25,8.45,38.04,4,8,3,6,0,N
32564,3,3,2,0,2,1,1,6,10.38,9.9,1017.71,0.03,27,0.1,56.54,102.8,11,16,5,9,8,Y
33197,7,7,1,3,4,1,3,18,19.14,14.0,3750.95,0.09,57,0.07,208.39,267.93,24,33,12,14,19,N
32608,11,7,1,8,4,2,1,23,23.89,23.0,12637.26,0.18,108,0.04,702.07,549.45,46,62,17,17,24,Y
33746,1,5,0,0,3,2,1,6,17.34,8.25,1180.25,0.05,35,0.12,65.57,143.06,9,26,6,11,6,N
33732,2,4,0,0,3,3,1,11,14.48,12.83,2384.98,0.06,43,0.08,132.5,185.84,11,32,6,14,11,N
33515,0,1,0,0,1,1,1,0,0.0,0.0,0.0,0.0,2,0.0,0.0,2.0,0,2,0,2,0,N
32746,1,7,0,0,4,1,1,10,8.7,21.6,4061.3,0.06,46,0.05,225.63,188.02,18,28,5,12,10,N
33648,1,1,0,5,1,1,1,7,14.02,9.75,1333.23,0.05,35,0.1,74.07,136.74,13,22,6,9,7,N
33216,2,3,0,0,2,1,1,11,18.01,6.25,703.67,0.04,27,0.16,39.09,112.59,10,17,8,10,11,N
32581,6,3,0,2,2,1,1,9,13.68,9.63,1267.48,0.04,31,0.1,70.42,131.69,14,17,8,11,9,N
33003,1,5,0,1,3,2,1,10,10.13,14.0,1984.88,0.05,34,0.07,110.27,141.78,14,20,6,12,10,N
32363,7,1,0,2,1,1,1,7,14.47,10.0,1446.79,0.05,38,0.1,80.38,144.68,8,30,4,10,7,N
32474,8,3,1,7,2,1,1,15,20.68,12.5,3231.69,0.09,62,0.08,179.54,258.54,25,37,9,9,16,Y
33060,0,1,0,0,1,1,1,0,0.0,0.0,0.0,0.0,2,0.0,0.0,2.0,0,2,0,2,0,N
33753,4,25,1,0,13,12,1,28,42.71,21.6,19924.88,0.31,194,0.05,1106.94,922.45,54,140,15,12,29,N
33313,1,1,0,0,1,1,1,10,15.9,6.43,656.91,0.03,25,0.16,36.5,102.19,9,16,7,10,10,N
33643,2,3,0,0,2,2,1,5,9.88,5.25,272.43,0.02,15,0.19,15.14,51.89,6,9,4,7,5,N
33678,5,7,1,4,4,2,1,10,19.92,15.0,4481.73,0.1,67,0.07,248.98,298.78,25,42,10,12,11,N
32803,1,9,0,0,5,4,1,15,30.32,11.33,3894.84,0.11,67,0.09,216.38,343.66,34,33,21,14,15,N
33498,0,6,0,0,5,5,1,19,25.77,10.18,2670.15,0.09,54,0.1,148.34,262.33,19,35,14,15,19,N
33618,20,1,6,2,1,1,1,4,32.9,2.78,253.82,0.03,24,0.36,14.1,91.38,10,14,9,5,10,N
33025,6,35,0,4,18,11,12,59,41.64,39.47,64869.18,0.55,283,0.03,3603.84,1643.48,122,161,34,22,59,N
33697,16,11,0,14,6,1,1,26,35.17,22.8,18281.28,0.27,146,0.04,1015.63,801.81,57,89,25,20,26,N
33619,75,1,4,36,1,1,1,3,33.3,2.0,133.22,0.02,18,0.5,7.4,66.61,9,9,9,4,7,N
33740,1,9,0,0,5,4,1,10,23.26,11.69,3177.45,0.09,64,0.09,176.52,271.87,17,47,8,11,10,N
32679,22,21,38,12,11,9,1,51,63.24,30.76,59840.57,0.65,328,0.03,3324.48,1945.28,136,192,42,19,89,Y
33010,1,11,0,0,6,2,6,18,19.44,20.64,8283.77,0.13,81,0.05,460.21,401.29,34,47,14,17,18,N
33071,2,3,0,0,2,2,1,9,16.35,6.75,744.94,0.04,27,0.15,41.39,110.36,12,15,8,9,9,N
33644,1,3,0,0,2,1,1,5,15.23,5.0,380.74,0.03,20,0.2,21.15,76.15,10,10,7,7,5,N
33334,89,35,25,44,18,4,10,79,40.65,58.45,138851.46,0.79,399,0.02,7713.97,2375.72,173,226,37,25,104,N
32989,1,7,0,0,4,3,1,12,14.9,11.69,2035.55,0.06,41,0.09,113.09,174.17,17,24,8,11,12,N
32994,1,1,0,0,1,1,1,8,12.0,6.67,533.33,0.03,20,0.15,29.63,80.0,8,12,6,10,8,N
33610,0,5,0,0,3,2,1,0,0.0,0.0,0.0,0.0,0,0.0,0.0,0.0,0,0,0,0,0,N
33783,5,23,0,1,12,11,10,28,23.38,30.33,21507.84,0.24,159,0.03,1194.88,709.05,42,117,9,13,28,N
33616,0,1,1,0,1,1,1,2,9.05,2.0,36.19,0.01,7,0.5,2.0,18.09,2,5,2,4,3,N
33708,5,11,0,18,6,5,1,28,37.83,11.63,5117.89,0.15,88,0.09,284.33,440.0,34,54,19,13,28,N
33157,0,3,0,1,2,1,1,3,8.15,3.5,99.85,0.01,9,0.29,5.55,28.53,2,7,2,7,3,N
33007,0,13,0,0,7,5,6,0,0.0,0.0,0.0,0.0,0,0.0,0.0,0.0,0,0,0,0,0,N
33374,1,1,0,0,1,1,1,15,32.8,9.38,2882.46,0.1,70,0.11,160.14,307.46,25,45,12,9,15,N
32918,24,19,2,20,10,5,6,59,38.85,47.92,89204.84,0.62,341,0.02,4955.82,1861.67,115,226,24,20,61,N
33043,1,5,0,0,3,2,3,7,14.31,7.14,729.9,0.03,25,0.14,40.55,102.19,10,15,7,10,7,N
32939,14,10,2,3,7,2,3,27,28.86,15.75,7159.08,0.15,86,0.06,397.73,454.54,27,59,18,21,29,N
33471,2,1,0,6,1,1,1,14,41.04,6.42,1689.97,0.09,62,0.16,93.89,263.37,22,40,12,7,14,N
33628,15,11,0,0,6,5,1,18,26.43,17.45,8053.59,0.15,102,0.06,447.42,461.4,32,70,11,12,18,N
33545,15,5,0,3,3,3,1,13,35.25,13.42,6349.96,0.16,93,0.07,352.78,473.13,34,59,19,15,13,N
32886,11,23,5,6,12,6,12,28,18.52,89.3,147650.89,0.55,325,0.01,8202.83,1653.43,141,184,15,19,33,N
33421,0,1,0,0,1,1,1,0,0.0,0.0,0.0,0.0,0,0.0,0.0,0.0,0,0,0,0,0,N
32902,6,5,1,2,3,1,1,19,16.81,27.43,12644.93,0.15,118,0.04,702.5,461.01,48,70,7,8,20,N
33556,0,3,0,0,2,1,1,6,9.79,14.3,2002.0,0.05,35,0.07,111.22,140.0,13,22,5,11,6,N
33110,0,3,0,0,2,2,1,0,0.0,0.0,0.0,0.0,0,0.0,0.0,0.0,0,0,0,0,0,N
33711,0,1,0,0,1,1,1,0,0.0,0.0,0.0,0.0,2,0.0,0.0,2.0,0,2,0,2,0,N
32846,1,5,0,0,3,3,1,12,21.86,14.0,4284.74,0.1,63,0.07,238.04,306.05,30,33,15,14,12,N
32457,17,17,8,11,9,6,1,47,86.67,27.58,65929.86,0.8,376,0.04,3662.77,2390.44,171,205,62,20,55,N
33382,7,7,0,3,5,5,1,36,30.33,17.78,9587.04,0.18,106,0.06,532.61,539.27,40,66,18,16,36,N
32925,7,5,2,2,3,2,1,9,10.83,19.25,4012.87,0.07,51,0.05,222.94,208.46,21,30,6,11,11,N
33626,4,20,2,2,12,5,1,42,50.06,26.9,36231.7,0.45,219,0.04,2012.87,1346.79,99,120,46,25,44,N
33104,2,13,0,1,7,4,7,18,31.61,18.67,11013.33,0.2,118,0.05,611.85,590.0,48,70,18,14,18,N
33225,1,3,0,0,2,1,1,5,13.33,7.5,750.0,0.03,25,0.13,41.67,100.0,9,16,6,10,5,N
33253,4,27,0,13,14,14,14,34,36.12,34.34,42589.6,0.41,230,0.03,2366.09,1240.23,101,129,25,17,34,N
33400,0,1,0,0,1,1,1,6,15.86,3.5,194.27,0.02,15,0.29,10.79,55.51,6,9,6,7,6,N
32568,50,9,37,18,5,1,1,155,132.94,61.45,501990.12,2.72,1235,0.02,27888.34,8169.17,511,724,79,19,192,Y
32754,23,1,9,3,1,1,1,5,52.7,4.42,1030.06,0.08,49,0.23,57.23,232.99,21,28,19,8,14,N
33156,1,7,0,0,4,3,1,9,8.42,24.0,4849.12,0.07,46,0.04,269.4,202.05,15,31,5,16,9,N
33232,1,5,0,0,3,3,1,5,17.03,4.0,272.46,0.02,19,0.25,15.14,68.11,8,11,6,6,5,N
32759,1,1,0,0,1,1,1,5,25.0,1.8,81.0,0.02,15,0.56,4.5,45.0,6,9,5,3,5,N
33128,5,1,0,15,1,1,1,5,5.8,2.0,23.22,0.0,5,0.5,1.29,11.61,1,4,1,4,5,N
33701,13,11,1,0,6,2,1,23,14.74,29.17,12541.67,0.14,86,0.03,696.76,430.0,35,51,12,20,24,N
33603,0,1,0,0,1,1,1,10,44.27,4.62,943.04,0.07,49,0.22,52.39,204.33,24,25,13,5,10,N
33390,7,3,0,3,2,2,1,21,28.0,17.0,8091.46,0.16,97,0.06,449.53,475.97,34,63,15,15,21,N
33004,1,5,0,1,3,3,1,13,18.07,10.45,1973.69,0.06,43,0.1,109.65,188.87,19,24,10,11,13,N
32974,2,5,0,0,3,2,1,6,17.34,8.25,1180.25,0.05,35,0.12,65.57,143.06,9,26,6,11,6,N
33322,22,13,8,23,7,5,1,18,32.65,14.37,6740.64,0.16,93,0.07,374.48,469.13,39,54,19,14,26,N
33087,1,9,0,0,5,5,1,18,31.67,17.05,9208.55,0.18,109,0.06,511.59,540.01,54,55,19,12,18,N
33045,1,5,0,0,3,2,3,10,14.55,10.11,1487.96,0.05,33,0.1,82.66,147.16,14,19,9,13,10,N
32460,9,11,6,10,6,3,6,33,28.62,39.24,44060.1,0.37,211,0.03,2447.78,1122.93,71,140,19,21,39,N
33166,11,1,0,18,1,1,1,16,63.53,5.67,2040.0,0.12,72,0.18,113.33,360.0,34,38,24,8,16,N
32768,6,9,0,5,5,4,3,23,19.11,23.43,10491.03,0.15,88,0.04,582.83,447.7,37,51,15,19,23,N
32864,0,1,0,0,1,1,1,0,0.0,0.0,0.0,0.0,1,0.0,0.0,0.0,0,1,0,1,0,N
33433,1,7,0,0,4,2,4,6,10.69,9.0,865.9,0.03,26,0.11,48.11,96.21,8,18,4,9,6,N
33418,1,1,0,3,1,1,1,12,5.92,27.5,4477.73,0.05,58,0.04,248.76,162.83,22,36,2,5,12,N
33291,3,5,0,0,3,3,1,18,27.93,20.43,11656.27,0.19,120,0.05,647.57,570.59,44,76,14,13,18,N
33141,7,19,0,4,10,6,1,46,29.4,30.64,27606.4,0.3,194,0.03,1533.69,900.91,78,116,14,11,46,N
32562,54,15,12,27,8,3,1,105,108.11,36.96,147695.29,1.33,666,0.03,8205.29,3996.0,290,376,51,13,117,Y
32496,5,5,2,2,3,1,1,27,31.25,16.0,7999.44,0.17,104,0.06,444.41,499.96,32,72,14,14,29,Y
33413,3,3,0,0,2,1,1,8,9.64,9.6,888.11,0.03,25,0.1,49.34,92.51,12,13,5,8,8,N
32402,4,3,3,0,2,1,1,8,18.7,10.18,1938.6,0.06,41,0.1,107.7,190.4,16,25,11,14,11,N
33379,1,11,0,0,6,1,6,23,21.82,26.11,14874.09,0.19,115,0.04,826.34,569.73,43,72,14,17,23,N
32592,20,3,1,10,2,2,1,28,49.24,12.67,7899.91,0.21,118,0.08,438.88,623.68,57,61,27,12,29,Y
32740,0,21,0,0,11,3,5,0,0.0,0.0,0.0,0.0,0,0.0,0.0,0.0,0,0,0,0,0,N
32650,3,3,0,0,2,1,1,7,12.33,7.2,639.44,0.03,24,0.14,35.52,88.81,9,15,5,8,7,N
32780,18,7,4,27,4,2,3,19,26.4,21.18,11839.59,0.19,109,0.05,657.76,559.09,40,69,17,18,23,N
32753,23,1,9,3,1,1,1,5,52.7,4.42,1030.06,0.08,49,0.23,57.23,232.99,21,28,19,8,14,N
32954,6,3,0,3,2,1,1,9,14.18,10.0,1417.77,0.05,34,0.1,78.77,141.78,10,24,6,12,9,N
33524,2,1,0,2,1,1,1,4,16.45,5.71,537.21,0.03,23,0.18,29.84,94.01,8,15,7,10,4,N
33448,0,11,0,0,6,2,6,0,0.0,0.0,0.0,0.0,0,0.0,0.0,0.0,0,0,0,0,0,N
33009,0,3,0,0,2,2,1,6,11.86,8.67,890.92,0.03,27,0.12,49.5,102.8,13,14,6,8,6,N
33514,2,11,0,0,6,3,3,21,18.85,20.3,7766.26,0.13,74,0.05,431.46,382.57,29,45,15,21,21,N
32882,0,1,0,0,1,1,1,2,11.65,4.0,186.42,0.02,13,0.25,10.36,46.6,4,9,4,8,2,N
32426,13,1,1,6,1,1,1,7,29.83,3.89,451.11,0.04,29,0.26,25.06,116.0,10,19,9,7,8,Y
32376,7,1,0,1,1,1,1,10,21.06,8.36,1470.86,0.06,44,0.12,81.71,176.0,13,31,7,9,10,N
33542,0,3,0,0,2,2,1,9,29.95,3.0,269.58,0.03,23,0.33,14.98,89.86,9,14,9,6,9,N
33426,0,13,0,0,7,1,6,0,0.0,0.0,0.0,0.0,0,0.0,0.0,0.0,0,0,0,0,0,N
32854,3,7,0,0,4,3,1,8,17.72,10.83,2080.0,0.06,48,0.09,115.56,192.0,13,35,6,10,8,N
32741,1,17,0,0,9,1,9,19,19.68,25.33,12630.47,0.17,98,0.04,701.69,498.57,40,58,15,19,19,N
32549,5,7,21,1,4,1,1,20,42.54,15.53,10260.06,0.22,136,0.06,570.0,660.69,44,92,17,12,41,Y
33125,0,3,0,0,2,1,1,0,0.0,0.0,0.0,0.0,0,0.0,0.0,0.0,0,0,0,0,0,N
32578,2,1,13,0,1,1,1,5,61.05,10.0,6105.34,0.2,127,0.1,339.19,610.53,50,77,20,8,18,N
33153,12,27,3,7,15,6,10,34,39.17,59.96,140810.71,0.78,396,0.02,7822.82,2348.57,151,245,34,27,37,N
33438,1,5,0,0,3,1,1,6,6.27,12.0,903.41,0.03,21,0.08,50.19,75.28,8,13,3,9,6,N
33240,1,1,0,0,1,1,1,3,10.6,7.0,519.62,0.02,19,0.14,28.87,74.23,7,12,5,10,3,N
32699,4,5,1,2,3,3,1,16,14.41,16.5,3922.15,0.08,55,0.06,217.9,237.71,22,33,8,12,17,N
33081,0,1,0,0,1,1,1,0,0.0,0.0,0.0,0.0,2,0.0,0.0,2.0,0,2,0,2,0,N
32657,25,15,9,5,8,6,4,73,76.97,31.91,78348.5,0.82,398,0.03,4352.69,2455.63,178,220,53,19,82,Y
33378,5,7,0,0,4,4,1,14,36.67,15.67,9000.18,0.19,112,0.06,500.01,574.48,47,65,21,14,14,N
33637,24,21,7,19,11,5,1,52,55.47,20.81,24023.97,0.38,209,0.05,1334.67,1154.42,71,138,29,17,59,N
32817,10,49,2,4,25,22,19,139,81.59,55.46,250956.7,1.51,706,0.02,13942.04,4525.03,299,407,62,23,141,N
33817,0,1,0,0,1,1,1,15,9.39,38.67,14045.29,0.12,105,0.03,780.29,363.24,29,76,3,8,15,N
33177,15,33,2,49,1,1,1,92,74.33,35.24,92334.31,0.87,426,0.03,5129.68,2619.79,157,269,49,22,94,N
32631,17,3,1,4,2,1,1,41,34.23,32.5,36155.52,0.37,229,0.03,2008.64,1112.48,80,149,16,13,42,N
33357,30,21,7,46,11,3,1,34,45.21,24.8,27807.82,0.37,203,0.04,1544.88,1121.28,93,110,30,16,41,N
32563,8,1,0,4,1,1,1,6,22.5,2.0,90.0,0.02,15,0.5,5.0,45.0,4,11,4,4,6,N
32523,4,5,0,0,3,3,1,14,23.96,9.69,2250.48,0.08,50,0.1,125.03,232.19,21,29,13,12,14,N
33091,1,13,0,0,7,6,1,20,32.91,21.85,15707.85,0.24,137,0.05,872.66,718.97,67,70,23,15,20,N
32763,1,13,0,0,7,3,6,20,17.27,17.55,5319.03,0.1,67,0.06,295.5,303.08,27,40,10,13,20,N
33064,1,5,0,0,3,3,1,5,17.03,4.0,272.46,0.02,19,0.25,15.14,68.11,8,11,6,6,5,N
33491,11,5,4,22,3,2,1,24,22.15,19.96,8828.3,0.15,93,0.05,490.46,442.2,43,50,14,13,28,N
32927,11,9,2,6,5,3,4,24,20.13,28.77,16657.75,0.19,118,0.03,925.43,579.01,44,74,13,17,26,N
33383,2,1,1,0,1,1,1,4,15.86,3.5,194.27,0.02,15,0.29,10.79,55.51,6,9,6,7,5,N
33387,9,11,2,3,6,6,1,43,41.94,16.02,10767.58,0.22,129,0.06,598.2,672.02,47,82,22,15,45,N
33466,3,1,0,2,1,1,1,3,8.72,4.0,139.48,0.01,11,0.25,7.75,34.87,4,7,3,6,3,N
32567,14,5,10,5,3,1,1,16,34.59,16.0,8854.91,0.18,126,0.06,491.94,553.43,52,74,13,8,26,Y
32396,3,1,0,0,1,1,1,3,12.85,3.5,157.4,0.01,13,0.29,8.74,44.97,4,9,4,7,3,N
33137,13,9,2,5,5,1,5,20,11.26,42.25,20101.19,0.16,112,0.02,1116.73,475.77,39,73,6,13,22,N
32870,0,5,0,0,3,1,1,17,17.05,11.25,2157.94,0.06,46,0.09,119.89,191.82,18,28,8,10,17,Y
33797,1,5,0,0,3,2,1,7,19.33,8.57,1420.02,0.06,39,0.12,78.89,165.67,10,29,7,12,7,N
33752,1,7,0,0,4,3,1,8,20.0,10.21,2087.05,0.07,49,0.1,115.95,204.33,13,36,7,11,8,N
32453,2,7,0,0,4,1,1,5,17.92,6.4,734.17,0.04,31,0.16,40.79,114.71,8,23,5,8,5,N
33725,0,5,0,0,3,2,1,10,22.52,9.75,2141.25,0.07,50,0.1,118.96,219.62,12,38,8,13,10,N
33259,3,7,0,0,4,3,1,8,20.0,10.21,2087.05,0.07,49,0.1,115.95,204.33,13,36,7,11,8,N
32926,13,15,1,5,8,6,5,37,34.13,32.11,35212.66,0.37,206,0.03,1956.26,1096.32,71,135,21,19,38,N
33731,1,3,0,0,2,1,1,4,16.07,4.5,325.53,0.02,19,0.22,18.08,72.34,5,14,5,9,4,N
33138,10,17,1,3,9,5,7,28,13.96,25.07,8776.91,0.12,81,0.04,487.61,350.08,27,54,7,13,29,N
32603,22,3,1,19,2,2,1,23,24.41,17.27,7283.26,0.14,96,0.06,404.63,421.66,38,58,11,10,24,N
32375,5,1,0,1,1,1,1,6,19.22,6.19,735.95,0.04,28,0.16,40.89,118.94,9,19,8,11,6,N
32677,17,9,9,8,5,3,3,38,27.67,39.26,42651.03,0.36,207,0.03,2369.5,1086.32,97,110,21,17,47,Y
32962,1,15,0,0,8,1,3,22,20.24,28.5,16441.15,0.19,120,0.04,913.4,576.88,57,63,14,14,22,N
32749,0,46,0,0,29,26,5,0,0.0,0.0,0.0,0.0,0,0.0,0.0,0.0,0,0,0,0,0,N
33659,3,3,0,1,2,1,1,12,15.49,22.5,7840.29,0.12,76,0.04,435.57,348.46,27,49,9,15,12,N
32528,3,3,0,0,2,2,1,8,16.23,4.57,339.34,0.02,19,0.22,18.85,74.23,8,11,7,8,8,N
33202,11,1,0,21,1,1,1,12,49.84,4.47,996.88,0.07,48,0.22,55.38,222.91,23,25,18,7,12,N
32382,4,5,0,0,3,3,1,12,18.58,9.6,1712.42,0.06,40,0.1,95.13,178.38,16,24,10,12,12,N
33008,0,9,0,0,5,4,4,0,0.0,0.0,0.0,0.0,0,0.0,0.0,0.0,0,0,0,0,0,N
33516,0,1,0,0,1,1,1,5,34.06,3.0,306.56,0.03,25,0.33,17.03,102.19,11,14,11,6,5,N
33193,6,5,0,13,3,1,1,12,19.34,11.67,2632.25,0.08,48,0.09,146.24,225.62,20,28,12,14,12,N
33629,16,13,0,1,7,6,6,19,28.97,19.29,10774.31,0.19,115,0.05,598.57,558.67,36,79,14,15,19,N
32924,7,7,2,3,4,2,1,10,10.98,24.0,6324.94,0.09,60,0.04,351.39,263.54,24,36,7,14,12,N
33782,1,7,0,0,4,3,1,8,20.0,10.21,2087.05,0.07,49,0.1,115.95,204.33,13,36,7,11,8,N
33048,10,3,1,0,2,1,1,8,12.69,7.58,729.6,0.03,26,0.13,40.53,96.21,13,13,6,7,9,N
33319,26,9,7,25,5,3,1,22,29.78,16.47,8078.25,0.16,99,0.06,448.79,490.47,40,59,17,14,29,N
32551,7,13,9,9,7,6,1,23,33.28,16.03,8555.65,0.18,111,0.06,475.31,533.62,37,74,15,13,32,Y
33337,79,35,24,56,18,5,15,65,40.85,46.55,88507.21,0.63,326,0.02,4917.07,1901.52,128,198,33,24,89,N
33061,13,1,1,13,1,1,1,12,32.22,14.76,7021.85,0.16,92,0.07,390.1,475.63,33,59,19,17,13,N
32872,0,3,0,0,2,1,1,5,6.18,5.0,154.4,0.01,11,0.2,8.58,30.88,4,7,2,5,5,N
33444,3,37,0,0,19,3,17,26,25.72,48.63,60821.24,0.42,235,0.02,3378.96,1250.65,88,147,19,21,26,N
32836,33,31,9,30,16,4,3,66,29.55,81.12,194483.67,0.8,427,0.01,10804.65,2397.48,169,258,25,24,75,N
33218,13,11,1,41,6,2,3,27,24.16,30.18,21997.42,0.24,141,0.03,1222.08,728.96,54,87,17,19,28,N
33109,0,11,0,0,6,2,4,0,0.0,0.0,0.0,0.0,0,0.0,0.0,0.0,0,0,0,0,0,N
32614,17,11,13,6,6,4,5,23,24.52,21.38,11200.69,0.17,103,0.05,622.26,524.01,38,65,16,18,36,Y
32383,5,3,1,1,2,2,1,7,20.23,4.44,399.66,0.03,22,0.23,22.2,89.92,10,12,9,8,8,N
33699,26,31,3,23,16,11,4,89,52.69,67.41,239416.59,1.18,572,0.01,13300.92,3551.81,187,385,43,31,92,N
32821,5,33,7,6,17,7,9,55,34.37,67.83,158152.05,0.78,409,0.01,8786.22,2331.48,185,224,30,22,62,N
33546,2,5,0,1,3,3,3,15,18.69,8.56,1368.13,0.05,37,0.12,76.01,159.91,14,23,9,11,15,N
32638,11,7,3,6,4,2,3,19,16.85,18.91,6024.01,0.11,67,0.05,334.67,318.58,26,41,11,16,22,Y
33317,31,7,8,23,4,3,3,21,30.02,21.27,13585.43,0.21,120,0.05,754.75,638.63,52,68,22,18,29,N
33577,0,5,0,0,3,3,1,12,15.41,8.17,1027.49,0.04,34,0.12,57.08,125.81,14,20,6,7,12,N
32747,10,1,1,0,1,1,1,2,12.06,1.5,27.14,0.01,7,0.67,1.51,18.09,3,4,3,3,3,N
33167,21,17,4,9,10,2,1,35,23.31,30.11,21129.06,0.23,131,0.03,1173.84,701.84,52,79,19,22,39,N
33799,1,19,0,4,10,9,1,20,29.14,20.35,12066.79,0.2,135,0.05,670.38,592.96,37,98,10,11,20,N
32705,27,7,3,26,4,4,1,53,63.53,40.0,101649.86,0.85,448,0.02,5647.21,2541.25,160,288,34,17,56,N
33131,3,13,4,0,7,7,6,23,25.34,18.21,8406.04,0.15,95,0.05,467.0,461.51,34,61,14,15,27,N
33694,1,1,0,4,1,1,1,7,12.14,6.4,497.34,0.03,21,0.16,27.63,77.71,8,13,5,8,7,N
32492,1,1,0,0,1,1,1,3,9.05,2.0,36.19,0.01,7,0.5,2.0,18.09,2,5,2,4,3,N
33233,3,1,0,46,1,1,1,4,10.63,3.75,149.49,0.01,12,0.27,8.3,39.86,5,7,4,6,4,N
33485,0,1,0,0,1,1,1,0,0.0,0.0,0.0,0.0,2,0.0,0.0,2.0,0,2,0,2,0,N
33758,1,7,0,0,4,3,1,9,27.11,10.2,2820.14,0.09,62,0.1,156.67,276.48,17,45,10,12,9,N
32449,19,17,14,10,9,6,1,33,53.47,15.83,13404.4,0.28,157,0.06,744.69,846.59,57,100,27,15,47,Y
32692,9,17,11,2,9,2,7,33,21.71,36.56,29017.62,0.26,156,0.03,1612.09,793.64,65,91,16,18,44,Y
33600,4,5,0,1,3,1,1,8,13.87,8.25,944.2,0.04,28,0.12,52.46,114.45,9,19,6,11,8,N
32828,53,27,12,22,14,8,8,72,42.52,62.4,165551.69,0.88,451,0.02,9197.32,2653.07,182,269,35,24,84,N
32483,4,1,0,1,1,1,1,7,18.28,7.5,1027.99,0.05,36,0.13,57.11,137.06,15,21,7,7,7,N
33406,14,21,5,36,11,5,5,68,38.68,42.21,68900.96,0.54,285,0.02,3827.83,1632.46,102,183,29,24,73,N
33457,0,5,0,0,3,2,1,5,4.61,13.5,840.64,0.02,18,0.07,46.7,62.27,6,12,2,9,5,N
33492,6,3,0,28,2,1,1,11,18.78,13.33,3338.16,0.08,57,0.08,185.45,250.36,20,37,9,12,11,N
33656,0,1,1,1,1,1,1,1,12.85,3.5,157.4,0.01,13,0.29,8.74,44.97,4,9,4,7,2,N
33222,5,1,0,9,1,1,1,4,18.49,3.5,226.54,0.02,17,0.29,12.59,64.73,7,10,7,7,4,N
33488,6,3,0,30,2,1,1,14,16.16,12.14,2382.41,0.07,48,0.08,132.36,196.2,17,31,7,10,14,N
